[{"type":"Feature","properties":{"name":"Tg_positive","objectType":"annotation"},"geometry":{"type":"MultiPolygon","coordinates":[[[[2580.2,4941.2],[2533.6,4941.2],[2533.6,4987.8],[2580.2,4987.8],[2580.2,4941.2]]],[[[1694.1,5217.7],[1694.1,5264.2],[1740.7,5264.2],[1740.7,5217.7],[1694.1,5217.7]]],[[[1414.3,5309.8],[1414.3,5356.4],[1460.9,5356.4],[1460.9,5309.8],[1414.3,5309.8]]],[[[2765.2,5314.6],[2718.6,5314.6],[2718.6,5361.2],[2765.2,5361.2],[2765.2,5314.6]]],[[[2718.2,5454.3],[2718.1,5454.3],[2718.1,5500.9],[2764.7,5500.9],[2764.7,5454.3],[2764.8,5454.3],[2764.8,5407.8],[2718.2,5407.8],[2718.2,5454.3]]],[[[2764.3,5594.3],[2810.9,5594.3],[2810.9,5547.7],[2811.1,5547.7],[2811.1,5501.1],[2764.5,5501.1],[2764.5,5547.7],[2764.3,5547.7],[2764.3,5547.5],[2717.7,5547.5],[2717.7,5594.1],[2764.3,5594.1],[2764.3,5594.3]]],[[[2904.2,5501.6],[2904.2,5548.2],[2950.8,5548.2],[2950.8,5501.6],[2904.2,5501.6]]],[[[2391.5,5639.5],[2391.3,5639.5],[2391.3,5686.1],[2437.9,5686.1],[2437.9,5639.5],[2438.1,5639.5],[2438.1,5592.9],[2391.5,5592.9],[2391.5,5639.5]]],[[[2484.5,5639.8],[2484.5,5686.4],[2484.3,5686.4],[2484.3,5733],[2530.9,5733],[2530.9,5686.4],[2531.1,5686.4],[2531.1,5639.8],[2484.5,5639.8]]],[[[2251.4,5685.5],[2251.4,5732.1],[2298,5732.1],[2298,5685.5],[2251.4,5685.5]]],[[[2810.4,5687.4],[2763.8,5687.4],[2763.8,5687.2],[2717.2,5687.2],[2717.2,5733.8],[2763.8,5733.8],[2763.8,5734],[2810.4,5734],[2810.4,5734.2],[2857,5734.2],[2857,5687.6],[2810.4,5687.6],[2810.4,5687.4]]],[[[2949.8,5781.3],[2949.8,5827.9],[2949.6,5827.9],[2949.6,5874.4],[2996.2,5874.4],[2996.2,5827.9],[2996.4,5827.9],[2996.4,5781.3],[2949.8,5781.3]]],[[[2715.3,6199.7],[2715.3,6246.2],[2761.9,6246.2],[2761.9,6199.7],[2715.3,6199.7]]],[[[2901.5,6246.9],[2901.5,6293.5],[2948.1,6293.5],[2948.1,6293.7],[2947.9,6293.7],[2947.9,6340.3],[2994.5,6340.3],[2994.5,6293.7],[2994.7,6293.7],[2994.7,6247.1],[2994.8,6247.1],[2994.8,6200.5],[2948.2,6200.5],[2948.2,6200.3],[2901.7,6200.3],[2901.7,6246.9],[2901.5,6246.9]],[[2948.1,6246.9],[2948.2,6246.9],[2948.2,6247.1],[2948.1,6247.1],[2948.1,6246.9]]],[[[2761.7,6246.4],[2761.7,6293],[2808.3,6293],[2808.3,6246.4],[2761.7,6246.4]]],[[[1969.5,6336.5],[1922.9,6336.5],[1922.9,6383.1],[1969.5,6383.1],[1969.5,6336.5]]],[[[2854.4,6386.5],[2854.4,6433.1],[2854.2,6433.1],[2854.2,6479.7],[2900.8,6479.7],[2900.8,6433.1],[2901,6433.1],[2901,6386.5],[2854.4,6386.5]]],[[[3133.7,6480.5],[3133.7,6433.9],[3087.1,6433.9],[3087.1,6433.8],[3040.6,6433.8],[3040.6,6433.6],[3040.7,6433.6],[3040.7,6387],[2994.1,6387],[2994.1,6433.6],[2994,6433.6],[2994,6480.2],[3040.5,6480.2],[3040.5,6480.4],[3087.1,6480.4],[3087.1,6480.5],[3133.7,6480.5]]],[[[944.2,6472.5],[897.6,6472.5],[897.6,6519.1],[897.4,6519.1],[897.4,6565.7],[944,6565.7],[944,6519.1],[944.2,6519.1],[944.2,6472.5]]],[[[2714.3,6525.6],[2714.3,6525.7],[2760.9,6525.7],[2760.9,6479.2],[2714.3,6479.2],[2714.3,6479],[2667.7,6479],[2667.7,6525.6],[2714.3,6525.6]]],[[[1595.6,6661.4],[1595.6,6708],[1642.2,6708],[1642.2,6661.4],[1595.6,6661.4]]],[[[2341,6664.1],[2341,6710.7],[2387.5,6710.7],[2387.5,6664.1],[2341,6664.1]]],[[[1688.6,6708.1],[1642,6708.1],[1642,6754.7],[1688.6,6754.7],[1688.6,6708.1]]],[[[1781.8,6708.6],[1781.8,6755.2],[1781.6,6755.2],[1781.6,6801.8],[1828.2,6801.8],[1828.2,6755.2],[1828.4,6755.2],[1828.4,6708.6],[1781.8,6708.6]]],[[[2107.9,6709.8],[2107.9,6756.4],[2154.5,6756.4],[2154.5,6756.6],[2201,6756.6],[2201,6710],[2154.5,6710],[2154.5,6709.8],[2107.9,6709.8]]],[[[1455.2,6847.2],[1455.2,6893.8],[1501.8,6893.8],[1501.8,6847.2],[1455.2,6847.2]]],[[[2992.4,6852.8],[2992.4,6899.4],[2992.3,6899.4],[2992.3,6946],[3038.8,6946],[3038.8,6899.4],[3039,6899.4],[3039,6852.8],[2992.4,6852.8]]],[[[1268.2,7032.8],[1268.2,7079.4],[1314.8,7079.4],[1314.8,7032.8],[1268.2,7032.8]]],[[[1407.6,7126.4],[1361,7126.4],[1361,7172.9],[1407.6,7172.9],[1407.6,7126.4]]],[[[1780.2,7174.3],[1780.2,7174.5],[1826.8,7174.5],[1826.8,7127.9],[1780.3,7127.9],[1780.3,7127.7],[1733.7,7127.7],[1733.7,7174.3],[1780.2,7174.3]]],[[[2898.2,7131.8],[2851.7,7131.8],[2851.7,7178.4],[2898.2,7178.4],[2898.2,7131.8]]],[[[1919.8,7175],[1919.8,7221.6],[1966.4,7221.6],[1966.4,7175],[1919.8,7175]]],[[[3037.5,7272.3],[3037.5,7318.9],[3084.1,7318.9],[3084.1,7319],[3130.6,7319],[3130.6,7319.2],[3177.2,7319.2],[3177.2,7272.6],[3130.6,7272.6],[3130.6,7272.4],[3084.1,7272.4],[3084.1,7272.3],[3037.5,7272.3]]],[[[2198.8,7315.8],[2198.8,7362.4],[2245.4,7362.4],[2245.4,7315.8],[2198.8,7315.8]]],[[[3037.1,7365.4],[3037.1,7412],[3083.7,7412],[3083.7,7365.4],[3037.1,7365.4]]],[[[1126.9,7451.6],[1126.9,7451.4],[1127.1,7451.4],[1127.1,7404.8],[1080.5,7404.8],[1080.5,7451.4],[1080.3,7451.4],[1080.3,7498],[1126.9,7498],[1126.9,7498.2],[1173.5,7498.2],[1173.5,7451.6],[1126.9,7451.6]]],[[[3083.5,7412.2],[3083.5,7458.8],[3130.1,7458.8],[3130.1,7412.2],[3083.5,7412.2]]],[[[2943.6,7458.3],[2943.6,7504.8],[2990.2,7504.8],[2990.2,7458.3],[2943.6,7458.3]]],[[[2524,7549.9],[2524,7596.5],[2570.6,7596.5],[2570.6,7549.9],[2524,7549.9]]],[[[1452.5,7592.4],[1405.9,7592.4],[1405.9,7638.9],[1452.5,7638.9],[1452.5,7592.4]]],[[[2989.5,7644.8],[2989.5,7691.3],[3036.1,7691.3],[3036.1,7644.8],[2989.5,7644.8]]],[[[1126,7684.5],[1126,7731.1],[1172.6,7731.1],[1172.6,7731.3],[1219.2,7731.3],[1219.2,7684.7],[1172.6,7684.7],[1172.6,7684.5],[1126,7684.5]]],[[[985.6,7870.3],[985.6,7916.9],[985.4,7916.9],[985.4,7963.5],[1032,7963.5],[1032,7916.9],[1032.2,7916.9],[1032.2,7870.3],[985.6,7870.3]]],[[[3035.2,7877.8],[3035.2,7924.4],[3081.8,7924.4],[3081.8,7877.8],[3035.2,7877.8]]],[[[845.2,8102.6],[845.2,8102.7],[891.7,8102.7],[891.7,8102.9],[938.3,8102.9],[938.3,8056.3],[891.8,8056.3],[891.8,8056.1],[845.2,8056.1],[845.2,8056],[845.3,8056],[845.3,8009.4],[798.8,8009.4],[798.8,8056],[798.6,8056],[798.6,8102.6],[845.2,8102.6]]],[[[2382.6,8015.2],[2382.6,8061.8],[2429.2,8061.8],[2429.2,8015.2],[2382.6,8015.2]]],[[[1637.1,8059],[1637.1,8105.6],[1636.9,8105.6],[1636.9,8152.2],[1683.5,8152.2],[1683.5,8105.6],[1683.7,8105.6],[1683.7,8059],[1637.1,8059]]],[[[658.5,8148.6],[658.5,8195.2],[705.1,8195.2],[705.1,8148.6],[658.5,8148.6]]],[[[798.2,8195.7],[844.8,8195.7],[844.8,8195.9],[891.4,8195.9],[891.4,8149.3],[844.8,8149.3],[844.8,8149.1],[798.2,8149.1],[798.2,8195.7]]],[[[518.2,8334.3],[518.2,8287.7],[518.4,8287.7],[518.4,8241.1],[471.8,8241.1],[471.8,8287.7],[471.7,8287.7],[471.7,8287.5],[425.1,8287.5],[425.1,8334.1],[471.6,8334.1],[471.6,8334.3],[518.2,8334.3]]],[[[751.3,8242],[704.7,8242],[704.7,8288.5],[751.3,8288.5],[751.3,8242]]],[[[3080.5,8297.1],[3080.5,8297.3],[3127,8297.3],[3127,8250.7],[3080.5,8250.7],[3080.5,8250.5],[3033.9,8250.5],[3033.9,8297.1],[3080.5,8297.1]]],[[[657.8,8335],[657.8,8381.5],[704.4,8381.5],[704.4,8335],[657.8,8335]]],[[[1915.5,8339.4],[1869,8339.4],[1869,8386],[1915.5,8386],[1915.5,8339.4]]],[[[2474.4,8388.2],[2474.4,8434.8],[2521,8434.8],[2521,8388.2],[2474.4,8388.2]]],[[[378,8427.1],[378,8473.7],[424.6,8473.7],[424.6,8427.1],[378,8427.1]]],[[[564.1,8474.4],[564.1,8474.2],[564.3,8474.2],[564.3,8427.6],[517.7,8427.6],[517.7,8474.2],[517.5,8474.2],[517.5,8520.8],[564.1,8520.8],[564.1,8520.9],[610.7,8520.9],[610.7,8474.4],[564.1,8474.4]]],[[[1728.9,8432.1],[1728.9,8478.6],[1775.5,8478.6],[1775.5,8432.1],[1728.9,8432.1]]],[[[749.6,8708],[749.6,8754.6],[796.2,8754.6],[796.2,8754.7],[796,8754.7],[796,8801.3],[842.6,8801.3],[842.6,8801.5],[889.2,8801.5],[889.2,8754.9],[889.4,8754.9],[889.4,8708.3],[842.8,8708.3],[842.8,8708.1],[796.2,8708.1],[796.2,8708],[749.6,8708]],[[842.8,8754.7],[842.8,8754.9],[842.6,8754.9],[842.6,8754.7],[842.8,8754.7]]],[[[1867.4,8758.7],[1867.4,8805.2],[1867.2,8805.2],[1867.2,8851.8],[1913.8,8851.8],[1913.8,8805.2],[1914,8805.2],[1914,8758.7],[1867.4,8758.7]]],[[[2938.5,8855.8],[2938.5,8902.3],[2985.1,8902.3],[2985.1,8855.8],[2938.5,8855.8]]],[[[1028.4,8895.3],[1028.4,8941.9],[1075,8941.9],[1075,8895.3],[1028.4,8895.3]]],[[[2938.3,8902.2],[2891.7,8902.2],[2891.7,8948.8],[2938.3,8948.8],[2938.3,8902.2]]],[[[1587.2,8944],[1587.2,8990.5],[1633.8,8990.5],[1633.8,8944],[1587.2,8944]]],[[[2938.1,8948.9],[2938.1,8995.5],[2984.7,8995.5],[2984.7,8948.9],[2938.1,8948.9]]],[[[1820,8991.2],[1773.4,8991.2],[1773.4,9037.8],[1820,9037.8],[1820,8991.2]]],[[[2844.8,8995.2],[2844.8,9041.8],[2891.4,9041.8],[2891.4,8995.2],[2844.8,8995.2]]],[[[3170.9,9042.8],[3170.9,8996.2],[3124.3,8996.2],[3124.3,8996],[3077.7,8996],[3077.7,9042.6],[3124.3,9042.6],[3124.3,9042.8],[3170.9,9042.8]]],[[[795,9080.8],[841.6,9080.8],[841.6,9081],[888.2,9081],[888.2,9034.4],[841.6,9034.4],[841.6,9034.2],[795,9034.2],[795,9080.8]]],[[[1074.1,9174.8],[1074.1,9128.2],[1027.6,9128.2],[1027.6,9128.1],[1027.7,9128.1],[1027.7,9081.5],[1027.9,9081.5],[1027.9,9034.9],[981.3,9034.9],[981.3,9081.5],[981.1,9081.5],[981.1,9128.1],[981,9128.1],[981,9174.7],[1027.6,9174.7],[1027.6,9174.8],[1074.1,9174.8]]],[[[1773.2,9037.6],[1726.6,9037.6],[1726.6,9084.2],[1773.2,9084.2],[1773.2,9037.6]]],[[[561.9,9079.9],[561.9,9126.5],[608.5,9126.5],[608.5,9079.9],[561.9,9079.9]]],[[[655.1,9080.3],[655.1,9126.9],[701.7,9126.9],[701.7,9080.3],[655.1,9080.3]]],[[[1353.6,9129.4],[1353.6,9176],[1353.5,9176],[1353.5,9222.6],[1400.1,9222.6],[1400.1,9176],[1400.2,9176],[1400.2,9129.4],[1353.6,9129.4]]],[[[561.6,9173.1],[561.6,9219.7],[608.1,9219.7],[608.1,9173.1],[561.6,9173.1]]],[[[1586.4,9176.7],[1539.8,9176.7],[1539.8,9176.5],[1493.2,9176.5],[1493.2,9223.1],[1493,9223.1],[1493,9269.7],[1539.6,9269.7],[1539.6,9269.9],[1586.2,9269.9],[1586.2,9223.3],[1586.4,9223.3],[1586.4,9176.7]],[[1539.6,9223.1],[1539.8,9223.1],[1539.8,9223.3],[1539.6,9223.3],[1539.6,9223.1]]],[[[375.1,9219],[375.1,9265.6],[421.6,9265.6],[421.6,9265.8],[468.2,9265.8],[468.2,9219.2],[421.6,9219.2],[421.6,9219],[375.1,9219]]],[[[1399.9,9222.8],[1399.9,9269.4],[1446.5,9269.4],[1446.5,9222.8],[1399.9,9222.8]]],[[[2238.4,9225.9],[2238.4,9272.4],[2285,9272.4],[2285,9225.9],[2238.4,9225.9]]],[[[2610.4,9460],[2610.4,9413.4],[2610.5,9413.4],[2610.5,9366.8],[2563.9,9366.8],[2563.9,9413.4],[2563.8,9413.4],[2563.8,9413.2],[2517.2,9413.2],[2517.2,9459.8],[2563.8,9459.8],[2563.8,9460],[2610.4,9460]]],[[[1119.2,9547.8],[1119.2,9594.4],[1165.8,9594.4],[1165.8,9547.8],[1119.2,9547.8]]],[[[2842.4,9647.2],[2795.8,9647.2],[2795.8,9693.8],[2842.4,9693.8],[2842.4,9647.2]]],[[[280,9731.1],[280,9777.7],[326.6,9777.7],[326.6,9731.1],[280,9731.1]]],[[[839,9733.1],[839,9779.7],[838.8,9779.7],[838.8,9826.3],[885.4,9826.3],[885.4,9779.7],[885.6,9779.7],[885.6,9733.1],[839,9733.1]]],[[[745.7,9779.2],[699.1,9779.2],[699.1,9825.8],[745.7,9825.8],[745.7,9779.2]]],[[[325.9,9917.6],[325.9,9964.2],[372.5,9964.2],[372.5,9917.6],[325.9,9917.6]]],[[[2096.1,9923.9],[2049.5,9923.9],[2049.5,9923.8],[2002.9,9923.8],[2002.9,9970.3],[2002.7,9970.3],[2002.7,10016.9],[2049.3,10016.9],[2049.3,10017.1],[2095.9,10017.1],[2095.9,9970.5],[2096.1,9970.5],[2096.1,9923.9]],[[2049.5,9970.5],[2049.3,9970.5],[2049.3,9970.3],[2049.5,9970.3],[2049.5,9970.5]]],[[[418.9,9964.5],[418.9,10011.1],[465.5,10011.1],[465.5,9964.5],[418.9,9964.5]]],[[[325.6,10010.8],[325.6,10057.3],[372.1,10057.3],[372.1,10010.8],[325.6,10010.8]]],[[[465.3,10011.3],[465.3,10057.9],[511.9,10057.9],[511.9,10011.3],[465.3,10011.3]]],[[[2374.9,10111.3],[2328.3,10111.3],[2328.3,10157.9],[2374.9,10157.9],[2374.9,10111.3]]],[[[371.6,10150.7],[371.6,10197.3],[418.2,10197.3],[418.2,10150.7],[371.6,10150.7]]],[[[1348.7,10480.4],[1348.7,10527],[1395.2,10527],[1395.2,10527.1],[1441.8,10527.1],[1441.8,10480.5],[1395.3,10480.5],[1395.3,10480.4],[1395.4,10480.4],[1395.4,10433.8],[1348.8,10433.8],[1348.8,10433.6],[1349,10433.6],[1349,10387],[1302.4,10387],[1302.4,10386.9],[1255.8,10386.9],[1255.8,10433.4],[1255.7,10433.4],[1255.7,10480],[1302.3,10480],[1302.3,10480.2],[1348.8,10480.2],[1348.8,10480.4],[1348.7,10480.4]],[[1302.4,10433.4],[1302.4,10433.6],[1302.3,10433.6],[1302.3,10433.4],[1302.4,10433.4]]],[[[2979.2,10486.2],[2979.2,10486.4],[3025.8,10486.4],[3025.8,10439.8],[3026,10439.8],[3026,10393.2],[2979.4,10393.2],[2979.4,10393],[2932.8,10393],[2932.8,10439.6],[2932.7,10439.6],[2932.7,10486.2],[2979.2,10486.2]],[[2979.4,10439.6],[2979.4,10439.8],[2979.2,10439.8],[2979.2,10439.6],[2979.4,10439.6]]],[[[416.8,10570.1],[416.7,10570.1],[416.7,10616.7],[463.2,10616.7],[463.2,10570.1],[463.4,10570.1],[463.4,10523.5],[416.8,10523.5],[416.8,10570.1]]],[[[2932,10625.8],[2885.4,10625.8],[2885.4,10672.4],[2932,10672.4],[2932,10625.8]]],[[[2651.4,10904.4],[2651.4,10951],[2698,10951],[2698,10904.4],[2651.4,10904.4]]],[[[2418,11043.3],[2418,11089.9],[2464.6,11089.9],[2464.6,11043.3],[2418,11043.3]]],[[[2977,11045.2],[2930.4,11045.2],[2930.4,11091.8],[2977,11091.8],[2977,11045.2]]],[[[2463.4,11369.6],[2463.4,11416.2],[2510,11416.2],[2510,11369.6],[2463.4,11369.6]]],[[[1484.8,11459.1],[1484.8,11505.7],[1531.4,11505.7],[1531.4,11459.1],[1484.8,11459.1]]],[[[1483.3,11878.2],[1436.7,11878.2],[1436.7,11924.8],[1483.3,11924.8],[1483.3,11878.2]]],[[[2554.7,11882.3],[2554.7,11928.9],[2601.3,11928.9],[2601.3,11882.3],[2554.7,11882.3]]],[[[2880.8,11883.5],[2880.8,11930.1],[2927.4,11930.1],[2927.4,11883.5],[2880.8,11883.5]]],[[[2647.7,11929.1],[2601.1,11929.1],[2601.1,11975.7],[2647.7,11975.7],[2647.7,11929.1]]],[[[2647.5,11975.8],[2647.5,12022.4],[2694.1,12022.4],[2694.1,11975.8],[2647.5,11975.8]]],[[[2366.6,12347.5],[2366.6,12394.1],[2413.2,12394.1],[2413.2,12347.5],[2366.6,12347.5]]],[[[2925,12535.7],[2878.4,12535.7],[2878.4,12582.3],[2925,12582.3],[2925,12535.7]]],[[[3418.5,4991.1],[3418.5,5037.7],[3465.1,5037.7],[3465.1,4991.1],[3418.5,4991.1]]],[[[3185.3,5083.4],[3185.3,5130],[3231.8,5130],[3231.8,5130.1],[3278.4,5130.1],[3278.4,5083.6],[3231.9,5083.6],[3231.9,5083.4],[3185.3,5083.4]]],[[[3884,5085.9],[3884,5132.5],[3883.8,5132.5],[3883.8,5179.1],[3930.4,5179.1],[3930.4,5132.5],[3930.6,5132.5],[3930.6,5085.9],[3884,5085.9]]],[[[3790.7,5132.2],[3790.7,5178.8],[3837.3,5178.8],[3837.3,5132.2],[3790.7,5132.2]]],[[[3417.8,5177.4],[3417.8,5224],[3464.4,5224],[3464.4,5177.4],[3417.8,5177.4]]],[[[3883.1,5365.3],[3883.1,5365.5],[3929.7,5365.5],[3929.7,5318.9],[3929.9,5318.9],[3929.9,5272.3],[3930.1,5272.3],[3930.1,5272.5],[3976.7,5272.5],[3976.7,5225.9],[3930.1,5225.9],[3930.1,5225.7],[3883.5,5225.7],[3883.5,5272.3],[3883.3,5272.3],[3883.3,5318.9],[3883.2,5318.9],[3883.2,5318.7],[3836.6,5318.7],[3836.6,5365.3],[3883.1,5365.3]]],[[[3370.1,5549.9],[3416.6,5549.9],[3416.6,5550.1],[3463.2,5550.1],[3463.2,5503.5],[3416.6,5503.5],[3416.6,5503.3],[3370.1,5503.3],[3370.1,5549.9]]],[[[3229.6,5689.1],[3229.6,5735.7],[3276.2,5735.7],[3276.2,5689.1],[3229.6,5689.1]]],[[[3881.8,5691.4],[3835.2,5691.4],[3835.2,5737.9],[3881.8,5737.9],[3881.8,5691.4]]],[[[3881.4,5784.7],[3881.4,5831.3],[3928,5831.3],[3928,5784.7],[3881.4,5784.7]]],[[[3135.8,5875.1],[3135.8,5921.7],[3182.4,5921.7],[3182.4,5875.1],[3135.8,5875.1]]],[[[3228.9,5922],[3228.8,5922],[3228.8,5968.6],[3275.4,5968.6],[3275.4,5922.1],[3275.5,5922.1],[3275.5,5875.5],[3228.9,5875.5],[3228.9,5922]]],[[[3275,6015.4],[3275,6062],[3321.6,6062],[3321.6,6015.4],[3275,6015.4]]],[[[3880.2,6110.8],[3880.2,6157.4],[3926.8,6157.4],[3926.8,6110.8],[3880.2,6110.8]]],[[[3879.7,6250.3],[3833.1,6250.3],[3833.1,6296.9],[3879.7,6296.9],[3879.7,6250.3]]],[[[3227.2,6341.3],[3227.2,6387.9],[3273.8,6387.9],[3273.8,6341.3],[3227.2,6341.3]]],[[[3367,6341.8],[3367,6388.4],[3366.8,6388.4],[3366.8,6435],[3413.4,6435],[3413.4,6388.4],[3413.6,6388.4],[3413.6,6341.8],[3367,6341.8]]],[[[3879.4,6343.5],[3832.8,6343.5],[3832.8,6343.3],[3786.2,6343.3],[3786.2,6389.9],[3832.8,6389.9],[3832.8,6390.1],[3832.6,6390.1],[3832.6,6436.7],[3879.2,6436.7],[3879.2,6390.1],[3879.4,6390.1],[3879.4,6343.5]]],[[[3413.2,6435.1],[3413.2,6481.7],[3459.8,6481.7],[3459.8,6435.1],[3413.2,6435.1]]],[[[3646,6482.4],[3599.4,6482.4],[3599.4,6482.2],[3552.8,6482.2],[3552.8,6528.8],[3599.4,6528.8],[3599.4,6529],[3599.2,6529],[3599.2,6575.6],[3645.8,6575.6],[3645.8,6529],[3646,6529],[3646,6482.4]]],[[[3785.7,6483.1],[3785.7,6529.7],[3832.3,6529.7],[3832.3,6483.1],[3785.7,6483.1]]],[[[3832.1,6529.8],[3832.1,6576.4],[3878.7,6576.4],[3878.7,6529.8],[3832.1,6529.8]]],[[[3691.5,6762.2],[3691.5,6808.8],[3738.1,6808.8],[3738.1,6762.2],[3691.5,6762.2]]],[[[3877.7,6809.3],[3831.1,6809.3],[3831.1,6855.9],[3877.7,6855.9],[3877.7,6809.3]]],[[[3598,6901.5],[3598,6901.7],[3644.6,6901.7],[3644.6,6855.1],[3598,6855.1],[3598,6854.9],[3551.4,6854.9],[3551.4,6901.5],[3598,6901.5]]],[[[3270.7,7179.8],[3224.1,7179.8],[3224.1,7226.4],[3270.7,7226.4],[3270.7,7179.8]]],[[[3410.5,7180.5],[3410.5,7227.1],[3457.1,7227.1],[3457.1,7180.5],[3410.5,7180.5]]],[[[3363.7,7226.9],[3363.7,7273.5],[3410.3,7273.5],[3410.3,7226.9],[3363.7,7226.9]]],[[[3317,7319.7],[3317,7319.9],[3363.6,7319.9],[3363.6,7273.3],[3317,7273.3],[3317,7273.1],[3270.4,7273.1],[3270.4,7319.7],[3317,7319.7]]],[[[3549.9,7274],[3503.3,7274],[3503.3,7320.6],[3549.9,7320.6],[3549.9,7274]]],[[[3596.5,7274.3],[3596.5,7320.9],[3643,7320.9],[3643,7274.3],[3596.5,7274.3]]],[[[3177,7319.4],[3177,7366],[3223.6,7366],[3223.6,7319.4],[3177,7319.4]]],[[[3176.9,7365.8],[3130.3,7365.8],[3130.3,7412.4],[3176.9,7412.4],[3176.9,7365.8]]],[[[3270,7366.3],[3270,7412.9],[3316.6,7412.9],[3316.6,7366.3],[3270,7366.3]]],[[[3176.7,7412.5],[3176.7,7459.1],[3223.3,7459.1],[3223.3,7412.5],[3176.7,7412.5]]],[[[3363,7413],[3316.4,7413],[3316.4,7459.6],[3363,7459.6],[3363,7413]]],[[[3875.4,7415.1],[3875.4,7461.7],[3922,7461.7],[3922,7415.1],[3875.4,7415.1]]],[[[3222.9,7505.9],[3222.9,7552.5],[3269.5,7552.5],[3269.5,7505.9],[3222.9,7505.9]]],[[[3408.8,7646.1],[3362.2,7646.1],[3362.2,7692.7],[3408.8,7692.7],[3408.8,7646.1]]],[[[3827.8,7740.8],[3827.8,7694.3],[3828,7694.3],[3828,7647.7],[3781.4,7647.7],[3781.4,7694.3],[3781.3,7694.3],[3781.3,7740.8],[3781.1,7740.8],[3781.1,7787.4],[3827.7,7787.4],[3827.7,7740.8],[3827.8,7740.8]]],[[[3408.6,7692.9],[3408.6,7739.5],[3455.2,7739.5],[3455.2,7692.9],[3408.6,7692.9]]],[[[3594.9,7693.4],[3548.3,7693.4],[3548.3,7740],[3594.9,7740],[3594.9,7693.4]]],[[[3594.4,7879.7],[3594.4,7833.2],[3594.6,7833.2],[3594.6,7786.6],[3548,7786.6],[3548,7786.4],[3548.2,7786.4],[3548.2,7739.8],[3501.6,7739.8],[3501.6,7786.4],[3501.4,7786.4],[3501.4,7833],[3501.2,7833],[3501.2,7879.6],[3547.8,7879.6],[3547.8,7879.7],[3594.4,7879.7]],[[3548,7833.1],[3547.8,7833.1],[3547.8,7833],[3548,7833],[3548,7833.1]]],[[[3641.3,7740.1],[3594.7,7740.1],[3594.7,7786.7],[3641.3,7786.7],[3641.3,7740.1]]],[[[3315.1,7785.7],[3315.1,7832.3],[3361.7,7832.3],[3361.7,7785.7],[3315.1,7785.7]]],[[[3874.1,7787.8],[3874.1,7834.3],[3920.7,7834.3],[3920.7,7787.8],[3874.1,7787.8]]],[[[3128.1,7971.4],[3128.1,8017.9],[3174.7,8017.9],[3174.7,7971.4],[3128.1,7971.4]]],[[[3733.5,8066.8],[3780.1,8066.8],[3780.1,8066.9],[3826.6,8066.9],[3826.6,8020.3],[3780.1,8020.3],[3780.1,8020.2],[3733.5,8020.2],[3733.5,8020],[3686.9,8020],[3686.9,8019.8],[3640.3,8019.8],[3640.3,8066.4],[3686.9,8066.4],[3686.9,8066.6],[3686.7,8066.6],[3686.7,8113.2],[3733.3,8113.2],[3733.3,8066.6],[3733.5,8066.6],[3733.5,8066.8]]],[[[3547,8066.1],[3547,8112.7],[3593.6,8112.7],[3593.6,8066.1],[3547,8066.1]]],[[[3919.5,8113.8],[3872.9,8113.8],[3872.9,8113.7],[3826.3,8113.7],[3826.3,8160.3],[3872.9,8160.3],[3872.9,8160.4],[3872.7,8160.4],[3872.7,8207],[3919.3,8207],[3919.3,8160.4],[3919.5,8160.4],[3919.5,8113.8]]],[[[3825.8,8253.3],[3826,8253.3],[3826,8206.7],[3779.4,8206.7],[3779.4,8206.5],[3732.8,8206.5],[3732.8,8206.3],[3686.2,8206.3],[3686.2,8252.9],[3732.8,8252.9],[3732.8,8253.1],[3732.6,8253.1],[3732.6,8299.7],[3779.2,8299.7],[3779.2,8299.8],[3825.8,8299.8],[3825.8,8253.3]],[[3779.2,8253.1],[3779.4,8253.1],[3779.4,8253.3],[3779.2,8253.3],[3779.2,8253.1]]],[[[3592.4,8392.3],[3592.4,8438.9],[3638.9,8438.9],[3638.9,8392.3],[3592.4,8392.3]]],[[[3172.9,8437.2],[3126.4,8437.2],[3126.4,8483.8],[3172.9,8483.8],[3172.9,8437.2]]],[[[3824.9,8486.3],[3824.9,8532.9],[3871.5,8532.9],[3871.5,8486.3],[3824.9,8486.3]]],[[[3778.2,8532.8],[3778.2,8579.3],[3824.8,8579.3],[3824.8,8532.8],[3778.2,8532.8]]],[[[3265.6,8577.3],[3219,8577.3],[3219,8623.9],[3265.6,8623.9],[3265.6,8577.3]]],[[[3730.9,8718.9],[3730.9,8765.5],[3777.5,8765.5],[3777.5,8718.9],[3730.9,8718.9]]],[[[3824.1,8719.3],[3824.1,8765.8],[3870.7,8765.8],[3870.7,8719.3],[3824.1,8719.3]]],[[[3357.9,8857.3],[3404.5,8857.3],[3404.5,8810.7],[3404.7,8810.7],[3404.7,8764.1],[3358.1,8764.1],[3358.1,8810.7],[3357.9,8810.7],[3357.9,8810.5],[3311.3,8810.5],[3311.3,8857.1],[3357.9,8857.1],[3357.9,8857.3]]],[[[3684.1,8765.3],[3684.1,8811.9],[3730.7,8811.9],[3730.7,8765.3],[3684.1,8765.3]]],[[[3916.9,8859.2],[3916.9,8812.6],[3917.1,8812.6],[3917.1,8812.8],[3963.7,8812.8],[3963.7,8766.2],[3917.1,8766.2],[3917.1,8766],[3870.5,8766],[3870.5,8812.6],[3870.3,8812.6],[3870.3,8859.2],[3916.9,8859.2]]],[[[3636.9,8951.3],[3590.3,8951.3],[3590.3,8997.9],[3636.9,8997.9],[3636.9,8951.3]]],[[[3683.3,8998.2],[3683.3,9044.8],[3729.9,9044.8],[3729.9,8998.2],[3683.3,8998.2]]],[[[3310.5,9043.3],[3263.9,9043.3],[3263.9,9089.9],[3310.5,9089.9],[3310.5,9043.3]]],[[[3636.2,9184.2],[3636.2,9137.7],[3636.4,9137.7],[3636.4,9137.8],[3683,9137.8],[3683,9091.2],[3636.4,9091.2],[3636.4,9091.1],[3636.5,9091.1],[3636.5,9044.5],[3590,9044.5],[3590,9044.3],[3543.4,9044.3],[3543.4,9044.1],[3496.8,9044.1],[3496.8,9090.7],[3543.4,9090.7],[3543.4,9090.9],[3543.2,9090.9],[3543.2,9137.5],[3589.8,9137.5],[3589.8,9137.7],[3589.6,9137.7],[3589.6,9184.2],[3636.2,9184.2]],[[3590,9091.1],[3589.8,9091.1],[3589.8,9090.9],[3590,9090.9],[3590,9091.1]]],[[[3496.4,9137.3],[3496.4,9183.9],[3543,9183.9],[3543,9137.3],[3496.4,9137.3]]],[[[3775.9,9184.9],[3822.5,9184.9],[3822.5,9185.1],[3869.1,9185.1],[3869.1,9138.5],[3822.5,9138.5],[3822.5,9138.3],[3775.9,9138.3],[3775.9,9184.9]]],[[[3542.9,9184.1],[3542.9,9230.6],[3542.7,9230.6],[3542.7,9277.2],[3589.3,9277.2],[3589.3,9230.7],[3589.4,9230.7],[3589.4,9184.1],[3542.9,9184.1]]],[[[3729,9231.3],[3729,9277.9],[3775.6,9277.9],[3775.6,9231.3],[3729,9231.3]]],[[[3589.1,9277.4],[3589.1,9324],[3635.7,9324],[3635.7,9277.4],[3589.1,9277.4]]],[[[3774.9,9464.3],[3774.9,9464.4],[3821.5,9464.4],[3821.5,9417.8],[3774.9,9417.8],[3774.9,9417.7],[3728.3,9417.7],[3728.3,9464.3],[3774.9,9464.3]]],[[[3868.1,9418.2],[3868.1,9464.8],[3914.7,9464.8],[3914.7,9418.2],[3868.1,9418.2]]],[[[3402.1,9463.1],[3402.1,9509.6],[3448.7,9509.6],[3448.7,9463.1],[3402.1,9463.1]]],[[[3401.9,9509.5],[3355.3,9509.5],[3355.3,9556.1],[3401.9,9556.1],[3401.9,9509.5]]],[[[3308.6,9555.9],[3308.6,9602.5],[3355.2,9602.5],[3355.2,9555.9],[3308.6,9555.9]]],[[[3960.7,9604.7],[3960.7,9558.1],[3914.2,9558.1],[3914.2,9557.9],[3867.6,9557.9],[3867.6,9604.5],[3914.2,9604.5],[3914.2,9604.7],[3914,9604.7],[3914,9651.3],[3960.6,9651.3],[3960.6,9604.7],[3960.7,9604.7]]],[[[3541.3,9649.7],[3541.3,9649.9],[3587.9,9649.9],[3587.9,9603.3],[3541.3,9603.3],[3541.3,9603.1],[3494.7,9603.1],[3494.7,9649.7],[3541.3,9649.7]]],[[[3727.7,9603.8],[3681.1,9603.8],[3681.1,9650.4],[3727.7,9650.4],[3727.7,9603.8]]],[[[3541,9696.5],[3541,9743.1],[3587.6,9743.1],[3587.6,9696.5],[3541,9696.5]]],[[[3447.6,9742.6],[3401.1,9742.6],[3401.1,9789.1],[3447.6,9789.1],[3447.6,9742.6]]],[[[3727,9790.3],[3727,9836.9],[3773.6,9836.9],[3773.6,9790.3],[3727,9790.3]]],[[[3447.3,9835.9],[3447.3,9882.5],[3493.9,9882.5],[3493.9,9882.7],[3540.5,9882.7],[3540.5,9836.1],[3493.9,9836.1],[3493.9,9835.9],[3447.3,9835.9]]],[[[3680.2,9836.7],[3680.2,9883.3],[3726.8,9883.3],[3726.8,9836.7],[3680.2,9836.7]]],[[[3354,9882.1],[3354,9928.7],[3400.5,9928.7],[3400.5,9928.9],[3447.1,9928.9],[3447.1,9882.3],[3400.5,9882.3],[3400.5,9882.1],[3354,9882.1]]],[[[3540.1,9929.4],[3540.1,9976],[3586.7,9976],[3586.7,9929.4],[3540.1,9929.4]]],[[[3260.5,9975],[3260.5,10021.5],[3260.3,10021.5],[3260.3,10068.1],[3306.9,10068.1],[3306.9,10021.5],[3307,10021.5],[3307,9975],[3260.5,9975]]],[[[3539.8,10022.6],[3539.8,10069.2],[3586.4,10069.2],[3586.4,10022.6],[3539.8,10022.6]]],[[[3632.9,10022.9],[3632.9,10069.5],[3679.5,10069.5],[3679.5,10069.7],[3726.1,10069.7],[3726.1,10023.1],[3679.5,10023.1],[3679.5,10022.9],[3632.9,10022.9]]],[[[3353.1,10161.5],[3353.1,10114.9],[3353.3,10114.9],[3353.3,10068.3],[3306.7,10068.3],[3306.7,10114.9],[3306.5,10114.9],[3306.5,10161.5],[3353.1,10161.5]]],[[[3819.1,10070.2],[3819.1,10116.8],[3865.7,10116.8],[3865.7,10116.9],[3912.3,10116.9],[3912.3,10070.4],[3865.7,10070.4],[3865.7,10070.2],[3819.1,10070.2]]],[[[3213.4,10161],[3213.4,10161.1],[3259.9,10161.1],[3259.9,10114.5],[3213.4,10114.5],[3213.4,10114.4],[3166.8,10114.4],[3166.8,10161],[3213.4,10161]]],[[[3679.2,10162.8],[3679,10162.8],[3679,10209.4],[3725.6,10209.4],[3725.6,10162.8],[3725.8,10162.8],[3725.8,10116.2],[3679.2,10116.2],[3679.2,10162.8]]],[[[3631.9,10302.2],[3585.3,10302.2],[3585.3,10348.8],[3631.9,10348.8],[3631.9,10302.2]]],[[[3491.8,10395.1],[3491.8,10441.7],[3538.4,10441.7],[3538.4,10395.1],[3491.8,10395.1]]],[[[3911.1,10396.6],[3911.1,10443.2],[3957.7,10443.2],[3957.7,10396.6],[3911.1,10396.6]]],[[[3957,10582.9],[3910.4,10582.9],[3910.4,10629.5],[3957,10629.5],[3957,10582.9]]],[[[3770.5,10629],[3770.5,10675.6],[3817.1,10675.6],[3817.1,10629],[3770.5,10629]]],[[[3630.5,10675.1],[3630.5,10721.7],[3677.1,10721.7],[3677.1,10675.1],[3630.5,10675.1]]],[[[3444.1,10720.8],[3397.5,10720.8],[3397.5,10720.6],[3350.9,10720.6],[3350.9,10767.2],[3397.5,10767.2],[3397.5,10767.4],[3397.3,10767.4],[3397.3,10814],[3443.9,10814],[3443.9,10767.4],[3444.1,10767.4],[3444.1,10720.8]]],[[[3955.8,10909],[3909.2,10909],[3909.2,10955.6],[3955.8,10955.6],[3955.8,10909]]],[[[3769.3,10955.1],[3769.3,11001.7],[3815.9,11001.7],[3815.9,10955.1],[3769.3,10955.1]]],[[[3535.7,11187],[3535.7,11140.4],[3489.1,11140.4],[3489.1,11140.2],[3442.5,11140.2],[3442.5,11186.8],[3489.1,11186.8],[3489.1,11187],[3488.9,11187],[3488.9,11233.6],[3535.5,11233.6],[3535.5,11187],[3535.7,11187]]],[[[3861.6,11188.4],[3861.6,11234.9],[3861.4,11234.9],[3861.4,11281.5],[3908,11281.5],[3908,11235],[3908.2,11235],[3908.2,11188.4],[3861.6,11188.4]]],[[[3814.7,11281.4],[3814.7,11328],[3861.2,11328],[3861.2,11281.4],[3814.7,11281.4]]],[[[3159.6,12117.5],[3159.4,12117.5],[3159.4,12164.1],[3206,12164.1],[3206,12117.5],[3206.2,12117.5],[3206.2,12070.9],[3159.6,12070.9],[3159.6,12117.5]]],[[[3623.5,12584.9],[3576.9,12584.9],[3576.9,12631.5],[3623.5,12631.5],[3623.5,12584.9]]],[[[3437,12677.4],[3437,12677.5],[3483.6,12677.5],[3483.6,12630.9],[3437,12630.9],[3437,12630.8],[3390.4,12630.8],[3390.4,12677.4],[3437,12677.4]]],[[[3529.2,12910.6],[3482.6,12910.6],[3482.6,12910.4],[3436,12910.4],[3436,12957],[3435.8,12957],[3435.8,13003.6],[3482.4,13003.6],[3482.4,13003.8],[3529,13003.8],[3529,12957.2],[3529.2,12957.2],[3529.2,12910.6]],[[3482.4,12957],[3482.6,12957],[3482.6,12957.2],[3482.4,12957.2],[3482.4,12957]]],[[[3978.7,4667],[3978.7,4713.6],[4025.3,4713.6],[4025.3,4667],[3978.7,4667]]],[[[4211.4,4714.5],[4211.4,4761.1],[4258,4761.1],[4258,4714.5],[4211.4,4714.5]]],[[[4211.3,4760.9],[4164.7,4760.9],[4164.7,4807.5],[4211.3,4807.5],[4211.3,4760.9]]],[[[4163.7,5040.4],[4163.7,5087],[4210.3,5087],[4210.3,5040.4],[4163.7,5040.4]]],[[[4116.9,5086.8],[4116.9,5133.4],[4163.5,5133.4],[4163.5,5086.8],[4116.9,5086.8]]],[[[4209.7,5180.3],[4209.7,5180.1],[4209.9,5180.1],[4209.9,5133.6],[4163.3,5133.6],[4163.3,5180.1],[4163.2,5180.1],[4163.2,5226.7],[4209.7,5226.7],[4209.7,5226.9],[4256.3,5226.9],[4256.3,5180.3],[4209.7,5180.3]]],[[[4022.5,5459.1],[4022.4,5459.1],[4022.4,5505.7],[4069,5505.7],[4069,5459.1],[4069.1,5459.1],[4069.1,5412.5],[4022.5,5412.5],[4022.5,5459.1]]],[[[4487.9,5553.8],[4441.3,5553.8],[4441.3,5600.4],[4487.9,5600.4],[4487.9,5553.8]]],[[[3973.6,6110.9],[3973.6,6064.4],[3973.7,6064.4],[3973.7,6064.5],[4020.3,6064.5],[4020.3,6018],[4020.5,6018],[4020.5,5971.4],[3973.9,5971.4],[3973.9,6017.9],[3973.7,6017.9],[3973.7,6017.8],[3927.2,6017.8],[3927.2,6064.4],[3927,6064.4],[3927,6110.9],[3973.6,6110.9]]],[[[4532.7,6020],[4532.7,6066.6],[4579.3,6066.6],[4579.3,6020],[4579.5,6020],[4579.5,5973.4],[4579.7,5973.4],[4579.7,5926.8],[4533.1,5926.8],[4533.1,5926.7],[4486.5,5926.7],[4486.5,5973.2],[4486.3,5973.2],[4486.3,6019.8],[4532.9,6019.8],[4532.9,6020],[4532.7,6020]],[[4533.1,5973.4],[4532.9,5973.4],[4532.9,5973.3],[4533.1,5973.3],[4533.1,5973.4]]],[[[4019.8,6157.7],[3973.2,6157.7],[3973.2,6204.3],[4019.8,6204.3],[4019.8,6157.7]]],[[[4438.9,6206],[4438.9,6252.6],[4485.5,6252.6],[4485.5,6206],[4438.9,6206]]],[[[4019.1,6344.2],[4019.1,6390.8],[4065.7,6390.8],[4065.7,6344.2],[4019.1,6344.2]]],[[[3971.9,6530.2],[3925.3,6530.2],[3925.3,6576.8],[3971.9,6576.8],[3971.9,6530.2]]],[[[4435.5,7137.6],[4435.5,7137.5],[4388.9,7137.5],[4388.9,7184.1],[4435.5,7184.1],[4435.5,7184.2],[4435.3,7184.2],[4435.3,7230.8],[4481.9,7230.8],[4481.9,7184.2],[4482.1,7184.2],[4482.1,7137.6],[4435.5,7137.6]]],[[[4342.1,7183.7],[4295.5,7183.7],[4295.5,7230.3],[4342.1,7230.3],[4342.1,7183.7]]],[[[4015.7,7322.3],[4015.7,7275.7],[3969.1,7275.7],[3969.1,7275.5],[3922.5,7275.5],[3922.5,7322.1],[3969.1,7322.1],[3969.1,7322.3],[3969,7322.3],[3969,7368.9],[4015.5,7368.9],[4015.5,7322.3],[4015.7,7322.3]]],[[[4154.8,7509.1],[4154.8,7462.5],[4108.2,7462.5],[4108.2,7462.4],[4108.4,7462.4],[4108.4,7415.8],[4061.8,7415.8],[4061.8,7415.6],[4015.2,7415.6],[4015.2,7462.2],[4061.8,7462.2],[4061.8,7462.4],[4061.6,7462.4],[4061.6,7509],[4108.2,7509],[4108.2,7509.1],[4154.8,7509.1]]],[[[3921.9,7461.8],[3921.9,7508.4],[3968.4,7508.4],[3968.4,7461.8],[3921.9,7461.8]]],[[[4341.1,7463.4],[4341.1,7510],[4387.7,7510],[4387.7,7463.4],[4341.1,7463.4]]],[[[4107.7,7602.3],[4107.7,7648.9],[4154.3,7648.9],[4154.3,7602.3],[4107.7,7602.3]]],[[[3967.2,7788.1],[3967.2,7834.7],[3967.1,7834.7],[3967.1,7881.3],[4013.7,7881.3],[4013.7,7834.7],[4013.8,7834.7],[4013.8,7788.1],[3967.2,7788.1]]],[[[3920.1,7927.7],[3920.1,7974.3],[3966.7,7974.3],[3966.7,7927.7],[3920.1,7927.7]]],[[[3966,8114.2],[3966,8160.8],[4012.6,8160.8],[4012.6,8114.2],[4012.8,8114.2],[4012.8,8067.6],[4013,8067.6],[4013,8021],[3966.4,8021],[3966.4,8067.6],[3966.2,8067.6],[3966.2,8067.4],[3919.6,8067.4],[3919.6,8114],[3966.2,8114],[3966.2,8114.2],[3966,8114.2]]],[[[4571.3,8256],[4571.3,8209.4],[4571.5,8209.4],[4571.5,8162.8],[4524.9,8162.8],[4524.9,8209.4],[4524.7,8209.4],[4524.7,8209.2],[4478.1,8209.2],[4478.1,8209.1],[4478.3,8209.1],[4478.3,8162.5],[4431.7,8162.5],[4431.7,8209.1],[4431.5,8209.1],[4431.5,8255.7],[4478.1,8255.7],[4478.1,8255.8],[4524.7,8255.8],[4524.7,8256],[4571.3,8256]]],[[[4245.2,8208.4],[4245.2,8255],[4291.8,8255],[4291.8,8208.4],[4245.2,8208.4]]],[[[4198.4,8254.8],[4198.4,8301.4],[4245,8301.4],[4245,8254.8],[4198.4,8254.8]]],[[[4011.8,8393.7],[4011.8,8347.1],[4011.9,8347.1],[4011.9,8300.5],[3965.4,8300.5],[3965.4,8347.1],[3965.2,8347.1],[3965.2,8393.7],[3965,8393.7],[3965,8440.3],[4011.6,8440.3],[4011.6,8393.7],[4011.8,8393.7]]],[[[4011.4,8440.4],[4011.4,8487],[4058,8487],[4058,8440.4],[4011.4,8440.4]]],[[[4151.2,8440.8],[4104.6,8440.8],[4104.6,8487.4],[4151.2,8487.4],[4151.2,8440.8]]],[[[4476.9,8581.7],[4476.9,8535.2],[4477.1,8535.2],[4477.1,8535.3],[4523.7,8535.3],[4523.7,8535.5],[4570.3,8535.5],[4570.3,8488.9],[4570.4,8488.9],[4570.4,8442.3],[4523.8,8442.3],[4523.8,8442.2],[4477.3,8442.2],[4477.3,8488.7],[4477.1,8488.7],[4477.1,8488.6],[4430.5,8488.6],[4430.5,8535.1],[4430.3,8535.1],[4430.3,8581.7],[4476.9,8581.7]],[[4523.7,8488.7],[4523.8,8488.7],[4523.8,8488.9],[4523.7,8488.9],[4523.7,8488.7]]],[[[4151,8487.5],[4151,8534.1],[4197.6,8534.1],[4197.6,8487.5],[4151,8487.5]]],[[[3917.7,8626.4],[3964.3,8626.4],[3964.3,8626.6],[4010.9,8626.6],[4010.9,8580],[3964.3,8580],[3964.3,8579.8],[3917.7,8579.8],[3917.7,8626.4]]],[[[4523,8675.2],[4523,8721.8],[4522.8,8721.8],[4522.8,8768.4],[4569.4,8768.4],[4569.4,8721.8],[4569.6,8721.8],[4569.6,8675.2],[4569.7,8675.2],[4569.7,8675.4],[4616.3,8675.4],[4616.3,8628.8],[4569.7,8628.8],[4569.7,8628.7],[4569.9,8628.7],[4569.9,8582.1],[4523.3,8582.1],[4523.3,8628.7],[4523.2,8628.7],[4523.2,8628.5],[4476.6,8628.5],[4476.6,8675.1],[4523.2,8675.1],[4523.2,8675.2],[4523,8675.2]]],[[[4150.3,8673.7],[4103.7,8673.7],[4103.7,8673.5],[4057.2,8673.5],[4057.2,8720.1],[4057,8720.1],[4057,8766.7],[4103.6,8766.7],[4103.6,8766.9],[4150.2,8766.9],[4150.2,8720.3],[4150.3,8720.3],[4150.3,8673.7]],[[4103.7,8720.3],[4103.6,8720.3],[4103.6,8720.1],[4103.7,8720.1],[4103.7,8720.3]]],[[[4429.8,8674.9],[4429.8,8721.5],[4476.4,8721.5],[4476.4,8674.9],[4429.8,8674.9]]],[[[4289.9,8721],[4289.9,8767.6],[4336.5,8767.6],[4336.5,8721],[4289.9,8721]]],[[[4476.1,8768.2],[4476.1,8814.8],[4522.6,8814.8],[4522.6,8768.2],[4476.1,8768.2]]],[[[4103.2,8813.4],[4103.2,8860],[4149.8,8860],[4149.8,8860.2],[4196.4,8860.2],[4196.4,8813.6],[4149.8,8813.6],[4149.8,8813.4],[4103.2,8813.4]]],[[[4102.7,8953.2],[4102.7,8999.8],[4149.3,8999.8],[4149.3,8953.2],[4102.7,8953.2]]],[[[4241.9,9093.5],[4241.9,9140.1],[4288.5,9140.1],[4288.5,9093.5],[4288.7,9093.5],[4288.7,9093.6],[4335.3,9093.6],[4335.3,9047.1],[4288.7,9047.1],[4288.7,9046.9],[4288.9,9046.9],[4288.9,9000.3],[4242.3,9000.3],[4242.3,9000.1],[4242.5,9000.1],[4242.5,8953.5],[4195.9,8953.5],[4195.9,9000.1],[4195.7,9000.1],[4195.7,9046.7],[4242.3,9046.7],[4242.3,9046.9],[4242.1,9046.9],[4242.1,9093.5],[4241.9,9093.5]]],[[[4055.6,9139.4],[4102.2,9139.4],[4102.2,9092.8],[4102.4,9092.8],[4102.4,9093],[4149,9093],[4149,9046.4],[4102.4,9046.4],[4102.4,9046.2],[4055.8,9046.2],[4055.8,9046],[4056,9046],[4056,8999.4],[4009.4,8999.4],[4009.4,9046],[4009.2,9046],[4009.2,9092.6],[4055.8,9092.6],[4055.8,9092.8],[4055.6,9092.8],[4055.6,9139.4]]],[[[4195.2,9186.3],[4195.2,9186.5],[4241.8,9186.5],[4241.8,9139.9],[4195.2,9139.9],[4195.2,9139.7],[4148.6,9139.7],[4148.6,9186.3],[4195.2,9186.3]]],[[[4148.1,9326],[4194.7,9326],[4194.7,9279.5],[4194.9,9279.5],[4194.9,9232.9],[4148.3,9232.9],[4148.3,9279.5],[4148.1,9279.5],[4148.1,9279.3],[4101.5,9279.3],[4101.5,9325.9],[4148.1,9325.9],[4148.1,9326]]],[[[4241.3,9279.8],[4241.3,9326.4],[4287.8,9326.4],[4287.8,9326.6],[4287.7,9326.6],[4287.7,9373.1],[4334.3,9373.1],[4334.3,9326.6],[4334.4,9326.6],[4334.4,9280],[4334.6,9280],[4334.6,9233.4],[4288,9233.4],[4288,9233.2],[4241.4,9233.2],[4241.4,9279.8],[4241.3,9279.8]],[[4288,9280],[4287.9,9280],[4287.9,9279.8],[4288,9279.8],[4288,9280]]],[[[3961.8,9278.6],[3915.2,9278.6],[3915.2,9325.2],[3961.8,9325.2],[3961.8,9278.6]]],[[[4054.8,9325.7],[4054.8,9372.3],[4101.3,9372.3],[4101.3,9325.7],[4054.8,9325.7]]],[[[4007.8,9418.7],[4007.8,9465.3],[4054.4,9465.3],[4054.4,9418.7],[4007.8,9418.7]]],[[[4194.2,9419.4],[4194.2,9466],[4240.8,9466],[4240.8,9419.4],[4194.2,9419.4]]],[[[4194,9465.8],[4147.4,9465.8],[4147.4,9512.4],[4194,9512.4],[4194,9465.8]]],[[[4426.9,9466.8],[4426.9,9513.4],[4426.7,9513.4],[4426.7,9560],[4473.3,9560],[4473.3,9513.4],[4473.5,9513.4],[4473.5,9466.8],[4426.9,9466.8]]],[[[3960.4,9651.4],[3960.4,9698],[3960.2,9698],[3960.2,9744.6],[4006.8,9744.6],[4006.8,9698],[4007,9698],[4007,9698.2],[4053.6,9698.2],[4053.6,9698.4],[4100.1,9698.4],[4100.1,9698.5],[4100,9698.5],[4100,9745.1],[4099.8,9745.1],[4099.8,9791.7],[4099.6,9791.7],[4099.6,9791.5],[4053,9791.5],[4053,9838.1],[4099.6,9838.1],[4099.6,9838.3],[4146.2,9838.3],[4146.2,9791.7],[4146.4,9791.7],[4146.4,9745.1],[4146.6,9745.1],[4146.6,9698.5],[4146.7,9698.5],[4146.7,9652],[4146.9,9652],[4146.9,9605.4],[4147.1,9605.4],[4147.1,9605.5],[4193.7,9605.5],[4193.7,9559],[4147.1,9559],[4147.1,9558.8],[4100.5,9558.8],[4100.5,9558.6],[4100.7,9558.6],[4100.7,9512],[4054.1,9512],[4054.1,9511.9],[4007.5,9511.9],[4007.5,9558.4],[4007.3,9558.4],[4007.3,9605],[4007.1,9605],[4007.1,9651.6],[4007,9651.6],[4007,9651.4],[3960.4,9651.4]],[[4100.5,9605.4],[4100.3,9605.4],[4100.3,9652],[4100.1,9652],[4100.1,9651.8],[4053.6,9651.8],[4053.6,9651.6],[4053.7,9651.6],[4053.7,9605],[4053.9,9605],[4053.9,9605.2],[4100.5,9605.2],[4100.5,9605.4]],[[4053.9,9558.6],[4053.9,9558.4],[4054.1,9558.4],[4054.1,9558.6],[4053.9,9558.6]]],[[[4333.4,9559.5],[4286.8,9559.5],[4286.8,9606.1],[4333.4,9606.1],[4333.4,9559.5]]],[[[4519.6,9653.3],[4519.6,9606.7],[4519.7,9606.7],[4519.7,9606.9],[4566.3,9606.9],[4566.3,9560.3],[4566.5,9560.3],[4566.5,9513.7],[4519.9,9513.7],[4519.9,9560.3],[4519.7,9560.3],[4519.7,9560.2],[4473.1,9560.2],[4473.1,9606.7],[4473,9606.7],[4473,9606.6],[4426.4,9606.6],[4426.4,9653.2],[4473,9653.2],[4473,9653.3],[4519.6,9653.3]]],[[[4333.2,9606.2],[4333.2,9652.8],[4379.8,9652.8],[4379.8,9606.2],[4333.2,9606.2]]],[[[4472.6,9699.9],[4472.6,9746.5],[4519.2,9746.5],[4519.2,9699.9],[4472.6,9699.9]]],[[[4379.3,9746],[4332.7,9746],[4332.7,9792.6],[4379.3,9792.6],[4379.3,9746]]],[[[4238.7,9978.4],[4192.1,9978.4],[4192.1,9978.2],[4192.3,9978.2],[4192.3,9931.6],[4145.7,9931.6],[4145.7,9978.2],[4145.5,9978.2],[4145.5,10024.8],[4192.1,10024.8],[4192.1,10025],[4238.7,10025],[4238.7,9978.4]]],[[[4332,9932.3],[4332,9978.9],[4378.6,9978.9],[4378.6,9932.3],[4332,9932.3]]],[[[4052.4,9977.9],[4052.4,10024.5],[4099,10024.5],[4099,9977.9],[4052.4,9977.9]]],[[[4378.4,9979.1],[4378.4,10025.7],[4425,10025.7],[4425,10025.8],[4471.6,10025.8],[4471.6,9979.2],[4425,9979.2],[4425,9979.1],[4378.4,9979.1]]],[[[4285.1,10025.3],[4285.1,10071.9],[4331.7,10071.9],[4331.7,10025.3],[4285.1,10025.3]]],[[[4191.8,10071.5],[4191.8,10118.1],[4238.4,10118.1],[4238.4,10071.5],[4191.8,10071.5]]],[[[4051.7,10210.6],[4051.7,10164],[4051.9,10164],[4051.9,10117.4],[4005.3,10117.4],[4005.3,10164],[4005.1,10164],[4005.1,10210.6],[4004.9,10210.6],[4004.9,10257.2],[4051.5,10257.2],[4051.5,10210.6],[4051.7,10210.6]]],[[[4377.9,10118.8],[4377.9,10165.4],[4424.5,10165.4],[4424.5,10118.8],[4377.9,10118.8]]],[[[4237.8,10211.5],[4237.8,10258.1],[4284.4,10258.1],[4284.4,10211.5],[4237.8,10211.5]]],[[[4470.1,10398.7],[4470.1,10445.3],[4516.7,10445.3],[4516.7,10398.7],[4516.8,10398.7],[4516.8,10398.8],[4563.4,10398.8],[4563.4,10399],[4563.2,10399],[4563.2,10445.6],[4609.8,10445.6],[4609.8,10399],[4610,10399],[4610,10352.4],[4610.2,10352.4],[4610.2,10352.6],[4656.8,10352.6],[4656.8,10306],[4610.2,10306],[4610.2,10305.8],[4563.6,10305.8],[4563.6,10305.7],[4517,10305.7],[4517,10305.5],[4470.4,10305.5],[4470.4,10352.1],[4470.2,10352.1],[4470.2,10398.7],[4470.1,10398.7]],[[4516.8,10352.2],[4516.8,10352.1],[4517,10352.1],[4517,10352.2],[4516.8,10352.2]],[[4563.6,10352.3],[4563.6,10352.4],[4563.4,10352.4],[4563.4,10352.3],[4563.6,10352.3]]],[[[4283.9,10351.4],[4283.9,10398],[4330.5,10398],[4330.5,10351.4],[4283.9,10351.4]]],[[[4283.6,10444.6],[4283.6,10491.2],[4330.2,10491.2],[4330.2,10444.6],[4283.6,10444.6]]],[[[4003.9,10489.9],[3957.3,10489.9],[3957.3,10536.5],[4003.9,10536.5],[4003.9,10489.9]]],[[[4376.6,10537.9],[4376.6,10538.1],[4423.2,10538.1],[4423.2,10491.5],[4376.6,10491.5],[4376.6,10491.3],[4330,10491.3],[4330,10537.9],[4376.6,10537.9]]],[[[4003.4,10629.7],[3956.8,10629.7],[3956.8,10676.3],[4003.4,10676.3],[4003.4,10629.7]]],[[[4143,10677],[4143,10723.6],[4189.6,10723.6],[4189.6,10677],[4143,10677]]],[[[4236.1,10677.3],[4236.1,10723.9],[4282.7,10723.9],[4282.7,10724.1],[4329.3,10724.1],[4329.3,10677.5],[4282.7,10677.5],[4282.7,10677.3],[4236.1,10677.3]]],[[[3956.3,10769.5],[3956.3,10816],[4002.9,10816],[4002.9,10769.5],[3956.3,10769.5]]],[[[4514.9,10911.1],[4514.9,10864.5],[4515.1,10864.5],[4515.1,10817.9],[4515.3,10817.9],[4515.3,10771.3],[4468.7,10771.3],[4468.7,10771.2],[4422.1,10771.2],[4422.1,10817.7],[4421.9,10817.7],[4421.9,10864.3],[4468.5,10864.3],[4468.5,10864.5],[4468.4,10864.5],[4468.4,10911.1],[4514.9,10911.1]],[[4468.5,10817.8],[4468.7,10817.8],[4468.7,10817.9],[4468.5,10817.9],[4468.5,10817.8]]],[[[4328.6,10863.8],[4282,10863.8],[4282,10910.4],[4328.6,10910.4],[4328.6,10863.8]]],[[[4375.2,10864.2],[4375.2,10910.7],[4375,10910.7],[4375,10957.3],[4421.6,10957.3],[4421.6,10910.7],[4421.8,10910.7],[4421.8,10864.2],[4375.2,10864.2]]],[[[4234.6,11096.6],[4234.6,11143.2],[4281.2,11143.2],[4281.2,11096.6],[4234.6,11096.6]]],[[[4280.5,11283.1],[4280.5,11329.7],[4280.3,11329.7],[4280.3,11376.2],[4326.9,11376.2],[4326.9,11329.7],[4327.1,11329.7],[4327.1,11283.1],[4280.5,11283.1]]],[[[4466.7,11330.2],[4420.1,11330.2],[4420.1,11330],[4420.2,11330],[4420.2,11283.4],[4373.7,11283.4],[4373.7,11330],[4373.5,11330],[4373.5,11376.6],[4420.1,11376.6],[4420.1,11376.8],[4466.7,11376.8],[4466.7,11330.2]]],[[[4466.8,11283.8],[4466.8,11330.3],[4513.4,11330.3],[4513.4,11283.8],[4466.8,11283.8]]],[[[4418.2,11889],[4418.2,11842.4],[4418.4,11842.4],[4418.4,11842.6],[4464.9,11842.6],[4464.9,11842.8],[4511.5,11842.8],[4511.5,11842.9],[4558.1,11842.9],[4558.1,11796.4],[4511.5,11796.4],[4511.5,11796.2],[4464.9,11796.2],[4464.9,11796],[4418.4,11796],[4418.4,11795.8],[4371.8,11795.8],[4371.8,11795.7],[4371.9,11795.7],[4371.9,11749.1],[4325.4,11749.1],[4325.4,11795.7],[4325.2,11795.7],[4325.2,11842.3],[4371.8,11842.3],[4371.8,11842.4],[4371.6,11842.4],[4371.6,11889],[4418.2,11889]]],[[[4089.9,12447],[4089.9,12493.6],[4136.5,12493.6],[4136.5,12447],[4089.9,12447]]],[[[4229.6,12447.3],[4183,12447.3],[4183,12493.9],[4229.6,12493.9],[4229.6,12447.3]]],[[[4182.7,12540.5],[4182.7,12587.1],[4229.3,12587.1],[4229.3,12540.5],[4182.7,12540.5]]],[[[4958,4391.1],[4958,4437.7],[4957.8,4437.7],[4957.8,4484.3],[5004.4,4484.3],[5004.4,4437.7],[5004.6,4437.7],[5004.6,4391.1],[4958,4391.1]]],[[[4677.3,4762.6],[4677.3,4762.8],[4723.9,4762.8],[4723.9,4716.2],[4677.3,4716.2],[4677.3,4716],[4630.7,4716],[4630.7,4762.6],[4630.5,4762.6],[4630.5,4762.4],[4583.9,4762.4],[4583.9,4809],[4630.5,4809],[4630.5,4809.2],[4677.1,4809.2],[4677.1,4762.6],[4677.3,4762.6]]],[[[4909.5,4903.4],[4909.5,4950],[4956.1,4950],[4956.1,4903.4],[4909.5,4903.4]]],[[[4815.7,5089.2],[4769.1,5089.2],[4769.1,5135.8],[4815.7,5135.8],[4815.7,5089.2]]],[[[4535,5414.4],[4535,5461],[4581.5,5461],[4581.5,5414.4],[4535,5414.4]]],[[[4720.9,5508.3],[4720.9,5554.9],[4720.8,5554.9],[4720.8,5601.4],[4767.4,5601.4],[4767.4,5554.9],[4767.5,5554.9],[4767.5,5508.3],[4720.9,5508.3]]],[[[4719.1,6020.7],[4719.1,6067.3],[4765.7,6067.3],[4765.7,6020.7],[4719.1,6020.7]]],[[[4578.6,6206.5],[4578.6,6253.1],[4625.2,6253.1],[4625.2,6206.5],[4578.6,6206.5]]],[[[4764.8,6253.6],[4718.2,6253.6],[4718.2,6300.2],[4764.8,6300.2],[4764.8,6253.6]]],[[[4903.3,6580.4],[4903.3,6627],[4949.9,6627],[4949.9,6580.4],[4903.3,6580.4]]],[[[4949.8,6627.1],[4949.8,6673.7],[4996.3,6673.7],[4996.3,6627.1],[4949.8,6627.1]]],[[[4623,6812.1],[4576.4,6812.1],[4576.4,6858.7],[4623,6858.7],[4623,6812.1]]],[[[4855.4,6952.9],[4855.4,6999.4],[4902,6999.4],[4902,6952.9],[4855.4,6952.9]]],[[[4762.1,6999.1],[4762.1,7045.7],[4808.6,7045.7],[4808.6,6999.1],[4762.1,6999.1]]],[[[4668.7,7045.2],[4622.1,7045.2],[4622.1,7091.8],[4668.7,7091.8],[4668.7,7045.2]]],[[[4855,7046],[4855,7092.6],[4901.6,7092.6],[4901.6,7046],[4855,7046]]],[[[4528.6,7138],[4528.6,7184.6],[4528.5,7184.6],[4528.5,7231.2],[4575,7231.2],[4575,7184.6],[4575.2,7184.6],[4575.2,7138],[4528.6,7138]]],[[[4714.6,7278.3],[4714.6,7231.7],[4714.8,7231.7],[4714.8,7185.1],[4668.2,7185.1],[4668.2,7231.7],[4668,7231.7],[4668,7231.5],[4621.5,7231.5],[4621.5,7278.1],[4668,7278.1],[4668,7278.3],[4714.6,7278.3]]],[[[4761.4,7185.4],[4761.4,7232],[4808,7232],[4808,7185.4],[4761.4,7185.4]]],[[[4900.8,7279.1],[4900.8,7325.7],[4947.4,7325.7],[4947.4,7325.9],[4993.9,7325.9],[4993.9,7279.3],[4947.4,7279.3],[4947.4,7279.1],[4900.8,7279.1]]],[[[4807.3,7371.9],[4807.3,7418.5],[4853.9,7418.5],[4853.9,7371.9],[4807.3,7371.9]]],[[[4806.6,7604.7],[4806.6,7558.1],[4806.8,7558.1],[4806.8,7511.5],[4760.2,7511.5],[4760.2,7558.1],[4760,7558.1],[4760,7557.9],[4713.4,7557.9],[4713.4,7604.5],[4760,7604.5],[4760,7604.7],[4806.6,7604.7]]],[[[4899.2,7744.8],[4899.2,7698.2],[4899.4,7698.2],[4899.4,7651.6],[4852.8,7651.6],[4852.8,7698.2],[4852.7,7698.2],[4852.7,7744.8],[4899.2,7744.8]]],[[[4992.6,7651.9],[4946,7651.9],[4946,7698.5],[4992.6,7698.5],[4992.6,7651.9]]],[[[4805,7977.5],[4805,8024.1],[4851.6,8024.1],[4851.6,7977.5],[4805,7977.5]]],[[[4991.4,8024.8],[5038,8024.8],[5038,7978.2],[4991.4,7978.2],[4991.4,7978],[4944.8,7978],[4944.8,8024.6],[4991.4,8024.6],[4991.4,8024.8]]],[[[4758.1,8117.1],[4804.7,8117.1],[4804.7,8070.5],[4758.1,8070.5],[4758.1,8070.3],[4758.3,8070.3],[4758.3,8023.8],[4711.7,8023.8],[4711.7,8070.3],[4711.5,8070.3],[4711.5,8116.9],[4711.4,8116.9],[4711.4,8163.5],[4758,8163.5],[4758,8116.9],[4758.1,8116.9],[4758.1,8117.1]]],[[[4897.9,8117.4],[4897.9,8117.6],[4944.5,8117.6],[4944.5,8071],[4897.9,8071],[4897.9,8070.9],[4851.3,8070.9],[4851.3,8117.4],[4897.9,8117.4]]],[[[4757.8,8163.7],[4757.8,8210.3],[4757.6,8210.3],[4757.6,8256.9],[4804.2,8256.9],[4804.2,8210.3],[4804.4,8210.3],[4804.4,8163.7],[4757.8,8163.7]]],[[[4803.5,8396.8],[4803.5,8443.4],[4850.1,8443.4],[4850.1,8396.8],[4803.5,8396.8]]],[[[4989.8,8397.3],[4943.3,8397.3],[4943.3,8443.9],[4989.8,8443.9],[4989.8,8397.3]]],[[[4896.3,8490.1],[4849.7,8490.1],[4849.7,8536.7],[4896.3,8536.7],[4896.3,8490.1]]],[[[4989.3,8537.2],[4989.3,8583.8],[5035.9,8583.8],[5035.9,8537.2],[4989.3,8537.2]]],[[[4802.8,8583.1],[4802.8,8629.7],[4849.4,8629.7],[4849.4,8583.1],[4802.8,8583.1]]],[[[4521.8,9001.3],[4521.8,9047.9],[4568.4,9047.9],[4568.4,9001.3],[4521.8,9001.3]]],[[[4708.1,9002],[4708.1,9048.6],[4754.7,9048.6],[4754.7,9002],[4708.1,9002]]],[[[4986.9,9189.2],[4940.3,9189.2],[4940.3,9235.8],[4986.9,9235.8],[4986.9,9189.2]]],[[[4893.6,9235.6],[4893.6,9282.2],[4940.2,9282.2],[4940.2,9235.6],[4893.6,9235.6]]],[[[4986.4,9375.5],[4986.4,9328.9],[4939.8,9328.9],[4939.8,9328.8],[4893.3,9328.8],[4893.3,9375.4],[4893.1,9375.4],[4893.1,9422],[4939.7,9422],[4939.7,9422.1],[4986.3,9422.1],[4986.3,9375.5],[4986.4,9375.5]],[[4939.8,9375.4],[4939.8,9375.5],[4939.7,9375.5],[4939.7,9375.4],[4939.8,9375.4]]],[[[4985.9,9515.3],[4985.9,9468.7],[4939.3,9468.7],[4939.3,9468.5],[4892.7,9468.5],[4892.7,9468.4],[4892.9,9468.4],[4892.9,9421.8],[4846.3,9421.8],[4846.3,9468.4],[4846.2,9468.4],[4846.2,9514.9],[4892.7,9514.9],[4892.7,9515.1],[4939.3,9515.1],[4939.3,9515.3],[4985.9,9515.3]]],[[[4939,9561.7],[4892.4,9561.7],[4892.4,9608.3],[4939,9608.3],[4939,9561.7]]],[[[4519.4,9653.5],[4519.4,9700.1],[4566,9700.1],[4566,9653.5],[4519.4,9653.5]]],[[[4938.6,9655],[4938.6,9701.6],[4985.2,9701.6],[4985.2,9655],[4938.6,9655]]],[[[4658.8,9793.8],[4658.6,9793.8],[4658.6,9793.6],[4612,9793.6],[4612,9840.2],[4611.9,9840.2],[4611.9,9840],[4565.3,9840],[4565.3,9886.6],[4565.1,9886.6],[4565.1,9933.2],[4564.9,9933.2],[4564.9,9979.8],[4611.5,9979.8],[4611.5,9933.2],[4611.7,9933.2],[4611.7,9933.3],[4658.3,9933.3],[4658.3,9933.5],[4704.9,9933.5],[4704.9,9933.7],[4704.7,9933.7],[4704.7,9980.3],[4751.3,9980.3],[4751.3,9933.7],[4751.5,9933.7],[4751.5,9887.1],[4751.6,9887.1],[4751.6,9887.3],[4798.2,9887.3],[4798.2,9840.7],[4798.4,9840.7],[4798.4,9840.9],[4845,9840.9],[4845,9841],[4844.8,9841],[4844.8,9887.6],[4844.6,9887.6],[4844.6,9934.2],[4891.2,9934.2],[4891.2,9934.4],[4937.8,9934.4],[4937.8,9934.5],[4984.4,9934.5],[4984.4,9888],[4984.5,9888],[4984.5,9841.4],[4984.7,9841.4],[4984.7,9794.8],[4938.1,9794.8],[4938.1,9794.6],[4891.5,9794.6],[4891.5,9794.4],[4845,9794.4],[4845,9794.3],[4798.4,9794.3],[4798.4,9794.1],[4798.6,9794.1],[4798.6,9747.5],[4798.7,9747.5],[4798.7,9700.9],[4752.1,9700.9],[4752.1,9747.5],[4752,9747.5],[4752,9747.3],[4705.4,9747.3],[4705.4,9747.2],[4658.8,9747.2],[4658.8,9793.8]],[[4658.5,9840.3],[4658.5,9840.2],[4658.6,9840.2],[4658.6,9840.3],[4658.5,9840.3]],[[4705,9840.5],[4705,9840.3],[4705.2,9840.3],[4705.2,9840.5],[4705,9840.5]],[[4705.4,9793.9],[4705.2,9793.9],[4705.2,9793.8],[4705.4,9793.8],[4705.4,9793.9]],[[4751.8,9794.1],[4751.8,9793.9],[4752,9793.9],[4752,9794.1],[4751.8,9794.1]],[[4611.7,9886.6],[4611.9,9886.6],[4611.9,9886.8],[4611.7,9886.8],[4611.7,9886.6]],[[4658.3,9886.8],[4658.5,9886.8],[4658.5,9886.9],[4658.3,9886.9],[4658.3,9886.8]],[[4704.9,9886.9],[4705,9886.9],[4705,9887.1],[4704.9,9887.1],[4704.9,9886.9]],[[4891.2,9887.6],[4891.4,9887.6],[4891.4,9887.8],[4891.2,9887.8],[4891.2,9887.6]],[[4891.4,9841.2],[4891.4,9841],[4891.5,9841],[4891.5,9841.2],[4891.4,9841.2]],[[4938,9841.2],[4938.1,9841.2],[4938.1,9841.4],[4938,9841.4],[4938,9841.2]],[[4751.8,9840.5],[4751.8,9840.7],[4751.6,9840.7],[4751.6,9840.5],[4751.8,9840.5]],[[4938,9887.8],[4938,9888],[4937.8,9888],[4937.8,9887.8],[4938,9887.8]]],[[[4518.2,9979.6],[4518.2,10026.2],[4564.8,10026.2],[4564.8,9979.6],[4518.2,9979.6]]],[[[4890.9,9980.9],[4890.9,10027.5],[4937.4,10027.5],[4937.4,9980.9],[4890.9,9980.9]]],[[[4564.4,10072.7],[4517.9,10072.7],[4517.9,10119.3],[4564.4,10119.3],[4564.4,10072.7]]],[[[4936.4,10307],[4936.4,10260.5],[4936.6,10260.5],[4936.6,10213.9],[4936.8,10213.9],[4936.8,10167.3],[4936.9,10167.3],[4936.9,10120.7],[4890.4,10120.7],[4890.4,10120.5],[4843.8,10120.5],[4843.8,10167.1],[4890.3,10167.1],[4890.3,10167.3],[4890.2,10167.3],[4890.2,10213.9],[4890,10213.9],[4890,10260.5],[4889.8,10260.5],[4889.8,10307],[4936.4,10307]]],[[[4657.3,10166.3],[4610.7,10166.3],[4610.7,10166.1],[4564.1,10166.1],[4564.1,10212.7],[4610.7,10212.7],[4610.7,10212.8],[4610.5,10212.8],[4610.5,10259.4],[4657.1,10259.4],[4657.1,10212.8],[4657.3,10212.8],[4657.3,10166.3]]],[[[4656.9,10259.6],[4656.9,10306.2],[4703.5,10306.2],[4703.5,10259.6],[4656.9,10259.6]]],[[[4749.6,10399.7],[4749.6,10446.3],[4796.2,10446.3],[4796.2,10399.7],[4749.6,10399.7]]],[[[4562.9,10492.2],[4562.9,10538.8],[4609.5,10538.8],[4609.5,10492.2],[4562.9,10492.2]]],[[[5028.2,10633.5],[4981.6,10633.5],[4981.6,10680.1],[5028.2,10680.1],[5028.2,10633.5]]],[[[4795.1,10725.8],[4795.1,10726],[4841.7,10726],[4841.7,10679.4],[4795.1,10679.4],[4795.1,10679.2],[4748.5,10679.2],[4748.5,10725.8],[4795.1,10725.8]]],[[[4934.9,10679.7],[4888.3,10679.7],[4888.3,10726.3],[4934.9,10726.3],[4934.9,10679.7]]],[[[4701.6,10818.6],[4701.6,10772],[4701.8,10772],[4701.8,10725.4],[4655.2,10725.4],[4655.2,10772],[4655,10772],[4655,10818.6],[4701.6,10818.6]]],[[[4561.9,10771.7],[4561.9,10818.3],[4608.5,10818.3],[4608.5,10771.7],[4561.9,10771.7]]],[[[4513.7,11190.8],[4513.7,11237.4],[4560.3,11237.4],[4560.3,11190.8],[4513.7,11190.8]]],[[[4839.7,11238.5],[4839.7,11285.1],[4886.2,11285.1],[4886.2,11238.5],[4839.7,11238.5]]],[[[4792.7,11331.4],[4746.1,11331.4],[4746.1,11378],[4792.7,11378],[4792.7,11331.4]]],[[[4513.1,11377.1],[4513.1,11423.7],[4559.7,11423.7],[4559.7,11377.1],[4513.1,11377.1]]],[[[4932.1,11425.2],[4932.1,11471.8],[4978.7,11471.8],[4978.7,11425.2],[4932.1,11425.2]]],[[[4838.5,11564.5],[4791.9,11564.5],[4791.9,11611],[4838.5,11611],[4838.5,11564.5]]],[[[4511.2,11889.5],[4511.2,11936.1],[4557.8,11936.1],[4557.8,11889.5],[4511.2,11889.5]]],[[[4883.7,11984.1],[4883.5,11984.1],[4883.5,12030.6],[4930.1,12030.6],[4930.1,11984.1],[4930.3,11984.1],[4930.3,11984.2],[4976.8,11984.2],[4976.8,11937.6],[4930.3,11937.6],[4930.3,11937.5],[4883.7,11937.5],[4883.7,11984.1]]],[[[4510.8,11982.7],[4510.8,12029.3],[4557.4,12029.3],[4557.4,11982.7],[4510.8,11982.7]]],[[[4929.7,12123.8],[4929.7,12124],[4976.3,12124],[4976.3,12077.4],[4929.8,12077.4],[4929.8,12077.2],[4883.2,12077.2],[4883.2,12123.8],[4929.7,12123.8]]],[[[4649.6,12309.3],[4696.1,12309.3],[4696.1,12309.5],[4742.7,12309.5],[4742.7,12262.9],[4742.9,12262.9],[4742.9,12263.1],[4789.5,12263.1],[4789.5,12216.5],[4742.9,12216.5],[4742.9,12216.3],[4696.3,12216.3],[4696.3,12262.9],[4696.1,12262.9],[4696.1,12262.7],[4649.6,12262.7],[4649.6,12262.5],[4603,12262.5],[4603,12309.1],[4649.6,12309.1],[4649.6,12309.3]]],[[[4975.8,12217.3],[4975.8,12263.9],[5022.4,12263.9],[5022.4,12217.3],[4975.8,12217.3]]],[[[4929.1,12263.7],[4929.1,12310.3],[4975.6,12310.3],[4975.6,12263.7],[4929.1,12263.7]]],[[[4928.4,12450.1],[4928.4,12496.7],[4975,12496.7],[4975,12496.8],[5021.5,12496.8],[5021.5,12497],[5068.1,12497],[5068.1,12450.4],[5068.3,12450.4],[5068.3,12403.8],[5068.5,12403.8],[5068.5,12357.3],[5068.6,12357.3],[5068.6,12310.7],[5022.1,12310.7],[5022.1,12310.5],[4975.5,12310.5],[4975.5,12357.1],[4975.3,12357.1],[4975.3,12403.7],[4975.1,12403.7],[4975.1,12450.2],[4975,12450.2],[4975,12450.1],[4928.4,12450.1]],[[5021.7,12450.2],[5021.7,12450.4],[5021.5,12450.4],[5021.5,12450.2],[5021.7,12450.2]],[[5021.9,12403.7],[5021.9,12403.8],[5021.7,12403.8],[5021.7,12403.7],[5021.9,12403.7]],[[5022.1,12357.1],[5022.1,12357.2],[5021.9,12357.2],[5021.9,12357.1],[5022.1,12357.1]]],[[[4928,12543.2],[4928,12589.8],[4974.6,12589.8],[4974.6,12543.2],[4928,12543.2]]],[[[4974.1,12683],[4927.5,12683],[4927.5,12729.6],[4974.1,12729.6],[4974.1,12683]]],[[[4693.9,12868.5],[4693.9,12915.1],[4740.5,12915.1],[4740.5,12868.5],[4693.9,12868.5]]],[[[4972.4,13149],[4972.4,13195.6],[5019,13195.6],[5019,13149],[4972.4,13149]]],[[[4972.1,13242.2],[4972.1,13288.8],[4971.9,13288.8],[4971.9,13335.4],[5018.5,13335.4],[5018.5,13288.8],[5018.6,13288.8],[5018.6,13242.2],[4972.1,13242.2]]],[[[5015.6,14127.3],[5015.6,14080.7],[5015.7,14080.7],[5015.7,14034.1],[5015.9,14034.1],[5015.9,13987.5],[4969.3,13987.5],[4969.3,13987.4],[4922.7,13987.4],[4922.7,14033.9],[4922.6,14033.9],[4922.6,14080.5],[4969.1,14080.5],[4969.1,14080.7],[4969,14080.7],[4969,14127.3],[5015.6,14127.3]],[[4969.3,14034.1],[4969.2,14034.1],[4969.2,14034],[4969.3,14034],[4969.3,14034.1]]],[[[5427.2,3461.2],[5427.2,3507.8],[5473.8,3507.8],[5473.8,3461.2],[5427.2,3461.2]]],[[[5332.2,3973.3],[5332.2,4019.9],[5378.8,4019.9],[5378.8,3973.3],[5332.2,3973.3]]],[[[5098.7,4158.6],[5098.7,4112],[5098.9,4112],[5098.9,4065.4],[5052.3,4065.4],[5052.3,4112],[5052.2,4112],[5052.2,4111.8],[5005.6,4111.8],[5005.6,4158.4],[5052.2,4158.4],[5052.2,4158.6],[5098.7,4158.6]]],[[[5517.6,4206.7],[5471.1,4206.7],[5471.1,4253.3],[5517.6,4253.3],[5517.6,4206.7]]],[[[5237.1,4485.3],[5237.1,4531.9],[5283.7,4531.9],[5283.7,4485.3],[5237.1,4485.3]]],[[[5373.4,5417.5],[5373.4,5464.1],[5420,5464.1],[5420,5417.5],[5373.4,5417.5]]],[[[5463.9,6163],[5417.3,6163],[5417.3,6162.8],[5370.7,6162.8],[5370.7,6209.4],[5370.5,6209.4],[5370.5,6256],[5417.1,6256],[5417.1,6256.2],[5463.7,6256.2],[5463.7,6209.6],[5463.9,6209.6],[5463.9,6163]],[[5417.3,6209.6],[5417.1,6209.6],[5417.1,6209.4],[5417.3,6209.4],[5417.3,6209.6]]],[[[5043.8,6441],[5043.8,6441.1],[5090.4,6441.1],[5090.4,6394.5],[5043.8,6394.5],[5043.8,6394.4],[4997.2,6394.4],[4997.2,6441],[5043.8,6441]]],[[[5320.7,7094.1],[5274.1,7094.1],[5274.1,7140.7],[5320.7,7140.7],[5320.7,7094.1]]],[[[5319,7560.1],[5319,7606.7],[5365.6,7606.7],[5365.6,7560.1],[5319,7560.1]]],[[[5365.1,7700.1],[5365.1,7746.7],[5411.7,7746.7],[5411.7,7700.1],[5365.1,7700.1]]],[[[5224.8,7839.1],[5178.2,7839.1],[5178.2,7839],[5178.4,7839],[5178.4,7792.4],[5131.8,7792.4],[5131.8,7792.2],[5085.2,7792.2],[5085.2,7838.8],[5085.1,7838.8],[5085.1,7885.4],[5131.6,7885.4],[5131.6,7885.6],[5178.2,7885.6],[5178.2,7885.7],[5224.8,7885.7],[5224.8,7839.1]],[[5131.8,7838.8],[5131.8,7839],[5131.6,7839],[5131.6,7838.8],[5131.8,7838.8]]],[[[5550.4,7980.1],[5503.8,7980.1],[5503.8,8026.7],[5550.4,8026.7],[5550.4,7980.1]]],[[[5456.9,8073.1],[5456.9,8119.7],[5503.5,8119.7],[5503.5,8073.1],[5456.9,8073.1]]],[[[4990.7,8164.5],[4990.7,8211.1],[5037.3,8211.1],[5037.3,8164.5],[4990.7,8164.5]]],[[[5083.7,8211.3],[5037.1,8211.3],[5037.1,8257.9],[5083.7,8257.9],[5083.7,8211.3]]],[[[5502.8,8259.6],[5502.8,8306.2],[5549.4,8306.2],[5549.4,8259.6],[5502.8,8259.6]]],[[[5083.3,8304.6],[5083.3,8351.2],[5129.9,8351.2],[5129.9,8304.6],[5083.3,8304.6]]],[[[5129.6,8444.6],[5176.2,8444.6],[5176.2,8444.7],[5222.8,8444.7],[5222.8,8398.1],[5176.2,8398.1],[5176.2,8398],[5129.6,8398],[5129.6,8444.6]]],[[[5222.6,8444.9],[5222.6,8491.5],[5269.2,8491.5],[5269.2,8444.9],[5222.6,8444.9]]],[[[5222.2,8538.1],[5222.2,8584.6],[5268.8,8584.6],[5268.8,8538.1],[5222.2,8538.1]]],[[[5454,8865],[5454,8911.6],[5500.5,8911.6],[5500.5,8865],[5454,8865]]],[[[5173.1,9236.6],[5173.1,9283.2],[5219.7,9283.2],[5219.7,9236.6],[5173.1,9236.6]]],[[[5359.3,9283.9],[5359.3,9330.5],[5405.8,9330.5],[5405.8,9283.9],[5359.3,9283.9]]],[[[5498.5,9470.6],[5498.5,9424],[5498.7,9424],[5498.7,9424.2],[5545.2,9424.2],[5545.2,9377.6],[5545.4,9377.6],[5545.4,9377.8],[5592,9377.8],[5592,9331.2],[5545.4,9331.2],[5545.4,9331],[5498.8,9331],[5498.8,9330.8],[5499,9330.8],[5499,9284.2],[5452.4,9284.2],[5452.4,9330.8],[5452.2,9330.8],[5452.2,9377.4],[5452.1,9377.4],[5452.1,9424],[5451.9,9424],[5451.9,9470.6],[5498.5,9470.6]],[[5498.8,9377.6],[5498.7,9377.6],[5498.7,9377.4],[5498.8,9377.4],[5498.8,9377.6]]],[[[5125.8,9422.8],[5125.8,9469.4],[5172.4,9469.4],[5172.4,9469.6],[5219,9469.6],[5219,9423],[5172.4,9423],[5172.4,9422.8],[5125.8,9422.8]]],[[[5405.2,9470.4],[5405.2,9517],[5451.7,9517],[5451.7,9470.4],[5405.2,9470.4]]],[[[5405,9516.8],[5358.4,9516.8],[5358.4,9516.7],[5311.8,9516.7],[5311.8,9563.2],[5358.4,9563.2],[5358.4,9563.4],[5358.2,9563.4],[5358.2,9610],[5404.8,9610],[5404.8,9563.4],[5405,9563.4],[5405,9516.8]]],[[[5218.3,9656.1],[5264.9,9656.1],[5264.9,9656.2],[5311.5,9656.2],[5311.5,9609.6],[5264.9,9609.6],[5264.9,9609.5],[5218.3,9609.5],[5218.3,9656.1]]],[[[5404.6,9610.2],[5404.6,9656.8],[5451.2,9656.8],[5451.2,9610.2],[5404.6,9610.2]]],[[[5450.9,9749.9],[5450.9,9703.3],[5404.3,9703.3],[5404.3,9703.2],[5357.7,9703.2],[5357.7,9703],[5357.9,9703],[5357.9,9656.4],[5311.3,9656.4],[5311.3,9703],[5311.1,9703],[5311.1,9749.6],[5357.7,9749.6],[5357.7,9749.7],[5404.3,9749.7],[5404.3,9749.9],[5450.9,9749.9]]],[[[5264.4,9749.4],[5264.4,9796],[5311,9796],[5311,9749.4],[5264.4,9749.4]]],[[[5496.9,9843.4],[5496.9,9890],[5543.5,9890],[5543.5,9843.4],[5496.9,9843.4]]],[[[5077.4,9934.9],[5030.8,9934.9],[5030.8,9981.5],[5077.4,9981.5],[5077.4,9934.9]]],[[[5309.9,10029.1],[5309.9,10075.7],[5356.5,10075.7],[5356.5,10029.1],[5309.9,10029.1]]],[[[5216.4,10121.9],[5216.4,10168.5],[5263,10168.5],[5263,10121.9],[5216.4,10121.9]]],[[[5076.2,10261],[5029.6,10261],[5029.6,10307.6],[5076.2,10307.6],[5076.2,10261]]],[[[5215.2,10494.6],[5215.1,10494.6],[5215.1,10541.2],[5261.6,10541.2],[5261.6,10494.6],[5261.8,10494.6],[5261.8,10448],[5215.2,10448],[5215.2,10494.6]]],[[[5028.6,10587.1],[5075.1,10587.1],[5075.1,10587.2],[5121.7,10587.2],[5121.7,10540.6],[5075.1,10540.6],[5075.1,10540.5],[5028.6,10540.5],[5028.6,10587.1]]],[[[5354.6,10541.7],[5354.6,10588.3],[5401.2,10588.3],[5401.2,10588.4],[5447.8,10588.4],[5447.8,10541.8],[5401.2,10541.8],[5401.2,10541.7],[5354.6,10541.7]]],[[[5307.9,10588.1],[5307.9,10634.7],[5354.5,10634.7],[5354.5,10588.1],[5307.9,10588.1]]],[[[5587.2,10682.1],[5587.2,10635.5],[5587.4,10635.5],[5587.4,10588.9],[5540.8,10588.9],[5540.8,10635.5],[5540.6,10635.5],[5540.6,10682.1],[5540.5,10682.1],[5540.5,10728.7],[5587,10728.7],[5587,10682.1],[5587.2,10682.1]]],[[[5074.6,10680.4],[5074.6,10727],[5121.2,10727],[5121.2,10680.4],[5074.6,10680.4]]],[[[5307,10820.8],[5260.4,10820.8],[5260.4,10867.4],[5307,10867.4],[5307,10820.8]]],[[[5166.3,11100],[5166.3,11146.6],[5212.8,11146.6],[5212.8,11146.7],[5259.4,11146.7],[5259.4,11100.2],[5212.8,11100.2],[5212.8,11100],[5213,11100],[5213,11053.4],[5213.2,11053.4],[5213.2,11006.8],[5213.4,11006.8],[5213.4,10960.2],[5166.8,10960.2],[5166.8,10960.1],[5120.2,10960.1],[5120.2,10959.9],[5073.6,10959.9],[5073.6,11006.5],[5120.2,11006.5],[5120.2,11006.6],[5120,11006.6],[5120,11053.2],[5119.8,11053.2],[5119.8,11099.8],[5166.4,11099.8],[5166.4,11100],[5166.3,11100]],[[5166.6,11053.2],[5166.6,11053.4],[5166.4,11053.4],[5166.4,11053.2],[5166.6,11053.2]],[[5166.8,11006.8],[5166.6,11006.8],[5166.6,11006.7],[5166.8,11006.7],[5166.8,11006.8]]],[[[5306.2,11053.9],[5306.2,11100.5],[5352.8,11100.5],[5352.8,11053.9],[5306.2,11053.9]]],[[[5072.4,11286],[5072.4,11332.6],[5072.2,11332.6],[5072.2,11332.4],[5025.6,11332.4],[5025.6,11379],[5072.2,11379],[5072.2,11379.2],[5118.8,11379.2],[5118.8,11379.3],[5118.6,11379.3],[5118.6,11425.9],[5165.2,11425.9],[5165.2,11379.3],[5165.4,11379.3],[5165.4,11332.7],[5118.8,11332.7],[5118.8,11332.6],[5119,11332.6],[5119,11286],[5072.4,11286]]],[[[5491.6,11287.5],[5491.6,11334.1],[5491.5,11334.1],[5491.5,11380.7],[5538.1,11380.7],[5538.1,11334.1],[5538.2,11334.1],[5538.2,11334.3],[5584.8,11334.3],[5584.8,11287.7],[5538.2,11287.7],[5538.2,11287.5],[5491.6,11287.5]]],[[[5211.6,11426.1],[5165.1,11426.1],[5165.1,11472.7],[5211.6,11472.7],[5211.6,11426.1]]],[[[5258.2,11426.4],[5258.2,11473],[5304.8,11473],[5304.8,11426.4],[5258.2,11426.4]]],[[[5537.5,11474],[5537.5,11520.6],[5584.1,11520.6],[5584.1,11474],[5537.5,11474]]],[[[5210.8,11659],[5164.2,11659],[5164.2,11705.6],[5210.8,11705.6],[5210.8,11659]]],[[[5257.4,11659.3],[5257.4,11705.9],[5304,11705.9],[5304,11659.3],[5257.4,11659.3]]],[[[5350.5,11659.7],[5350.5,11706.3],[5397.1,11706.3],[5397.1,11659.7],[5350.5,11659.7]]],[[[5583.1,11800.3],[5582.9,11800.3],[5582.9,11846.9],[5629.5,11846.9],[5629.5,11800.3],[5629.7,11800.3],[5629.7,11753.7],[5583.1,11753.7],[5583.1,11753.5],[5536.5,11753.5],[5536.5,11800.1],[5583.1,11800.1],[5583.1,11800.3]]],[[[5023.6,11938],[5023.4,11938],[5023.4,11984.6],[5070,11984.6],[5070,11938],[5070.2,11938],[5070.2,11891.4],[5023.6,11891.4],[5023.6,11938]]],[[[5302.6,12078.6],[5302.6,12032],[5302.8,12032],[5302.8,11985.4],[5256.2,11985.4],[5256.2,11985.3],[5256.3,11985.3],[5256.3,11938.7],[5209.8,11938.7],[5209.8,11985.3],[5209.6,11985.3],[5209.6,12031.8],[5256.2,12031.8],[5256.2,12032],[5256,12032],[5256,12078.6],[5302.6,12078.6]]],[[[5116.4,11984.9],[5116.4,12031.5],[5163,12031.5],[5163,11984.9],[5116.4,11984.9]]],[[[5581.6,12219.4],[5581.6,12172.8],[5535,12172.8],[5535,12172.6],[5488.4,12172.6],[5488.4,12219.2],[5488.2,12219.2],[5488.2,12265.8],[5534.8,12265.8],[5534.8,12266],[5581.4,12266],[5581.4,12219.4],[5581.6,12219.4]],[[5535,12219.4],[5534.8,12219.4],[5534.8,12219.2],[5535,12219.2],[5535,12219.4]]],[[[5394.7,12312],[5394.7,12358.6],[5441.3,12358.6],[5441.3,12312],[5441.5,12312],[5441.5,12265.5],[5441.7,12265.5],[5441.7,12218.9],[5395.1,12218.9],[5395.1,12265.4],[5394.9,12265.4],[5394.9,12312],[5394.7,12312]]],[[[5254.6,12451.3],[5301.2,12451.3],[5301.2,12451.4],[5347.8,12451.4],[5347.8,12404.9],[5301.2,12404.9],[5301.2,12404.7],[5254.6,12404.7],[5254.6,12451.3]]],[[[5254.5,12451.1],[5207.9,12451.1],[5207.9,12497.7],[5254.5,12497.7],[5254.5,12451.1]]],[[[5533.4,12638.5],[5533.4,12638.6],[5580,12638.6],[5580,12592.1],[5533.5,12592.1],[5533.5,12591.9],[5486.9,12591.9],[5486.9,12638.5],[5533.4,12638.5]]],[[[5486.4,12731.5],[5439.8,12731.5],[5439.8,12778.1],[5486.4,12778.1],[5486.4,12731.5]]],[[[5020,12916.3],[5019.8,12916.3],[5019.8,12962.8],[5066.4,12962.8],[5066.4,12916.3],[5066.6,12916.3],[5066.6,12869.7],[5020,12869.7],[5020,12916.3]]],[[[5578.5,13011.3],[5531.9,13011.3],[5531.9,13057.9],[5578.5,13057.9],[5578.5,13011.3]]],[[[5298.6,13103.6],[5298.6,13150.2],[5298.5,13150.2],[5298.5,13196.8],[5345.1,13196.8],[5345.1,13150.2],[5345.2,13150.2],[5345.2,13150.4],[5391.8,13150.4],[5391.8,13150.6],[5438.4,13150.6],[5438.4,13104],[5438.6,13104],[5438.6,13057.4],[5392,13057.4],[5392,13057.2],[5345.4,13057.2],[5345.4,13103.8],[5345.2,13103.8],[5345.2,13103.6],[5298.6,13103.6]],[[5392,13103.8],[5392,13104],[5391.8,13104],[5391.8,13103.8],[5392,13103.8]]],[[[5578.2,13104.5],[5531.6,13104.5],[5531.6,13151.1],[5578.2,13151.1],[5578.2,13104.5]]],[[[5344.9,13197],[5344.9,13243.6],[5391.5,13243.6],[5391.5,13197],[5344.9,13197]]],[[[5158.4,13289.5],[5205,13289.5],[5205,13289.6],[5251.6,13289.6],[5251.6,13243],[5205,13243],[5205,13242.9],[5158.4,13242.9],[5158.4,13289.5]]],[[[5437.7,13290.5],[5437.7,13290.3],[5437.9,13290.3],[5437.9,13243.7],[5391.3,13243.7],[5391.3,13290.3],[5391.1,13290.3],[5391.1,13336.9],[5437.7,13336.9],[5437.7,13337.1],[5484.3,13337.1],[5484.3,13290.5],[5437.7,13290.5]]],[[[5531.1,13244.1],[5484.5,13244.1],[5484.5,13290.7],[5531.1,13290.7],[5531.1,13244.1]]],[[[5343.7,13569.5],[5343.7,13569.6],[5390.3,13569.6],[5390.3,13569.8],[5436.9,13569.8],[5436.9,13523.2],[5437,13523.2],[5437,13476.6],[5390.5,13476.6],[5390.5,13476.5],[5390.6,13476.5],[5390.6,13429.9],[5344,13429.9],[5344,13476.5],[5343.9,13476.5],[5343.9,13523.1],[5343.7,13523.1],[5343.7,13522.9],[5297.1,13522.9],[5297.1,13569.5],[5343.7,13569.5]],[[5390.3,13523.1],[5390.4,13523.1],[5390.4,13523.2],[5390.3,13523.2],[5390.3,13523.1]]],[[[5483.4,13570.2],[5530,13570.2],[5530,13570.3],[5576.6,13570.3],[5576.6,13523.7],[5576.8,13523.7],[5576.8,13477.2],[5530.2,13477.2],[5530.2,13477],[5483.6,13477],[5483.6,13523.6],[5483.4,13523.6],[5483.4,13570.2]],[[5530,13523.6],[5530.2,13523.6],[5530.2,13523.7],[5530,13523.7],[5530,13523.6]]],[[[5017.3,13615],[5017.3,13661.6],[5063.9,13661.6],[5063.9,13615],[5017.3,13615]]],[[[5157,13615.5],[5157,13662.1],[5203.6,13662.1],[5203.6,13615.5],[5157,13615.5]]],[[[5436.3,13709.7],[5482.9,13709.7],[5482.9,13663.2],[5483.1,13663.2],[5483.1,13616.6],[5436.5,13616.6],[5436.5,13663.2],[5436.4,13663.2],[5436.4,13663],[5389.8,13663],[5389.8,13709.6],[5436.3,13709.6],[5436.3,13709.7]]],[[[5203.4,13662.3],[5203.4,13708.9],[5250,13708.9],[5250,13662.3],[5203.4,13662.3]]],[[[5342.7,13802.6],[5342.7,13849.2],[5389.3,13849.2],[5389.3,13849.3],[5435.8,13849.3],[5435.8,13802.7],[5436,13802.7],[5436,13756.2],[5389.4,13756.2],[5389.4,13756],[5389.6,13756],[5389.6,13709.4],[5343,13709.4],[5343,13756],[5342.8,13756],[5342.8,13802.6],[5342.7,13802.6]],[[5389.4,13802.6],[5389.4,13802.7],[5389.3,13802.7],[5389.3,13802.6],[5389.4,13802.6]]],[[[5482.8,13709.9],[5482.8,13756.5],[5529.3,13756.5],[5529.3,13709.9],[5482.8,13709.9]]],[[[5435.7,13849.5],[5435.7,13896.1],[5435.5,13896.1],[5435.5,13942.7],[5482.1,13942.7],[5482.1,13896.1],[5482.3,13896.1],[5482.3,13849.5],[5435.7,13849.5]]],[[[5528.8,13849.8],[5528.8,13896.4],[5528.7,13896.4],[5528.7,13943],[5575.2,13943],[5575.2,13943.2],[5621.8,13943.2],[5621.8,13896.6],[5575.2,13896.6],[5575.2,13896.4],[5575.4,13896.4],[5575.4,13849.8],[5528.8,13849.8]]],[[[5295.6,13942],[5249,13942],[5249,13941.8],[5249.2,13941.8],[5249.2,13895.2],[5202.6,13895.2],[5202.6,13895],[5156,13895],[5156,13941.6],[5155.8,13941.6],[5155.8,13988.2],[5202.4,13988.2],[5202.4,13988.4],[5249,13988.4],[5249,13988.6],[5295.6,13988.6],[5295.6,13942]],[[5202.6,13941.8],[5202.4,13941.8],[5202.4,13941.6],[5202.6,13941.6],[5202.6,13941.8]]],[[[5294.5,14268.1],[5294.5,14268.2],[5341.1,14268.2],[5341.1,14221.7],[5294.6,14221.7],[5294.6,14221.5],[5248,14221.5],[5248,14268.1],[5294.5,14268.1]]],[[[5108,14267.4],[5061.5,14267.4],[5061.5,14314],[5108,14314],[5108,14267.4]]],[[[5201.2,14267.9],[5201.2,14314.5],[5247.8,14314.5],[5247.8,14267.9],[5201.2,14267.9]]],[[[5567.8,3228.8],[5567.8,3275.4],[5614.4,3275.4],[5614.4,3275.6],[5661,3275.6],[5661,3229],[5614.4,3229],[5614.4,3228.8],[5567.8,3228.8]]],[[[5799.7,3509.2],[5799.7,3555.7],[5846.3,3555.7],[5846.3,3509.2],[5799.7,3509.2]]],[[[6169.6,4255.8],[6169.6,4302.4],[6169.4,4302.4],[6169.4,4349],[6216,4349],[6216,4302.4],[6216.2,4302.4],[6216.2,4255.8],[6169.6,4255.8]]],[[[6116.2,6119],[6116.2,6165.6],[6162.8,6165.6],[6162.8,6119],[6116.2,6119]]],[[[6115.3,6351.9],[6115.3,6398.5],[6161.9,6398.5],[6161.9,6351.9],[6115.3,6351.9]]],[[[6208.3,6398.8],[6208.3,6445.4],[6254.9,6445.4],[6254.9,6398.8],[6208.3,6398.8]]],[[[5741.5,6676.4],[5694.9,6676.4],[5694.9,6723],[5741.5,6723],[5741.5,6676.4]]],[[[6066.5,6957.3],[6066.5,7003.9],[6113.1,7003.9],[6113.1,6957.3],[6066.5,6957.3]]],[[[5971.8,7422.6],[5971.8,7376],[5925.3,7376],[5925.3,7375.9],[5878.7,7375.9],[5878.7,7422.5],[5878.5,7422.5],[5878.5,7469],[5925.1,7469],[5925.1,7422.5],[5925.3,7422.5],[5925.3,7422.6],[5971.8,7422.6]]],[[[6157.8,7470.1],[6157.8,7516.7],[6204.4,7516.7],[6204.4,7470.1],[6157.8,7470.1]]],[[[5598,7700.8],[5551.4,7700.8],[5551.4,7747.3],[5598,7747.3],[5598,7700.8]]],[[[6063.5,7795.8],[6063.5,7795.6],[6016.9,7795.6],[6016.9,7842.2],[6063.5,7842.2],[6063.5,7842.4],[6063.3,7842.4],[6063.3,7889],[6109.9,7889],[6109.9,7842.4],[6110.1,7842.4],[6110.1,7795.8],[6063.5,7795.8]]],[[[5690.5,7887.6],[5690.5,7934.2],[5737.1,7934.2],[5737.1,7887.6],[5690.5,7887.6]]],[[[5736.7,7980.9],[5736.7,8027.5],[5783.3,8027.5],[5783.3,7980.9],[5736.7,7980.9]]],[[[5829.4,8120.9],[5782.8,8120.9],[5782.8,8167.4],[5829.4,8167.4],[5829.4,8120.9]]],[[[5549.5,8213.2],[5549.5,8259.8],[5596.1,8259.8],[5596.1,8213.2],[5549.5,8213.2]]],[[[5781.9,8353.8],[5781.9,8400.4],[5828.5,8400.4],[5828.5,8353.8],[5781.9,8353.8]]],[[[6061.1,8447.8],[6014.5,8447.8],[6014.5,8494.4],[6061.1,8494.4],[6061.1,8447.8]]],[[[5687.2,8772.7],[5687.2,8819.3],[5733.8,8819.3],[5733.8,8772.7],[5687.2,8772.7]]],[[[5593.7,8865.5],[5593.7,8912.1],[5640.3,8912.1],[5640.3,8865.5],[5593.7,8865.5]]],[[[5826.5,8912.8],[5779.9,8912.8],[5779.9,8959.4],[5826.5,8959.4],[5826.5,8912.8]]],[[[5593.4,8958.7],[5593.4,9005.3],[5640,9005.3],[5640,8958.7],[5593.4,8958.7]]],[[[6012.6,8960.2],[6012.6,9006.8],[6012.4,9006.8],[6012.4,9053.4],[6059,9053.4],[6059,9006.8],[6059.2,9006.8],[6059.2,8960.2],[6012.6,8960.2]]],[[[5593.2,9005.1],[5546.6,9005.1],[5546.6,9051.7],[5593.2,9051.7],[5593.2,9005.1]]],[[[5779.4,9052.5],[5779.4,9099.1],[5825.9,9099.1],[5825.9,9052.5],[5779.4,9052.5]]],[[[6198.6,9053.9],[6152,9053.9],[6152,9100.5],[6198.6,9100.5],[6198.6,9053.9]]],[[[5639.4,9098.6],[5639.4,9098.4],[5592.9,9098.4],[5592.9,9145],[5592.7,9145],[5592.7,9191.6],[5639.3,9191.6],[5639.3,9145],[5639.4,9145],[5639.4,9145.2],[5686,9145.2],[5686,9098.6],[5639.4,9098.6]]],[[[6011.8,9193.1],[6011.8,9239.7],[6058.3,9239.7],[6058.3,9193.1],[6011.8,9193.1]]],[[[5545.8,9238],[5545.8,9284.6],[5592.3,9284.6],[5592.3,9284.8],[5638.9,9284.8],[5638.9,9238.2],[5592.3,9238.2],[5592.3,9238],[5545.8,9238]]],[[[5965,9239.5],[5965,9286.1],[6011.6,9286.1],[6011.6,9239.5],[5965,9239.5]]],[[[5871.7,9285.8],[5871.7,9285.6],[5825.1,9285.6],[5825.1,9285.4],[5778.5,9285.4],[5778.5,9332],[5825.1,9332],[5825.1,9332.2],[5871.7,9332.2],[5871.7,9332.4],[5918.3,9332.4],[5918.3,9285.8],[5871.7,9285.8]]],[[[5964.7,9332.5],[5918.1,9332.5],[5918.1,9379.1],[5964.7,9379.1],[5964.7,9332.5]]],[[[5964.5,9379.3],[5964.5,9425.9],[6011.1,9425.9],[6011.1,9379.3],[5964.5,9379.3]]],[[[5730.7,9657.8],[5730.7,9611.2],[5684.1,9611.2],[5684.1,9611],[5637.6,9611],[5637.6,9657.6],[5637.4,9657.6],[5637.4,9704.2],[5684,9704.2],[5684,9704.4],[5730.6,9704.4],[5730.6,9657.8],[5730.7,9657.8]],[[5684.1,9657.8],[5684,9657.8],[5684,9657.6],[5684.1,9657.6],[5684.1,9657.8]]],[[[6009.7,9798.6],[6009.7,9798.7],[6056.3,9798.7],[6056.3,9752.1],[6056.5,9752.1],[6056.5,9705.6],[6056.6,9705.6],[6056.6,9659],[6010,9659],[6010,9705.6],[6009.9,9705.6],[6009.9,9752.1],[6009.7,9752.1],[6009.7,9752],[5963.1,9752],[5963.1,9798.6],[6009.7,9798.6]]],[[[6196.4,9659.7],[6196.4,9706.2],[6243,9706.2],[6243,9659.7],[6196.4,9659.7]]],[[[6149.6,9706.1],[6149.6,9752.7],[6196.2,9752.7],[6196.2,9706.1],[6149.6,9706.1]]],[[[5916.4,9844.8],[5916.4,9798.2],[5916.5,9798.2],[5916.5,9751.6],[5870,9751.6],[5870,9798.2],[5869.8,9798.2],[5869.8,9844.8],[5916.4,9844.8]]],[[[6149.5,9752.5],[6102.9,9752.5],[6102.9,9799.1],[6149.5,9799.1],[6149.5,9752.5]]],[[[5683.5,9797.5],[5683.5,9844.1],[5683.3,9844.1],[5683.3,9890.7],[5729.9,9890.7],[5729.9,9844.1],[5730,9844.1],[5730,9797.5],[5683.5,9797.5]]],[[[6195.5,9939],[6195.5,9939.2],[6242.1,9939.2],[6242.1,9892.6],[6195.5,9892.6],[6195.5,9892.4],[6148.9,9892.4],[6148.9,9939],[6195.5,9939]]],[[[5636.2,10030.1],[5636.2,10030.3],[5682.8,10030.3],[5682.8,9983.7],[5636.2,9983.7],[5636.2,9983.5],[5636.4,9983.5],[5636.4,9936.9],[5589.8,9936.9],[5589.8,9983.5],[5589.6,9983.5],[5589.6,9983.3],[5543,9983.3],[5543,10029.9],[5589.6,10029.9],[5589.6,10030.1],[5636.2,10030.1]]],[[[5729.2,10030.6],[5729.2,10077.2],[5775.8,10077.2],[5775.8,10030.6],[5729.2,10030.6]]],[[[6194.8,10078.9],[6194.8,10125.5],[6241.4,10125.5],[6241.4,10078.9],[6194.8,10078.9]]],[[[5634.6,10402.9],[5634.6,10449.5],[5634.5,10449.5],[5634.5,10496.1],[5681.1,10496.1],[5681.1,10449.5],[5681.2,10449.5],[5681.2,10402.9],[5634.6,10402.9]]],[[[6146.7,10544.4],[6146.7,10497.8],[6146.9,10497.8],[6146.9,10451.2],[6100.3,10451.2],[6100.3,10497.8],[6100.1,10497.8],[6100.1,10497.6],[6053.6,10497.6],[6053.6,10544.2],[6100.1,10544.2],[6100.1,10544.4],[6146.7,10544.4]]],[[[5587.7,10495.8],[5541.1,10495.8],[5541.1,10542.4],[5587.7,10542.4],[5587.7,10495.8]]],[[[6239.9,10498.2],[6193.3,10498.2],[6193.3,10544.8],[6239.9,10544.8],[6239.9,10498.2]]],[[[5633.5,10775.6],[5633.3,10775.6],[5633.3,10822.2],[5679.9,10822.2],[5679.9,10775.6],[5680,10775.6],[5680,10729],[5633.5,10729],[5633.5,10775.6]]],[[[5819.4,10869.5],[5866,10869.5],[5866,10869.6],[5912.6,10869.6],[5912.6,10823.1],[5866,10823.1],[5866,10822.9],[5819.4,10822.9],[5819.4,10869.5]]],[[[5912.4,10869.8],[5912.4,10916.4],[5959,10916.4],[5959,10869.8],[5912.4,10869.8]]],[[[6005.1,11056.5],[6004.9,11056.5],[6004.9,11103.1],[6051.5,11103.1],[6051.5,11056.5],[6051.7,11056.5],[6051.7,11009.9],[6051.9,11009.9],[6051.9,10963.3],[6005.3,10963.3],[6005.3,11009.9],[6005.1,11009.9],[6005.1,11009.7],[5958.5,11009.7],[5958.5,11056.3],[6005.1,11056.3],[6005.1,11056.5]]],[[[5725.6,11008.9],[5725.6,11055.5],[5772.2,11055.5],[5772.2,11008.9],[5725.6,11008.9]]],[[[6144.8,11010.4],[6144.8,11057],[6191.4,11057],[6191.4,11010.4],[6144.8,11010.4]]],[[[5771.7,11148.6],[5771.8,11148.6],[5771.8,11148.8],[5818.4,11148.8],[5818.4,11102.2],[5771.8,11102.2],[5771.8,11102],[5725.3,11102],[5725.3,11101.9],[5678.7,11101.9],[5678.7,11101.7],[5632.1,11101.7],[5632.1,11148.3],[5678.7,11148.3],[5678.7,11148.5],[5678.5,11148.5],[5678.5,11195],[5725.1,11195],[5725.1,11195.2],[5771.7,11195.2],[5771.7,11148.6]],[[5725.1,11148.5],[5725.2,11148.5],[5725.2,11148.6],[5725.1,11148.6],[5725.1,11148.5]]],[[[5911.6,11102.7],[5911.6,11102.6],[5865,11102.6],[5865,11149.1],[5911.6,11149.1],[5911.6,11149.3],[5958.2,11149.3],[5958.2,11149.5],[6004.8,11149.5],[6004.8,11102.9],[5958.2,11102.9],[5958.2,11102.7],[5911.6,11102.7]]],[[[5771.3,11241.8],[5724.7,11241.8],[5724.7,11288.4],[5771.3,11288.4],[5771.3,11241.8]]],[[[5957.1,11382.4],[5957.1,11429],[6003.7,11429],[6003.7,11382.4],[5957.1,11382.4]]],[[[6142.8,11569.4],[6142.8,11616],[6189.4,11616],[6189.4,11569.4],[6142.8,11569.4]]],[[[5676.6,11660.7],[5630,11660.7],[5630,11707.3],[5676.6,11707.3],[5676.6,11660.7]]],[[[6049.3,11662.2],[6049.3,11708.8],[6095.9,11708.8],[6095.9,11662.2],[6049.3,11662.2]]],[[[6095.4,11802.2],[6095.4,11848.8],[6141.9,11848.8],[6141.9,11802.2],[6095.4,11802.2]]],[[[6188.5,11802.5],[6188.5,11849.1],[6235.1,11849.1],[6235.1,11802.5],[6188.5,11802.5]]],[[[5722,11987.1],[5722,12033.7],[5768.6,12033.7],[5768.6,11987.1],[5722,11987.1]]],[[[5954.1,12220.7],[5907.5,12220.7],[5907.5,12267.3],[5954.1,12267.3],[5954.1,12220.7]]],[[[5720.8,12313.2],[5720.8,12359.8],[5767.4,12359.8],[5767.4,12313.2],[5720.8,12313.2]]],[[[6186.5,12361.5],[6186.5,12408.1],[6233.1,12408.1],[6233.1,12361.5],[6186.5,12361.5]]],[[[6186.3,12407.9],[6139.7,12407.9],[6139.7,12454.5],[6186.3,12454.5],[6186.3,12407.9]]],[[[6139.4,12501.1],[6139.4,12500.9],[6092.8,12500.9],[6092.8,12547.5],[6092.6,12547.5],[6092.6,12594.1],[6139.2,12594.1],[6139.2,12547.5],[6139.4,12547.5],[6139.4,12547.7],[6186,12547.7],[6186,12547.9],[6232.5,12547.9],[6232.5,12501.3],[6186,12501.3],[6186,12501.1],[6139.4,12501.1]]],[[[6045.9,12593.9],[6045.9,12640.5],[6092.5,12640.5],[6092.5,12593.9],[6045.9,12593.9]]],[[[5766.2,12639.3],[5719.6,12639.3],[5719.6,12685.9],[5766.2,12685.9],[5766.2,12639.3]]],[[[5766,12686.1],[5766,12732.7],[5812.6,12732.7],[5812.6,12686.1],[5766,12686.1]]],[[[5859.2,12686.4],[5859.2,12733],[5905.8,12733],[5905.8,12686.4],[5859.2,12686.4]]],[[[6045,12826.7],[5998.4,12826.7],[5998.4,12873.3],[6045,12873.3],[6045,12826.7]]],[[[6044.7,12920],[6044.7,12919.9],[5998.1,12919.9],[5998.1,12966.4],[6044.7,12966.4],[6044.7,12966.6],[6044.5,12966.6],[6044.5,13013.2],[6091.1,13013.2],[6091.1,12966.6],[6091.3,12966.6],[6091.3,12920],[6044.7,12920]]],[[[5904.7,13012.7],[5951.3,13012.7],[5951.3,13012.9],[5997.9,13012.9],[5997.9,12966.3],[5951.3,12966.3],[5951.3,12966.1],[5904.7,12966.1],[5904.7,13012.7]]],[[[5718.2,13011.8],[5671.7,13011.8],[5671.7,13058.4],[5718.2,13058.4],[5718.2,13011.8]]],[[[5997.7,13013],[5997.7,13059.6],[6044.3,13059.6],[6044.3,13013],[5997.7,13013]]],[[[5951,13059.4],[5951,13106],[5997.6,13106],[5997.6,13059.4],[5951,13059.4]]],[[[5764.1,13245.1],[5810.7,13245.1],[5810.7,13245.3],[5857.3,13245.3],[5857.3,13198.7],[5810.7,13198.7],[5810.7,13198.5],[5764.1,13198.5],[5764.1,13245.1]]],[[[5623.9,13384.2],[5623.9,13337.6],[5624.1,13337.6],[5624.1,13291],[5577.5,13291],[5577.5,13337.6],[5577.3,13337.6],[5577.3,13384.2],[5623.9,13384.2]]],[[[5950.1,13292.2],[5903.6,13292.2],[5903.6,13292],[5857,13292],[5857,13338.6],[5856.8,13338.6],[5856.8,13385.2],[5903.4,13385.2],[5903.4,13385.4],[5950,13385.4],[5950,13338.8],[5950.1,13338.8],[5950.1,13292.2]],[[5903.5,13338.8],[5903.4,13338.8],[5903.4,13338.6],[5903.5,13338.6],[5903.5,13338.8]]],[[[5716.9,13431.1],[5716.9,13384.5],[5670.3,13384.5],[5670.3,13384.3],[5623.7,13384.3],[5623.7,13430.9],[5670.3,13430.9],[5670.3,13431.1],[5670.1,13431.1],[5670.1,13477.7],[5716.7,13477.7],[5716.7,13431.1],[5716.9,13431.1]]],[[[5949.8,13385.5],[5949.8,13432.1],[5996.4,13432.1],[5996.4,13385.5],[5949.8,13385.5]]],[[[5856.5,13478.4],[5903,13478.4],[5903,13478.5],[5949.6,13478.5],[5949.6,13431.9],[5903,13431.9],[5903,13431.8],[5856.5,13431.8],[5856.5,13478.4]]],[[[5949.4,13478.7],[5949.4,13525.3],[5949.3,13525.3],[5949.3,13571.9],[5995.9,13571.9],[5995.9,13525.3],[5996,13525.3],[5996,13478.7],[5949.4,13478.7]]],[[[5809.4,13571.4],[5809.4,13617.9],[5855.9,13617.9],[5855.9,13571.4],[5809.4,13571.4]]],[[[5575.9,13710.3],[5575.9,13756.8],[5622.5,13756.8],[5622.5,13710.3],[5575.9,13710.3]]],[[[5762.1,13757.3],[5715.5,13757.3],[5715.5,13757.2],[5668.9,13757.2],[5668.9,13803.8],[5715.5,13803.8],[5715.5,13803.9],[5762.1,13803.9],[5762.1,13804.1],[5808.7,13804.1],[5808.7,13757.5],[5762.1,13757.5],[5762.1,13757.3]]],[[[5668.8,13803.6],[5622.2,13803.6],[5622.2,13850.2],[5668.8,13850.2],[5668.8,13803.6]]],[[[6227.6,13852.4],[6227.6,13899],[6274.2,13899],[6274.2,13852.4],[6227.6,13852.4]]],[[[5901.2,13991],[5901,13991],[5901,14037.5],[5947.6,14037.5],[5947.6,13991],[5947.7,13991],[5947.7,13944.4],[5901.2,13944.4],[5901.2,13991]]],[[[6040.7,13991.5],[6040.7,14038.1],[6087.3,14038.1],[6087.3,13991.5],[6040.7,13991.5]]],[[[5994,14037.9],[5994,14084.5],[6040.6,14084.5],[6040.6,14037.9],[5994,14037.9]]],[[[6179.8,14224.9],[6226.4,14224.9],[6226.4,14178.3],[6226.6,14178.3],[6226.6,14131.7],[6226.7,14131.7],[6226.7,14085.2],[6226.9,14085.2],[6226.9,14038.6],[6180.3,14038.6],[6180.3,14038.4],[6133.7,14038.4],[6133.7,14085],[6180.3,14085],[6180.3,14085.2],[6180.1,14085.2],[6180.1,14131.7],[6180,14131.7],[6180,14178.3],[6179.8,14178.3],[6179.8,14224.9]]],[[[5620.6,14222.9],[5620.6,14269.4],[5667.2,14269.4],[5667.2,14222.9],[5620.6,14222.9]]],[[[5946.7,14223.9],[5900.1,14223.9],[5900.1,14270.5],[5946.7,14270.5],[5946.7,14223.9]]],[[[5806.5,14363.3],[5806.5,14409.9],[5853,14409.9],[5853,14363.3],[5806.5,14363.3]]],[[[5852.7,14456.6],[5852.7,14503.2],[5899.3,14503.2],[5899.3,14456.6],[5852.7,14456.6]]],[[[6039,14457.1],[5992.4,14457.1],[5992.4,14503.7],[6039,14503.7],[6039,14457.1]]],[[[6132,14504.2],[6132,14550.8],[6131.9,14550.8],[6131.9,14597.4],[6178.4,14597.4],[6178.4,14550.8],[6178.6,14550.8],[6178.6,14504.2],[6132,14504.2]]],[[[5992.1,14550.3],[5992.1,14596.9],[6038.7,14596.9],[6038.7,14550.3],[5992.1,14550.3]]],[[[5665.8,14595.7],[5665.8,14642.3],[5712.4,14642.3],[5712.4,14595.7],[5665.8,14595.7]]],[[[6038.3,14643.7],[6038.3,14690.2],[6084.9,14690.2],[6084.9,14643.7],[6038.3,14643.7]]],[[[6084.8,14690.4],[6084.8,14737],[6084.6,14737],[6084.6,14783.6],[6131.2,14783.6],[6131.2,14737],[6131.3,14737],[6131.3,14690.4],[6084.8,14690.4]]],[[[5991.1,14829.8],[5991.1,14876.4],[6037.7,14876.4],[6037.7,14829.8],[5991.1,14829.8]]],[[[6175.5,15342.8],[6128.9,15342.8],[6128.9,15389.4],[6175.5,15389.4],[6175.5,15342.8]]],[[[6591.1,3698.2],[6591.1,3698.4],[6637.7,3698.4],[6637.7,3651.8],[6591.1,3651.8],[6591.1,3651.6],[6544.5,3651.6],[6544.5,3698.2],[6591.1,3698.2]]],[[[6589.4,4117.5],[6542.8,4117.5],[6542.8,4164.1],[6589.4,4164.1],[6589.4,4117.5]]],[[[6534.9,6260.3],[6534.9,6306.9],[6581.5,6306.9],[6581.5,6260.3],[6534.9,6260.3]]],[[[6674.3,6353.9],[6674.3,6400.5],[6720.9,6400.5],[6720.9,6353.9],[6674.3,6353.9]]],[[[6346,6958.2],[6299.5,6958.2],[6299.5,7004.7],[6346,7004.7],[6346,6958.2]]],[[[6485.6,7005.4],[6485.6,7052],[6532.2,7052],[6532.2,7005.4],[6485.6,7005.4]]],[[[6392.3,7051.7],[6392.3,7098.3],[6438.9,7098.3],[6438.9,7051.7],[6392.3,7051.7]]],[[[6578.6,7052.2],[6532,7052.2],[6532,7098.8],[6578.6,7098.8],[6578.6,7052.2]]],[[[6298.6,7191.1],[6298.6,7237.7],[6345.2,7237.7],[6345.2,7191.1],[6298.6,7191.1]]],[[[6251.8,7237.5],[6251.8,7284.1],[6298.4,7284.1],[6298.4,7237.5],[6251.8,7237.5]]],[[[6764.3,7239.2],[6717.7,7239.2],[6717.7,7285.8],[6764.3,7285.8],[6764.3,7239.2]]],[[[6484.1,7424.7],[6484.1,7471.3],[6530.7,7471.3],[6530.7,7424.7],[6484.1,7424.7]]],[[[6623.5,7564.8],[6623.5,7518.2],[6623.7,7518.2],[6623.7,7518.4],[6670.2,7518.4],[6670.2,7471.8],[6623.7,7471.8],[6623.7,7471.6],[6577.1,7471.6],[6577.1,7518.2],[6576.9,7518.2],[6576.9,7518],[6530.3,7518],[6530.3,7564.6],[6576.9,7564.6],[6576.9,7564.8],[6623.5,7564.8]]],[[[6669.9,7564.9],[6623.3,7564.9],[6623.3,7611.5],[6669.9,7611.5],[6669.9,7564.9]]],[[[6483.4,7611],[6483.4,7657.6],[6530,7657.6],[6530,7611],[6483.4,7611]]],[[[6669.6,7658.3],[6669.6,7704.9],[6716.1,7704.9],[6716.1,7658.3],[6669.6,7658.3]]],[[[6529.6,7704.2],[6483.1,7704.2],[6483.1,7750.8],[6529.6,7750.8],[6529.6,7704.2]]],[[[6762.6,7705.2],[6762.6,7705],[6716,7705],[6716,7751.6],[6762.6,7751.6],[6762.6,7751.8],[6762.4,7751.8],[6762.4,7798.4],[6809,7798.4],[6809,7751.8],[6809.1,7751.8],[6809.1,7705.2],[6762.6,7705.2]]],[[[6622.5,7797.9],[6622.5,7844.4],[6669,7844.4],[6669,7797.9],[6622.5,7797.9]]],[[[6622.1,7891],[6622.1,7937.6],[6668.7,7937.6],[6668.7,7891],[6622.1,7891]]],[[[6435.6,7983.3],[6435.6,7983.5],[6482.2,7983.5],[6482.2,7936.9],[6435.6,7936.9],[6435.6,7936.7],[6389,7936.7],[6389,7983.3],[6435.6,7983.3]]],[[[6621.1,8170.5],[6621.1,8217.1],[6667.7,8217.1],[6667.7,8170.5],[6621.1,8170.5]]],[[[6574.2,8309.9],[6574.2,8263.4],[6574.3,8263.4],[6574.3,8216.8],[6527.8,8216.8],[6527.8,8263.3],[6527.6,8263.3],[6527.6,8309.9],[6574.2,8309.9]]],[[[6432.5,8821.8],[6432.5,8775.3],[6432.7,8775.3],[6432.7,8728.7],[6386.1,8728.7],[6386.1,8775.3],[6386,8775.3],[6386,8775.1],[6339.4,8775.1],[6339.4,8821.7],[6386,8821.7],[6386,8821.8],[6432.5,8821.8]]],[[[6432,8961.6],[6432,8915],[6432.2,8915],[6432.2,8915.2],[6478.8,8915.2],[6478.8,8915.3],[6478.6,8915.3],[6478.6,8961.9],[6525.2,8961.9],[6525.2,8915.3],[6525.4,8915.3],[6525.4,8868.8],[6478.8,8868.8],[6478.8,8868.6],[6432.2,8868.6],[6432.2,8868.4],[6385.6,8868.4],[6385.6,8868.2],[6339,8868.2],[6339,8868.1],[6292.5,8868.1],[6292.5,8867.9],[6245.9,8867.9],[6245.9,8914.5],[6292.5,8914.5],[6292.5,8914.7],[6292.3,8914.7],[6292.3,8961.2],[6338.9,8961.2],[6338.9,8961.4],[6385.4,8961.4],[6385.4,8961.6],[6432,8961.6]],[[6385.5,8915],[6385.5,8914.8],[6385.6,8914.8],[6385.6,8915],[6385.5,8915]],[[6339,8914.7],[6339,8914.8],[6338.9,8914.8],[6338.9,8914.7],[6339,8914.7]]],[[[6804.7,8916.5],[6804.7,8963.1],[6851.3,8963.1],[6851.3,8916.5],[6804.7,8916.5]]],[[[6618.2,9009],[6664.8,9009],[6664.8,8962.4],[6618.2,8962.4],[6618.2,8962.3],[6571.6,8962.3],[6571.6,8962.1],[6525,8962.1],[6525,9008.7],[6524.9,9008.7],[6524.9,9055.3],[6571.4,9055.3],[6571.4,9055.4],[6618,9055.4],[6618,9008.9],[6618.2,9008.9],[6618.2,9009]],[[6571.6,9008.7],[6571.6,9008.9],[6571.4,9008.9],[6571.4,9008.7],[6571.6,9008.7]]],[[[6431,9194.7],[6431,9241.3],[6477.6,9241.3],[6477.6,9194.7],[6431,9194.7]]],[[[6290.9,9287.3],[6290.9,9333.9],[6290.7,9333.9],[6290.7,9380.5],[6337.3,9380.5],[6337.3,9333.9],[6337.5,9333.9],[6337.5,9287.3],[6290.9,9287.3]]],[[[6430,9520.6],[6430,9474],[6430.2,9474],[6430.2,9427.4],[6383.6,9427.4],[6383.6,9474],[6383.4,9474],[6383.4,9520.6],[6430,9520.6]]],[[[6616.3,9474.9],[6616.3,9521.4],[6662.9,9521.4],[6662.9,9474.9],[6616.3,9474.9]]],[[[6289.9,9566.8],[6289.9,9613.4],[6336.5,9613.4],[6336.5,9566.8],[6289.9,9566.8]]],[[[6848.4,9708.5],[6801.8,9708.5],[6801.8,9755.1],[6848.4,9755.1],[6848.4,9708.5]]],[[[6335.6,9799.9],[6335.6,9799.7],[6289,9799.7],[6289,9846.3],[6335.6,9846.3],[6335.6,9846.5],[6335.4,9846.5],[6335.4,9893.1],[6382,9893.1],[6382,9846.5],[6382.2,9846.5],[6382.2,9799.9],[6335.6,9799.9]]],[[[6522,9800.4],[6475.4,9800.4],[6475.4,9847],[6522,9847],[6522,9800.4]]],[[[6661.7,9801.1],[6661.7,9847.7],[6708.3,9847.7],[6708.3,9801.1],[6661.7,9801.1]]],[[[6801.1,9894.6],[6754.5,9894.6],[6754.5,9941.2],[6801.1,9941.2],[6801.1,9894.6]]],[[[6427.9,10033.2],[6427.9,10079.8],[6474.5,10079.8],[6474.5,10033.2],[6427.9,10033.2]]],[[[6613.7,10173.6],[6613.7,10220.2],[6660.3,10220.2],[6660.3,10173.6],[6613.7,10173.6]]],[[[6706.9,10220.5],[6753.5,10220.5],[6753.5,10220.7],[6800.1,10220.7],[6800.1,10174.1],[6753.5,10174.1],[6753.5,10174],[6706.9,10174],[6706.9,10220.5]]],[[[6706.6,10267.1],[6706.6,10267],[6706.7,10267],[6706.7,10220.4],[6660.2,10220.4],[6660.2,10267],[6660,10267],[6660,10313.5],[6706.6,10313.5],[6706.6,10313.7],[6753.2,10313.7],[6753.2,10267.1],[6706.6,10267.1]]],[[[6706.1,10406.9],[6706.1,10453.5],[6752.6,10453.5],[6752.6,10406.9],[6706.1,10406.9]]],[[[6612.2,10592.7],[6565.6,10592.7],[6565.6,10639.3],[6612.2,10639.3],[6612.2,10592.7]]],[[[6705.4,10639.6],[6705.4,10639.8],[6752,10639.8],[6752,10593.2],[6705.4,10593.2],[6705.4,10593],[6658.8,10593],[6658.8,10639.6],[6705.4,10639.6]]],[[[6518.7,10732.3],[6518.5,10732.3],[6518.5,10778.9],[6565.1,10778.9],[6565.1,10732.3],[6565.3,10732.3],[6565.3,10685.7],[6518.7,10685.7],[6518.7,10732.3]]],[[[6658.3,10732.8],[6658.3,10779.4],[6704.9,10779.4],[6704.9,10732.8],[6658.3,10732.8]]],[[[6704.7,10779.5],[6704.7,10826.1],[6751.3,10826.1],[6751.3,10779.5],[6704.7,10779.5]]],[[[6564.6,10872],[6518,10872],[6518,10918.6],[6564.6,10918.6],[6564.6,10872]]],[[[6378.1,10918.1],[6378.1,10964.7],[6424.7,10964.7],[6424.7,10918.1],[6378.1,10918.1]]],[[[6424.2,11058],[6424.2,11104.6],[6424,11104.6],[6424,11151.2],[6470.6,11151.2],[6470.6,11151.4],[6470.4,11151.4],[6470.4,11197.9],[6470.2,11197.9],[6470.2,11244.5],[6516.8,11244.5],[6516.8,11198],[6517,11198],[6517,11151.4],[6517.2,11151.4],[6517.2,11151.5],[6563.8,11151.5],[6563.8,11105],[6563.9,11105],[6563.9,11058.4],[6564.1,11058.4],[6564.1,11011.8],[6517.5,11011.8],[6517.5,11011.6],[6517.7,11011.6],[6517.7,10965],[6471.1,10965],[6471.1,10964.9],[6424.5,10964.9],[6424.5,11011.4],[6424.3,11011.4],[6424.3,11011.3],[6377.8,11011.3],[6377.8,11057.9],[6424.3,11057.9],[6424.3,11058],[6424.2,11058]],[[6470.6,11104.6],[6470.8,11104.6],[6470.8,11104.8],[6470.6,11104.8],[6470.6,11104.6]],[[6517.2,11104.8],[6517.3,11104.8],[6517.3,11105],[6517.2,11105],[6517.2,11104.8]],[[6517.3,11058.4],[6517.3,11058.2],[6517.5,11058.2],[6517.5,11058.4],[6517.3,11058.4]],[[6471.1,11011.4],[6471.1,11011.6],[6470.9,11011.6],[6470.9,11011.4],[6471.1,11011.4]],[[6470.9,11058.2],[6470.8,11058.2],[6470.8,11058],[6470.9,11058],[6470.9,11058.2]]],[[[6610.8,10965.5],[6610.8,11012.1],[6657.4,11012.1],[6657.4,10965.5],[6610.8,10965.5]]],[[[6750.4,11012.5],[6703.8,11012.5],[6703.8,11059.1],[6750.4,11059.1],[6750.4,11012.5]]],[[[6796.8,11059.4],[6796.8,11106],[6843.4,11106],[6843.4,11059.4],[6796.8,11059.4]]],[[[6656.6,11198.6],[6656.6,11245.2],[6703.2,11245.2],[6703.2,11198.6],[6656.6,11198.6]]],[[[6330,11383.6],[6330,11337],[6330.2,11337],[6330.2,11290.4],[6283.6,11290.4],[6283.6,11337],[6283.4,11337],[6283.4,11336.8],[6236.8,11336.8],[6236.8,11383.4],[6283.4,11383.4],[6283.4,11383.6],[6330,11383.6]]],[[[6609.1,11431.4],[6609.1,11478],[6655.7,11478],[6655.7,11431.4],[6609.1,11431.4]]],[[[6608.6,11571],[6562,11571],[6562,11617.6],[6608.6,11617.6],[6608.6,11571]]],[[[6608.5,11617.7],[6608.5,11664.3],[6655,11664.3],[6655,11617.7],[6608.5,11617.7]]],[[[6515.1,11664],[6515.1,11710.6],[6561.7,11710.6],[6561.7,11664],[6515.1,11664]]],[[[6514.8,11803.5],[6514.8,11803.7],[6561.4,11803.7],[6561.4,11757.1],[6514.8,11757.1],[6514.8,11757],[6515,11757],[6515,11710.4],[6468.4,11710.4],[6468.4,11757],[6468.2,11757],[6468.2,11803.5],[6468,11803.5],[6468,11850.1],[6514.6,11850.1],[6514.6,11803.5],[6514.8,11803.5]]],[[[6421.3,11850],[6421.3,11896.5],[6467.9,11896.5],[6467.9,11850],[6421.3,11850]]],[[[6606.9,12037],[6606.9,12083.6],[6653.5,12083.6],[6653.5,12037],[6606.9,12037]]],[[[6606.7,12083.4],[6560.2,12083.4],[6560.2,12130],[6606.7,12130],[6606.7,12083.4]]],[[[6279.6,12361.9],[6279.6,12408.5],[6326.2,12408.5],[6326.2,12361.9],[6279.6,12361.9]]],[[[6273.3,14085.5],[6273.3,14132.1],[6319.9,14132.1],[6319.9,14085.5],[6273.3,14085.5]]],[[[6785.6,14133.8],[6739,14133.8],[6739,14180.4],[6785.6,14180.4],[6785.6,14133.8]]],[[[6272.8,14225.2],[6272.8,14271.8],[6319.4,14271.8],[6319.4,14225.2],[6272.8,14225.2]]],[[[6505.7,14272.5],[6505.7,14225.9],[6459.1,14225.9],[6459.1,14225.8],[6412.6,14225.8],[6412.6,14272.3],[6412.4,14272.3],[6412.4,14318.9],[6459,14318.9],[6459,14319.1],[6505.6,14319.1],[6505.6,14272.5],[6505.7,14272.5]],[[6459,14272.4],[6459.1,14272.4],[6459.1,14272.5],[6459,14272.5],[6459,14272.4]]],[[[6645.5,14226.6],[6645.5,14273.2],[6692.1,14273.2],[6692.1,14226.6],[6645.5,14226.6]]],[[[6645.1,14319.8],[6645.1,14366.4],[6691.7,14366.4],[6691.7,14319.8],[6645.1,14319.8]]],[[[6505,14412.4],[6505,14412.3],[6505.2,14412.3],[6505.2,14365.7],[6458.6,14365.7],[6458.6,14365.5],[6412,14365.5],[6412,14412.1],[6458.6,14412.1],[6458.6,14412.3],[6458.5,14412.3],[6458.5,14458.9],[6458.3,14458.9],[6458.3,14458.7],[6411.7,14458.7],[6411.7,14505.3],[6458.3,14505.3],[6458.3,14505.4],[6504.9,14505.4],[6504.9,14505.6],[6551.5,14505.6],[6551.5,14459],[6551.6,14459],[6551.6,14412.4],[6505,14412.4]],[[6504.9,14459],[6504.9,14458.9],[6505,14458.9],[6505,14459],[6504.9,14459]]],[[[6598,14459.4],[6598,14506],[6644.6,14506],[6644.6,14459.4],[6598,14459.4]]],[[[6457.6,14691.8],[6504.2,14691.8],[6504.2,14645.2],[6504.4,14645.2],[6504.4,14645.4],[6550.9,14645.4],[6550.9,14598.8],[6551.1,14598.8],[6551.1,14599],[6597.7,14599],[6597.7,14552.4],[6551.1,14552.4],[6551.1,14552.2],[6504.5,14552.2],[6504.5,14552],[6457.9,14552],[6457.9,14598.6],[6457.8,14598.6],[6457.8,14598.4],[6411.2,14598.4],[6411.2,14645],[6411,14645],[6411,14691.6],[6457.6,14691.6],[6457.6,14691.8]],[[6457.6,14645.2],[6457.6,14645],[6457.8,14645],[6457.8,14645.2],[6457.6,14645.2]],[[6504.5,14598.6],[6504.5,14598.8],[6504.4,14598.8],[6504.4,14598.6],[6504.5,14598.6]]],[[[6737.1,14692.8],[6736.9,14692.8],[6736.9,14739.4],[6736.8,14739.4],[6736.8,14786],[6783.3,14786],[6783.3,14786.2],[6783.2,14786.2],[6783.2,14832.7],[6829.8,14832.7],[6829.8,14832.9],[6876.3,14832.9],[6876.3,14786.3],[6876.5,14786.3],[6876.5,14739.7],[6876.7,14739.7],[6876.7,14693.2],[6830.1,14693.2],[6830.1,14693],[6830.3,14693],[6830.3,14646.4],[6830.4,14646.4],[6830.4,14599.8],[6783.9,14599.8],[6783.9,14599.6],[6737.3,14599.6],[6737.3,14646.2],[6737.1,14646.2],[6737.1,14692.8]],[[6829.8,14786.3],[6829.8,14786.2],[6829.9,14786.2],[6829.9,14786.3],[6829.8,14786.3]],[[6829.9,14739.6],[6830.1,14739.6],[6830.1,14739.7],[6829.9,14739.7],[6829.9,14739.6]],[[6783.7,14646.2],[6783.9,14646.2],[6783.9,14646.4],[6783.7,14646.4],[6783.7,14646.2]],[[6783.5,14739.4],[6783.5,14739.6],[6783.3,14739.6],[6783.3,14739.4],[6783.5,14739.4]],[[6783.7,14693],[6783.5,14693],[6783.5,14692.8],[6783.7,14692.8],[6783.7,14693]]],[[[6457.3,14738.4],[6457.3,14785],[6457.1,14785],[6457.1,14831.5],[6503.7,14831.5],[6503.7,14785],[6503.8,14785],[6503.8,14738.4],[6457.3,14738.4]]],[[[6875.5,15065.8],[6875.5,15019.3],[6875.7,15019.3],[6875.7,14972.7],[6829.1,14972.7],[6829.1,15019.2],[6828.9,15019.2],[6828.9,15065.8],[6875.5,15065.8]]],[[[6688.8,15111.9],[6688.8,15158.5],[6735.4,15158.5],[6735.4,15111.9],[6688.8,15111.9]]],[[[6595.5,15158.1],[6595.5,15204.7],[6642.1,15204.7],[6642.1,15158.1],[6595.5,15158.1]]],[[[6921.2,15252.3],[6921.4,15252.3],[6921.4,15205.8],[6874.8,15205.8],[6874.8,15205.6],[6828.2,15205.6],[6828.2,15252.2],[6828,15252.2],[6828,15298.8],[6874.6,15298.8],[6874.6,15298.9],[6921.2,15298.9],[6921.2,15252.3]],[[6874.6,15252.3],[6874.6,15252.2],[6874.8,15252.2],[6874.8,15252.3],[6874.6,15252.3]]],[[[6688.3,15298.1],[6688.3,15298.2],[6734.9,15298.2],[6734.9,15251.7],[6688.3,15251.7],[6688.3,15251.5],[6641.7,15251.5],[6641.7,15298.1],[6688.3,15298.1]]],[[[6687.6,15438],[6687.6,15484.6],[6687.4,15484.6],[6687.4,15531.2],[6734,15531.2],[6734,15484.6],[6734.2,15484.6],[6734.2,15438],[6734.4,15438],[6734.4,15438.2],[6781,15438.2],[6781,15391.6],[6734.4,15391.6],[6734.4,15391.4],[6734.5,15391.4],[6734.5,15344.8],[6688,15344.8],[6688,15391.4],[6687.8,15391.4],[6687.8,15391.2],[6641.2,15391.2],[6641.2,15437.8],[6687.8,15437.8],[6687.8,15438],[6687.6,15438]]],[[[6827.4,15484.9],[6827.4,15485.1],[6873.9,15485.1],[6873.9,15485.3],[6920.5,15485.3],[6920.5,15438.7],[6920.7,15438.7],[6920.7,15438.9],[6967.3,15438.9],[6967.3,15392.3],[6967.5,15392.3],[6967.5,15345.7],[6920.9,15345.7],[6920.9,15345.5],[6874.3,15345.5],[6874.3,15345.3],[6827.7,15345.3],[6827.7,15391.9],[6827.5,15391.9],[6827.5,15438.5],[6827.4,15438.5],[6827.4,15438.3],[6780.8,15438.3],[6780.8,15484.9],[6827.4,15484.9]],[[6874,15438.7],[6874,15438.5],[6874.1,15438.5],[6874.1,15438.7],[6874,15438.7]],[[6874.1,15392.1],[6874.1,15391.9],[6874.3,15391.9],[6874.3,15392.1],[6874.1,15392.1]],[[6920.9,15392.3],[6920.7,15392.3],[6920.7,15392.1],[6920.9,15392.1],[6920.9,15392.3]]],[[[6407.6,15576.7],[6407.6,15623.3],[6454.2,15623.3],[6454.2,15576.7],[6407.6,15576.7]]],[[[6873.1,15671.6],[6873.1,15718.2],[6872.9,15718.2],[6872.9,15764.8],[6919.5,15764.8],[6919.5,15718.2],[6919.7,15718.2],[6919.7,15671.6],[6919.9,15671.6],[6919.9,15625],[6873.3,15625],[6873.3,15624.9],[6826.7,15624.9],[6826.7,15624.7],[6826.9,15624.7],[6826.9,15578.1],[6780.3,15578.1],[6780.3,15624.7],[6780.1,15624.7],[6780.1,15671.3],[6826.7,15671.3],[6826.7,15671.4],[6873.3,15671.4],[6873.3,15671.6],[6873.1,15671.6]]],[[[6779.9,15671.1],[6733.3,15671.1],[6733.3,15717.7],[6779.9,15717.7],[6779.9,15671.1]]],[[[7288.1,4120.2],[7288.1,4166.8],[7334.7,4166.8],[7334.7,4120.2],[7288.1,4120.2]]],[[[7241.4,4166.6],[7241.4,4213.2],[7287.9,4213.2],[7287.9,4166.6],[7241.4,4166.6]]],[[[7371.9,6729.2],[7371.7,6729.2],[7371.7,6775.8],[7418.3,6775.8],[7418.3,6729.2],[7418.5,6729.2],[7418.5,6729.4],[7465.1,6729.4],[7465.1,6682.8],[7418.5,6682.8],[7418.5,6682.6],[7371.9,6682.6],[7371.9,6682.4],[7325.3,6682.4],[7325.3,6729],[7371.9,6729],[7371.9,6729.2]]],[[[7045.5,6774.6],[7045.5,6821.2],[7092.1,6821.2],[7092.1,6774.6],[7045.5,6774.6]]],[[[7091.9,6821.3],[7091.9,6867.9],[7138.5,6867.9],[7138.5,6821.3],[7091.9,6821.3]]],[[[6858.8,6867],[6858.8,6913.6],[6858.6,6913.6],[6858.6,6960.2],[6905.2,6960.2],[6905.2,6913.6],[6905.4,6913.6],[6905.4,6867],[6858.8,6867]]],[[[7137.4,7101],[7137.4,7147.6],[7184,7147.6],[7184,7101],[7137.4,7101]]],[[[7043.1,7426.6],[6996.5,7426.6],[6996.5,7473.1],[7043.1,7473.1],[7043.1,7426.6]]],[[[7275.5,7567.3],[7275.5,7613.9],[7322.1,7613.9],[7322.1,7567.3],[7275.5,7567.3]]],[[[7088.5,7753],[7088.5,7752.8],[7041.9,7752.8],[7041.9,7752.6],[6995.3,7752.6],[6995.3,7799.2],[7041.9,7799.2],[7041.9,7799.4],[7088.5,7799.4],[7088.5,7799.6],[7135,7799.6],[7135,7753],[7088.5,7753]]],[[[6854.3,8078.2],[6854.3,8124.8],[6900.9,8124.8],[6900.9,8078.2],[6854.3,8078.2]]],[[[6993.4,8311.6],[7040,8311.6],[7040,8311.8],[7086.6,8311.8],[7086.6,8265.2],[7040,8265.2],[7040,8265.1],[6993.4,8265.1],[6993.4,8311.6]]],[[[6900.1,8311.3],[6900.1,8357.9],[6946.7,8357.9],[6946.7,8311.3],[6900.1,8311.3]]],[[[7179.6,8312.3],[7179.6,8358.9],[7179.4,8358.9],[7179.4,8405.5],[7226,8405.5],[7226,8358.9],[7226.2,8358.9],[7226.2,8312.3],[7179.6,8312.3]]],[[[6853.3,8357.7],[6853.3,8404.3],[6899.9,8404.3],[6899.9,8357.7],[6853.3,8357.7]]],[[[7272.1,8498.8],[7225.5,8498.8],[7225.5,8545.4],[7272.1,8545.4],[7272.1,8498.8]]],[[[7318.5,8592.2],[7318.5,8592.3],[7365.1,8592.3],[7365.1,8545.8],[7318.5,8545.8],[7318.5,8545.6],[7271.9,8545.6],[7271.9,8592.2],[7318.5,8592.2]]],[[[7038.6,8684.5],[7038.5,8684.5],[7038.5,8684.3],[6991.9,8684.3],[6991.9,8730.9],[7038.5,8730.9],[7038.5,8731.1],[7085.1,8731.1],[7085.1,8684.5],[7085.2,8684.5],[7085.2,8684.7],[7131.8,8684.7],[7131.8,8638.1],[7085.2,8638.1],[7085.2,8637.9],[7038.6,8637.9],[7038.6,8684.5]]],[[[7178.2,8685],[7178.2,8731.6],[7224.8,8731.6],[7224.8,8685],[7178.2,8685]]],[[[7224.6,8731.7],[7224.6,8778.3],[7271.2,8778.3],[7271.2,8731.7],[7224.6,8731.7]]],[[[6898,8870.1],[6851.4,8870.1],[6851.4,8916.7],[6898,8916.7],[6898,8870.1]]],[[[7270.2,9058],[7270,9058],[7270,9104.6],[7316.6,9104.6],[7316.6,9058],[7316.8,9058],[7316.8,9011.4],[7270.2,9011.4],[7270.2,9058]]],[[[7176.7,9150.8],[7223.3,9150.8],[7223.3,9151],[7269.8,9151],[7269.8,9104.4],[7223.3,9104.4],[7223.3,9104.2],[7176.7,9104.2],[7176.7,9150.8]]],[[[7316.3,9151.3],[7316.3,9197.9],[7362.8,9197.9],[7362.8,9151.3],[7316.3,9151.3]]],[[[7316.1,9197.8],[7269.5,9197.8],[7269.5,9244.3],[7316.1,9244.3],[7316.1,9197.8]]],[[[7176.2,9244],[7176.2,9290.6],[7222.8,9290.6],[7222.8,9244],[7176.2,9244]]],[[[7315.7,9291.1],[7315.7,9337.7],[7362.3,9337.7],[7362.3,9291.1],[7315.7,9291.1]]],[[[7315.2,9430.7],[7268.6,9430.7],[7268.6,9477.3],[7315.2,9477.3],[7315.2,9430.7]]],[[[6848.9,9568.9],[6848.9,9615.5],[6895.5,9615.5],[6895.5,9568.9],[6848.9,9568.9]]],[[[7081.6,9662.7],[7081.6,9616.2],[7081.8,9616.2],[7081.8,9616.3],[7128.4,9616.3],[7128.4,9569.7],[7081.8,9569.7],[7081.8,9569.6],[7035.2,9569.6],[7035.2,9616.2],[7035.1,9616.2],[7035.1,9616],[6988.5,9616],[6988.5,9662.6],[7035,9662.6],[7035,9662.7],[7081.6,9662.7]]],[[[7034.4,9802.3],[6987.8,9802.3],[6987.8,9848.9],[7034.4,9848.9],[7034.4,9802.3]]],[[[7406.9,9896.9],[7406.9,9850.3],[7407,9850.3],[7407,9850.4],[7453.6,9850.4],[7453.6,9803.9],[7407,9803.9],[7407,9803.7],[7360.4,9803.7],[7360.4,9850.3],[7360.3,9850.3],[7360.3,9850.1],[7313.7,9850.1],[7313.7,9896.7],[7360.3,9896.7],[7360.3,9896.9],[7406.9,9896.9]]],[[[6894.3,9895.1],[6894.3,9941.7],[6940.9,9941.7],[6940.9,9895.1],[6894.3,9895.1]]],[[[7220.4,9896.3],[7220.4,9942.9],[7266.9,9942.9],[7266.9,9896.3],[7220.4,9896.3]]],[[[7220,9989.5],[7220,10036.1],[7266.6,10036.1],[7266.6,9989.5],[7220,9989.5]]],[[[6986.6,10128.4],[6986.6,10175],[7033.2,10175],[7033.2,10175.2],[7079.8,10175.2],[7079.8,10128.6],[7079.9,10128.6],[7079.9,10082],[7033.3,10082],[7033.3,10128.6],[7033.2,10128.6],[7033.2,10128.4],[6986.6,10128.4]]],[[[7078.9,10408.1],[7078.9,10361.5],[7079.1,10361.5],[7079.1,10314.9],[7032.5,10314.9],[7032.5,10314.7],[6985.9,10314.7],[6985.9,10361.3],[6985.7,10361.3],[6985.7,10407.9],[7032.3,10407.9],[7032.3,10408.1],[7032.1,10408.1],[7032.1,10454.7],[7078.7,10454.7],[7078.7,10408.1],[7078.9,10408.1]],[[7032.3,10361.3],[7032.5,10361.3],[7032.5,10361.5],[7032.3,10361.5],[7032.3,10361.3]]],[[[7172.2,10362],[7218.8,10362],[7218.8,10362.2],[7265.4,10362.2],[7265.4,10315.6],[7218.8,10315.6],[7218.8,10315.4],[7172.2,10315.4],[7172.2,10362]]],[[[7078.2,10548],[7078.2,10547.8],[7078.4,10547.8],[7078.4,10501.2],[7031.8,10501.2],[7031.8,10547.8],[7031.6,10547.8],[7031.6,10594.4],[7031.5,10594.4],[7031.5,10594.2],[6984.9,10594.2],[6984.9,10640.8],[7031.5,10640.8],[7031.5,10641],[7078,10641],[7078,10641.2],[7077.9,10641.2],[7077.9,10687.8],[7077.7,10687.8],[7077.7,10734.3],[7124.3,10734.3],[7124.3,10687.8],[7124.5,10687.8],[7124.5,10641.2],[7124.6,10641.2],[7124.6,10641.3],[7171.2,10641.3],[7171.2,10594.8],[7171.4,10594.8],[7171.4,10594.9],[7218,10594.9],[7218,10548.3],[7218.1,10548.3],[7218.1,10501.8],[7218.3,10501.8],[7218.3,10455.2],[7171.7,10455.2],[7171.7,10501.8],[7171.5,10501.8],[7171.5,10548.3],[7171.4,10548.3],[7171.4,10548.2],[7124.8,10548.2],[7124.8,10548],[7078.2,10548]],[[7078,10594.4],[7078.2,10594.4],[7078.2,10594.6],[7078,10594.6],[7078,10594.4]],[[7124.6,10594.6],[7124.8,10594.6],[7124.8,10594.8],[7124.6,10594.8],[7124.6,10594.6]]],[[[7123.9,10780.9],[7077.4,10780.9],[7077.4,10780.8],[7077.5,10780.8],[7077.5,10734.2],[7030.9,10734.2],[7030.9,10780.7],[7030.8,10780.7],[7030.8,10827.3],[7077.4,10827.3],[7077.4,10827.5],[7123.9,10827.5],[7123.9,10780.9]]],[[[7170.7,10734.7],[7170.7,10781.3],[7217.3,10781.3],[7217.3,10734.7],[7170.7,10734.7]]],[[[7263.9,10735],[7263.9,10781.6],[7310.4,10781.6],[7310.4,10781.8],[7357,10781.8],[7357,10735.2],[7310.5,10735.2],[7310.5,10735],[7263.9,10735]]],[[[6937.3,10920],[6937.3,10920.2],[6937.1,10920.2],[6937.1,10966.7],[6936.9,10966.7],[6936.9,11013.3],[6936.8,11013.3],[6936.8,11013.2],[6890.2,11013.2],[6890.2,11059.7],[6890,11059.7],[6890,11106.3],[6936.6,11106.3],[6936.6,11059.7],[6936.8,11059.7],[6936.8,11059.9],[6983.3,11059.9],[6983.3,11013.3],[6983.5,11013.3],[6983.5,10966.7],[6983.7,10966.7],[6983.7,10920.2],[6983.9,10920.2],[6983.9,10873.6],[6984,10873.6],[6984,10827],[6984.2,10827],[6984.2,10780.4],[6937.6,10780.4],[6937.6,10827],[6937.4,10827],[6937.4,10873.6],[6937.3,10873.6],[6937.3,10873.4],[6890.7,10873.4],[6890.7,10920],[6937.3,10920]]],[[[7217.1,10781.4],[7217.1,10828],[7263.7,10828],[7263.7,10781.4],[7217.1,10781.4]]],[[[7123.6,10920.8],[7170.2,10920.8],[7170.2,10874.3],[7170.4,10874.3],[7170.4,10827.7],[7123.8,10827.7],[7123.8,10874.3],[7123.6,10874.3],[7123.6,10874.1],[7077,10874.1],[7077,10920.7],[7123.6,10920.7],[7123.6,10920.8]]],[[[7403.1,10921.7],[7403.1,10875.1],[7356.5,10875.1],[7356.5,10874.9],[7309.9,10874.9],[7309.9,10921.5],[7356.5,10921.5],[7356.5,10921.7],[7403.1,10921.7]]],[[[7402.8,11014.9],[7402.8,10968.3],[7356.2,10968.3],[7356.2,10968.1],[7309.6,10968.1],[7309.6,11014.7],[7356.2,11014.7],[7356.2,11014.9],[7402.8,11014.9]]],[[[6982.5,11293],[7029.1,11293],[7029.1,11293.2],[7075.7,11293.2],[7075.7,11246.6],[7029.1,11246.6],[7029.1,11246.4],[6982.5,11246.4],[6982.5,11293]]],[[[7308.6,11247.6],[7308.6,11294.2],[7355.2,11294.2],[7355.2,11247.6],[7308.6,11247.6]]],[[[7168.3,11386.9],[7168.3,11433.4],[7214.9,11433.4],[7214.9,11386.9],[7168.3,11386.9]]],[[[7261.1,11480.4],[7261.1,11480.2],[7214.5,11480.2],[7214.5,11526.8],[7214.4,11526.8],[7214.4,11573.4],[7214.2,11573.4],[7214.2,11620],[7260.8,11620],[7260.8,11573.4],[7261,11573.4],[7261,11573.5],[7307.5,11573.5],[7307.5,11527],[7307.7,11527],[7307.7,11527.1],[7354.3,11527.1],[7354.3,11480.5],[7354.5,11480.5],[7354.5,11480.7],[7401.1,11480.7],[7401.1,11434.1],[7401.2,11434.1],[7401.2,11387.5],[7354.6,11387.5],[7354.6,11434.1],[7354.5,11434.1],[7354.5,11434],[7307.9,11434],[7307.9,11480.5],[7307.7,11480.5],[7307.7,11480.4],[7261.1,11480.4]],[[7261.1,11526.9],[7261,11526.9],[7261,11526.8],[7261.1,11526.8],[7261.1,11526.9]]],[[[7353.8,11620.5],[7353.8,11667],[7400.4,11667],[7400.4,11620.5],[7353.8,11620.5]]],[[[7213.5,11759.7],[7213.5,11806.3],[7213.4,11806.3],[7213.4,11852.9],[7259.9,11852.9],[7259.9,11806.3],[7260.1,11806.3],[7260.1,11759.7],[7260.3,11759.7],[7260.3,11713.1],[7260.5,11713.1],[7260.5,11666.5],[7213.9,11666.5],[7213.9,11713.1],[7213.7,11713.1],[7213.7,11712.9],[7167.1,11712.9],[7167.1,11759.5],[7213.7,11759.5],[7213.7,11759.7],[7213.5,11759.7]]],[[[7120.4,11759.4],[7120.4,11759.2],[7073.8,11759.2],[7073.8,11759],[7027.2,11759],[7027.2,11805.6],[7073.8,11805.6],[7073.8,11805.8],[7120.4,11805.8],[7120.4,11805.9],[7166.9,11805.9],[7166.9,11759.4],[7120.4,11759.4]]],[[[7026.8,11852.2],[7026.8,11898.8],[7073.4,11898.8],[7073.4,11852.2],[7026.8,11852.2]]],[[[7073.3,11898.9],[7073.3,11945.5],[7119.8,11945.5],[7119.8,11945.7],[7166.4,11945.7],[7166.4,11899.1],[7119.8,11899.1],[7119.8,11898.9],[7073.3,11898.9]]],[[[6979.9,11945.2],[6979.9,11991.8],[7026.5,11991.8],[7026.5,11945.2],[6979.9,11945.2]]],[[[7111.3,14228.3],[7111.3,14274.9],[7157.9,14274.9],[7157.9,14228.3],[7111.3,14228.3]]],[[[7064.4,14367.9],[7111,14367.9],[7111,14368.1],[7110.8,14368.1],[7110.8,14414.7],[7110.6,14414.7],[7110.6,14414.5],[7064,14414.5],[7064,14461.1],[7110.6,14461.1],[7110.6,14461.3],[7157.2,14461.3],[7157.2,14414.7],[7157.4,14414.7],[7157.4,14368.1],[7157.6,14368.1],[7157.6,14321.5],[7111,14321.5],[7111,14321.3],[7111.1,14321.3],[7111.1,14274.7],[7064.6,14274.7],[7064.6,14274.6],[7018,14274.6],[7018,14321.2],[7017.8,14321.2],[7017.8,14367.7],[7017.6,14367.7],[7017.6,14414.3],[7064.2,14414.3],[7064.2,14367.7],[7064.4,14367.7],[7064.4,14367.9]],[[7064.6,14321.3],[7064.4,14321.3],[7064.4,14321.2],[7064.6,14321.2],[7064.6,14321.3]]],[[[6878,14320.6],[6878,14367.2],[6924.6,14367.2],[6924.6,14320.6],[6878,14320.6]]],[[[6923.8,14553.7],[6923.8,14553.6],[6877.2,14553.6],[6877.2,14600.2],[6923.8,14600.2],[6923.8,14600.3],[6970.4,14600.3],[6970.4,14600.5],[7016.9,14600.5],[7016.9,14600.7],[7016.8,14600.7],[7016.8,14647.3],[7063.4,14647.3],[7063.4,14600.7],[7063.5,14600.7],[7063.5,14554.1],[7063.7,14554.1],[7063.7,14507.5],[7063.9,14507.5],[7063.9,14460.9],[7017.3,14460.9],[7017.3,14507.5],[7017.1,14507.5],[7017.1,14507.3],[6970.5,14507.3],[6970.5,14553.9],[6970.4,14553.9],[6970.4,14553.7],[6923.8,14553.7]],[[7017.1,14553.9],[7017.1,14554.1],[7016.9,14554.1],[7016.9,14553.9],[7017.1,14553.9]]],[[[6923.4,14646.7],[6876.8,14646.7],[6876.8,14693.3],[6923.4,14693.3],[6923.4,14646.7]]],[[[6969.5,14786.7],[6922.9,14786.7],[6922.9,14833.3],[6969.5,14833.3],[6969.5,14786.7]]],[[[7062.7,14787.2],[7062.7,14833.8],[7109.3,14833.8],[7109.3,14787.2],[7062.7,14787.2]]],[[[6876.2,14833.1],[6876.2,14879.7],[6922.8,14879.7],[6922.8,14833.1],[6876.2,14833.1]]],[[[7388.6,14834.8],[7342,14834.8],[7342,14881.4],[7388.6,14881.4],[7388.6,14834.8]]],[[[7202.1,14880.9],[7202.1,14880.7],[7155.5,14880.7],[7155.5,14927.3],[7155.3,14927.3],[7155.3,14973.9],[7201.9,14973.9],[7201.9,14974],[7248.5,14974],[7248.5,14927.5],[7248.7,14927.5],[7248.7,14880.9],[7202.1,14880.9]],[[7202.1,14927.4],[7201.9,14927.4],[7201.9,14927.3],[7202.1,14927.3],[7202.1,14927.4]]],[[[6968.7,15019.8],[6968.7,15066.3],[7015.2,15066.3],[7015.2,15019.8],[6968.7,15019.8]]],[[[7060.5,15392.8],[7060.5,15439.4],[7107,15439.4],[7107,15392.8],[7060.5,15392.8]]],[[[6966.6,15578.8],[6966.6,15625.4],[6966.4,15625.4],[6966.4,15672],[7013,15672],[7013,15625.4],[7013.2,15625.4],[7013.2,15578.8],[6966.6,15578.8]]],[[[7339.1,15673.2],[7339.1,15673.3],[7338.9,15673.3],[7338.9,15719.9],[7338.8,15719.9],[7338.8,15766.5],[7385.3,15766.5],[7385.3,15766.7],[7431.9,15766.7],[7431.9,15766.8],[7478.5,15766.8],[7478.5,15720.3],[7478.7,15720.3],[7478.7,15673.7],[7432.1,15673.7],[7432.1,15673.5],[7385.5,15673.5],[7385.5,15673.3],[7385.7,15673.3],[7385.7,15626.7],[7339.1,15626.7],[7339.1,15626.6],[7339.3,15626.6],[7339.3,15580],[7292.7,15580],[7292.7,15626.6],[7292.5,15626.6],[7292.5,15626.4],[7245.9,15626.4],[7245.9,15673],[7292.5,15673],[7292.5,15673.2],[7339.1,15673.2]],[[7385.3,15719.9],[7385.5,15719.9],[7385.5,15720.1],[7385.3,15720.1],[7385.3,15719.9]],[[7431.9,15720.2],[7431.9,15720.1],[7432.1,15720.1],[7432.1,15720.2],[7431.9,15720.2]]],[[[7059.3,15718.9],[7059.3,15765.5],[7105.8,15765.5],[7105.8,15718.9],[7059.3,15718.9]]],[[[7199,15719.2],[7152.4,15719.2],[7152.4,15765.8],[7199,15765.8],[7199,15719.2]]],[[[7011.6,15998.2],[7011.6,16044.8],[7058.2,16044.8],[7058.2,15998.2],[7011.6,15998.2]]],[[[7104.7,16045],[7058.1,16045],[7058.1,16091.6],[7104.7,16091.6],[7104.7,16045]]],[[[7150.7,16231.5],[7150.7,16231.7],[7150.5,16231.7],[7150.5,16278.2],[7197.1,16278.2],[7197.1,16231.7],[7197.3,16231.7],[7197.3,16185.1],[7150.7,16185.1],[7150.7,16184.9],[7104.1,16184.9],[7104.1,16231.5],[7150.7,16231.5]]],[[[7801.5,3842.6],[7801.5,3889.2],[7848.1,3889.2],[7848.1,3842.6],[7801.5,3842.6]]],[[[7651,6776.8],[7651,6823.4],[7697.6,6823.4],[7697.6,6776.8],[7651,6776.8]]],[[[7604.1,6869.6],[7557.5,6869.6],[7557.5,6916.2],[7604.1,6916.2],[7604.1,6869.6]]],[[[7416.6,7195.2],[7416.6,7241.8],[7463.2,7241.8],[7463.2,7195.2],[7416.6,7195.2]]],[[[8067.7,7477.1],[8067.7,7523.7],[8067.6,7523.7],[8067.6,7570.2],[8114.1,7570.2],[8114.1,7523.7],[8114.3,7523.7],[8114.3,7523.8],[8160.9,7523.8],[8160.9,7477.2],[8114.3,7477.2],[8114.3,7477.1],[8067.7,7477.1]]],[[[7787.2,7755.5],[7787.2,7802.1],[7833.8,7802.1],[7833.8,7755.5],[7787.2,7755.5]]],[[[7600.2,7987.6],[7600.2,7941],[7553.6,7941],[7553.6,7940.9],[7507,7940.9],[7507,7987.4],[7553.6,7987.4],[7553.6,7987.6],[7553.4,7987.6],[7553.4,8034.2],[7600,8034.2],[7600,7987.6],[7600.2,7987.6]]],[[[7879,8128.6],[7879,8175.1],[7878.8,8175.1],[7878.8,8221.7],[7925.4,8221.7],[7925.4,8175.1],[7925.6,8175.1],[7925.6,8128.6],[7879,8128.6]]],[[[8018.4,8222.2],[8018.4,8268.8],[8065,8268.8],[8065,8222.2],[8018.4,8222.2]]],[[[7365.6,8406.2],[7365.6,8452.8],[7412.2,8452.8],[7412.2,8406.2],[7365.6,8406.2]]],[[[7877.8,8501.2],[7924.4,8501.2],[7924.4,8501.4],[7924.2,8501.4],[7924.2,8548],[7970.8,8548],[7970.8,8548.2],[8017.4,8548.2],[8017.4,8501.6],[8017.6,8501.6],[8017.6,8501.7],[8064.1,8501.7],[8064.1,8455.2],[8017.6,8455.2],[8017.6,8455],[8017.7,8455],[8017.7,8408.4],[7971.1,8408.4],[7971.1,8455],[7971,8455],[7971,8454.8],[7924.4,8454.8],[7924.4,8454.6],[7877.8,8454.6],[7877.8,8501.2]],[[7971,8501.6],[7970.8,8501.6],[7970.8,8501.4],[7971,8501.4],[7971,8501.6]]],[[[7644.6,8593.4],[7644.6,8546.8],[7644.7,8546.8],[7644.7,8500.2],[7598.1,8500.2],[7598.1,8546.8],[7598,8546.8],[7598,8593.4],[7644.6,8593.4]]],[[[7784.5,8500.9],[7784.5,8547.5],[7831.1,8547.5],[7831.1,8500.9],[7784.5,8500.9]]],[[[7784.3,8547.3],[7737.7,8547.3],[7737.7,8593.9],[7784.3,8593.9],[7784.3,8547.3]]],[[[7644,8686.7],[7644,8733.3],[7690.6,8733.3],[7690.6,8686.7],[7644,8686.7]]],[[[7457.5,8732.6],[7457.5,8779.2],[7504.1,8779.2],[7504.1,8732.6],[7457.5,8732.6]]],[[[7782.8,8966.5],[7736.2,8966.5],[7736.2,9013.1],[7782.8,9013.1],[7782.8,8966.5]]],[[[7642.8,9012.8],[7642.8,9059.4],[7689.4,9059.4],[7689.4,9012.8],[7642.8,9012.8]]],[[[7922.3,9013.8],[7922.3,9060.4],[7968.9,9060.4],[7968.9,9013.8],[7922.3,9013.8]]],[[[8015.2,9107.2],[7968.6,9107.2],[7968.6,9153.7],[8015.2,9153.7],[8015.2,9107.2]]],[[[7828.7,9199.6],[7828.7,9199.8],[7875.3,9199.8],[7875.3,9153.2],[7828.7,9153.2],[7828.7,9153.1],[7782.1,9153.1],[7782.1,9199.6],[7828.7,9199.6]]],[[[7502.4,9198.4],[7455.8,9198.4],[7455.8,9245],[7502.4,9245],[7502.4,9198.4]]],[[[7735.3,9199.5],[7735.3,9246.1],[7781.9,9246.1],[7781.9,9199.5],[7735.3,9199.5]]],[[[7548.7,9338.4],[7548.7,9291.8],[7548.8,9291.8],[7548.8,9245.2],[7502.2,9245.2],[7502.2,9291.8],[7502.1,9291.8],[7502.1,9338.4],[7501.9,9338.4],[7501.9,9385],[7548.5,9385],[7548.5,9338.4],[7548.7,9338.4]]],[[[7781.6,9292.8],[7781.6,9339.4],[7828.2,9339.4],[7828.2,9292.8],[7781.6,9292.8]]],[[[7781.4,9339.2],[7734.8,9339.2],[7734.8,9385.8],[7781.4,9385.8],[7781.4,9339.2]]],[[[7687.9,9478.6],[7687.9,9478.8],[7734.5,9478.8],[7734.5,9432.2],[7687.9,9432.2],[7687.9,9432],[7641.3,9432],[7641.3,9478.6],[7687.9,9478.6]]],[[[7407.5,9663.9],[7361,9663.9],[7361,9710.5],[7407.5,9710.5],[7407.5,9663.9]]],[[[7687,9665.1],[7687,9711.7],[7733.6,9711.7],[7733.6,9665.1],[7687,9665.1]]],[[[7733.5,9711.9],[7733.5,9758.5],[7780,9758.5],[7780,9711.9],[7733.5,9711.9]]],[[[7872.7,9852.2],[7872.7,9898.7],[7872.5,9898.7],[7872.5,9945.3],[7872.3,9945.3],[7872.3,9991.9],[7918.9,9991.9],[7918.9,9945.3],[7919.1,9945.3],[7919.1,9898.7],[7919.3,9898.7],[7919.3,9852.2],[7919.4,9852.2],[7919.4,9852.3],[7966,9852.3],[7966,9805.7],[7966.2,9805.7],[7966.2,9759.2],[7966.4,9759.2],[7966.4,9712.6],[7919.8,9712.6],[7919.8,9759.2],[7919.6,9759.2],[7919.6,9805.7],[7919.4,9805.7],[7919.4,9805.6],[7872.9,9805.6],[7872.9,9852.2],[7872.7,9852.2]]],[[[7593.5,9758],[7593.5,9804.5],[7640.1,9804.5],[7640.1,9758],[7593.5,9758]]],[[[7593.2,9851.1],[7593.2,9897.7],[7639.8,9897.7],[7639.8,9851.1],[7593.2,9851.1]]],[[[7732.8,9898.2],[7732.8,9944.8],[7732.6,9944.8],[7732.6,9991.4],[7779.2,9991.4],[7779.2,9944.8],[7779.4,9944.8],[7779.4,9898.2],[7732.8,9898.2]]],[[[7499.5,9990.5],[7499.5,10037.1],[7546.1,10037.1],[7546.1,9990.5],[7499.5,9990.5]]],[[[7639.3,9990.9],[7592.7,9990.9],[7592.7,10037.5],[7639.3,10037.5],[7639.3,9990.9]]],[[[7545.9,10037.3],[7545.9,10083.9],[7592.5,10083.9],[7592.5,10037.3],[7545.9,10037.3]]],[[[7918.6,10038.7],[7918.6,10085.2],[7965.2,10085.2],[7965.2,10038.7],[7918.6,10038.7]]],[[[7778.7,10084.6],[7732.1,10084.6],[7732.1,10131.1],[7778.7,10131.1],[7778.7,10084.6]]],[[[8058.2,10132.2],[8058.2,10132.3],[8104.8,10132.3],[8104.8,10085.8],[8058.2,10085.8],[8058.2,10085.6],[8011.6,10085.6],[8011.6,10132.2],[8058.2,10132.2]]],[[[7685.2,10177.6],[7685.2,10177.4],[7685.3,10177.4],[7685.3,10130.8],[7638.8,10130.8],[7638.8,10130.6],[7592.2,10130.6],[7592.2,10177.2],[7592,10177.2],[7592,10223.8],[7638.6,10223.8],[7638.6,10224],[7638.4,10224],[7638.4,10270.6],[7685,10270.6],[7685,10224],[7685.2,10224],[7685.2,10224.1],[7731.7,10224.1],[7731.7,10177.6],[7685.2,10177.6]],[[7638.6,10177.4],[7638.6,10177.2],[7638.7,10177.2],[7638.7,10177.4],[7638.6,10177.4]]],[[[7963.8,10411.5],[7963.8,10458.1],[8010.4,10458.1],[8010.4,10411.5],[8010.6,10411.5],[8010.6,10364.9],[8010.7,10364.9],[8010.7,10318.3],[7964.1,10318.3],[7964.1,10364.9],[7964,10364.9],[7964,10364.7],[7917.4,10364.7],[7917.4,10411.3],[7964,10411.3],[7964,10411.5],[7963.8,10411.5]]],[[[7591.3,10363.4],[7544.7,10363.4],[7544.7,10410],[7591.3,10410],[7591.3,10363.4]]],[[[7498,10409.6],[7451.4,10409.6],[7451.4,10456.2],[7498,10456.2],[7498,10409.6]]],[[[7636.9,10689.6],[7636.9,10643],[7590.3,10643],[7590.3,10642.9],[7543.7,10642.9],[7543.7,10689.5],[7543.5,10689.5],[7543.5,10736.1],[7590.1,10736.1],[7590.1,10736.2],[7636.7,10736.2],[7636.7,10689.6],[7636.9,10689.6]],[[7590.1,10689.6],[7590.1,10689.5],[7590.3,10689.5],[7590.3,10689.6],[7590.1,10689.6]]],[[[7823.2,10643.9],[7823.2,10690.5],[7869.8,10690.5],[7869.8,10643.9],[7823.2,10643.9]]],[[[7775.9,10876.5],[7775.9,10876.7],[7822.5,10876.7],[7822.5,10830.1],[7775.9,10830.1],[7775.9,10829.9],[7729.4,10829.9],[7729.4,10876.5],[7729.2,10876.5],[7729.2,10876.3],[7682.6,10876.3],[7682.6,10922.9],[7729.2,10922.9],[7729.2,10923.1],[7775.8,10923.1],[7775.8,10876.5],[7775.9,10876.5]]],[[[7635.7,10969.3],[7635.7,11015.9],[7682.3,11015.9],[7682.3,10969.3],[7635.7,10969.3]]],[[[7961.8,10970.5],[7961.8,11017.1],[8008.3,11017.1],[8008.3,10970.5],[7961.8,10970.5]]],[[[7681.7,11155.8],[7728.3,11155.8],[7728.3,11109.2],[7728.5,11109.2],[7728.5,11062.6],[7681.9,11062.6],[7681.9,11109.2],[7681.8,11109.2],[7681.8,11109.1],[7635.2,11109.1],[7635.2,11155.6],[7681.7,11155.6],[7681.7,11155.8]]],[[[8007.8,11110.4],[8007.8,11157],[8054.4,11157],[8054.4,11157.2],[8101,11157.2],[8101,11110.6],[8101.2,11110.6],[8101.2,11110.8],[8147.8,11110.8],[8147.8,11064.2],[8101.2,11064.2],[8101.2,11064],[8054.6,11064],[8054.6,11110.6],[8054.4,11110.6],[8054.4,11110.4],[8007.8,11110.4]]],[[[8054.1,11203.6],[8007.5,11203.6],[8007.5,11250.2],[8054.1,11250.2],[8054.1,11203.6]]],[[[7914.1,11249.8],[7914.1,11296.4],[7960.7,11296.4],[7960.7,11249.8],[7914.1,11249.8]]],[[[7401.6,11294.5],[7401.6,11341.1],[7448.2,11341.1],[7448.2,11294.5],[7401.6,11294.5]]],[[[7634.1,11388.6],[7634.1,11435.2],[7680.7,11435.2],[7680.7,11388.6],[7634.1,11388.6]]],[[[7540.6,11481.2],[7494,11481.2],[7494,11527.8],[7540.6,11527.8],[7540.6,11481.2]]],[[[7540.3,11574.6],[7540.3,11621.1],[7586.9,11621.1],[7586.9,11574.6],[7540.3,11574.6]]],[[[7446.8,11667.4],[7446.8,11714],[7493.4,11714],[7493.4,11667.4],[7446.8,11667.4]]],[[[8093,13300.1],[8046.4,13300.1],[8046.4,13346.7],[8093,13346.7],[8093,13346.8],[8092.8,13346.8],[8092.8,13393.4],[8139.4,13393.4],[8139.4,13346.8],[8139.6,13346.8],[8139.6,13300.2],[8093,13300.2],[8093,13300.1]]],[[[7765.7,13671.5],[7765.7,13671.7],[7812.3,13671.7],[7812.3,13625.1],[7765.7,13625.1],[7765.7,13625],[7719.1,13625],[7719.1,13671.5],[7765.7,13671.5]]],[[[7579,13764.2],[7578.8,13764.2],[7578.8,13810.8],[7578.7,13810.8],[7578.7,13810.6],[7532.1,13810.6],[7532.1,13857.2],[7578.7,13857.2],[7578.7,13857.4],[7625.3,13857.4],[7625.3,13810.8],[7625.4,13810.8],[7625.4,13811],[7672,13811],[7672,13811.1],[7718.6,13811.1],[7718.6,13764.5],[7718.8,13764.5],[7718.8,13718],[7718.9,13718],[7718.9,13671.4],[7672.4,13671.4],[7672.4,13718],[7672.2,13718],[7672.2,13717.8],[7625.6,13717.8],[7625.6,13717.6],[7579,13717.6],[7579,13764.2]],[[7625.6,13764.2],[7625.6,13764.4],[7625.4,13764.4],[7625.4,13764.2],[7625.6,13764.2]],[[7672.2,13764.4],[7672.2,13764.5],[7672,13764.5],[7672,13764.4],[7672.2,13764.4]]],[[[7857.8,13905],[7857.8,13951.6],[7857.7,13951.6],[7857.7,13998.2],[7904.3,13998.2],[7904.3,13951.6],[7904.4,13951.6],[7904.4,13951.7],[7951,13951.7],[7951,13905.2],[7951.2,13905.2],[7951.2,13858.6],[7904.6,13858.6],[7904.6,13858.4],[7904.8,13858.4],[7904.8,13811.8],[7858.2,13811.8],[7858.2,13858.4],[7858,13858.4],[7858,13905],[7857.8,13905]],[[7904.6,13905.1],[7904.4,13905.1],[7904.4,13905],[7904.6,13905],[7904.6,13905.1]]],[[[7531.9,13857],[7485.3,13857],[7485.3,13903.6],[7531.9,13903.6],[7531.9,13857]]],[[[7857,14137.7],[7810.4,14137.7],[7810.4,14137.6],[7810.6,14137.6],[7810.6,14091],[7764,14091],[7764,14090.8],[7717.4,14090.8],[7717.4,14137.4],[7764,14137.4],[7764,14137.6],[7763.8,14137.6],[7763.8,14184.1],[7810.4,14184.1],[7810.4,14184.3],[7857,14184.3],[7857,14137.7]]],[[[7387.6,15114.5],[7387.6,15161.1],[7434.2,15161.1],[7434.2,15114.5],[7387.6,15114.5]]],[[[7992.8,15256.3],[7992.8,15256.5],[8039.4,15256.5],[8039.4,15209.9],[8039.6,15209.9],[8039.6,15163.3],[7993,15163.3],[7993,15163.1],[7946.4,15163.1],[7946.4,15209.7],[7946.2,15209.7],[7946.2,15256.3],[7946.1,15256.3],[7946.1,15302.9],[7992.6,15302.9],[7992.6,15256.3],[7992.8,15256.3]],[[7992.8,15209.7],[7993,15209.7],[7993,15209.9],[7992.8,15209.9],[7992.8,15209.7]]],[[[7945.7,15349.5],[7945.7,15396],[7992.3,15396],[7992.3,15349.5],[7945.7,15349.5]]],[[[7991.4,15629],[7991.4,15582.4],[7944.9,15582.4],[7944.9,15582.2],[7945,15582.2],[7945,15535.6],[7898.5,15535.6],[7898.5,15535.4],[7851.9,15535.4],[7851.9,15582],[7851.7,15582],[7851.7,15628.6],[7898.3,15628.6],[7898.3,15628.8],[7944.9,15628.8],[7944.9,15629],[7991.4,15629]],[[7898.4,15582],[7898.4,15582.2],[7898.3,15582.2],[7898.3,15582],[7898.4,15582]]],[[[7664.3,15907.3],[7664.3,15907.4],[7710.9,15907.4],[7710.9,15860.9],[7664.3,15860.9],[7664.3,15860.7],[7664.5,15860.7],[7664.5,15814.1],[7617.9,15814.1],[7617.9,15860.7],[7617.8,15860.7],[7617.8,15860.5],[7571.2,15860.5],[7571.2,15907.1],[7617.7,15907.1],[7617.7,15907.3],[7664.3,15907.3]]],[[[7477.7,15953.3],[7477.7,15999.9],[7477.5,15999.9],[7477.5,16046.5],[7524.1,16046.5],[7524.1,15999.9],[7524.2,15999.9],[7524.2,15953.3],[7477.7,15953.3]]],[[[7757,16001],[7757,16047.5],[7803.6,16047.5],[7803.6,16001],[7757,16001]]],[[[7896.6,16047.9],[7850,16047.9],[7850,16094.5],[7896.6,16094.5],[7896.6,16047.9]]],[[[7989.6,16141.4],[7989.6,16094.8],[7989.7,16094.8],[7989.7,16048.2],[7943.2,16048.2],[7943.2,16094.8],[7943,16094.8],[7943,16094.6],[7896.4,16094.6],[7896.4,16141.2],[7943,16141.2],[7943,16141.4],[7989.6,16141.4]]],[[[7523.2,16233],[7523.2,16232.9],[7476.6,16232.9],[7476.6,16279.4],[7476.5,16279.4],[7476.5,16326],[7523,16326],[7523,16326.2],[7569.6,16326.2],[7569.6,16279.6],[7569.8,16279.6],[7569.8,16233],[7570,16233],[7570,16186.4],[7570.1,16186.4],[7570.1,16139.9],[7523.6,16139.9],[7523.6,16139.7],[7523.7,16139.7],[7523.7,16093.1],[7477.1,16093.1],[7477.1,16139.7],[7477,16139.7],[7477,16186.3],[7523.6,16186.3],[7523.6,16186.4],[7523.4,16186.4],[7523.4,16233],[7523.2,16233]],[[7523.2,16279.4],[7523.2,16279.6],[7523.1,16279.6],[7523.1,16279.4],[7523.2,16279.4]]],[[[7709.6,16233.7],[7709.6,16233.5],[7663,16233.5],[7663,16280.1],[7662.8,16280.1],[7662.8,16326.7],[7709.4,16326.7],[7709.4,16326.9],[7756,16326.9],[7756,16280.3],[7756.1,16280.3],[7756.1,16233.7],[7709.6,16233.7]],[[7709.6,16280.3],[7709.4,16280.3],[7709.4,16280.1],[7709.6,16280.1],[7709.6,16280.3]]],[[[8128.6,16281.7],[8082.1,16281.7],[8082.1,16328.3],[8128.6,16328.3],[8128.6,16281.7]]],[[[7709,16373.5],[7709,16420.1],[7755.6,16420.1],[7755.6,16373.5],[7709,16373.5]]],[[[8173.9,16701.1],[8173.9,16701.3],[8220.4,16701.3],[8220.4,16654.7],[8173.9,16654.7],[8173.9,16654.5],[8127.3,16654.5],[8127.3,16654.3],[8080.7,16654.3],[8080.7,16700.9],[8127.3,16700.9],[8127.3,16701.1],[8173.9,16701.1]]],[[[9247,3475.1],[9200.4,3475.1],[9200.4,3521.7],[9247,3521.7],[9247,3475.1]]],[[[8082.2,3517.5],[8082.2,3564.1],[8128.8,3564.1],[8128.8,3517.5],[8082.2,3517.5]]],[[[8780.5,3659.9],[8780.5,3706.4],[8827,3706.4],[8827,3659.9],[8780.5,3659.9]]],[[[8453.7,3844.8],[8407.1,3844.8],[8407.1,3891.4],[8453.7,3891.4],[8453.7,3844.8]]],[[[9012.7,3847],[9012.7,3893.6],[9059.3,3893.6],[9059.3,3847],[9012.7,3847]]],[[[9058.8,3987],[9058.8,4033.5],[9105.3,4033.5],[9105.3,4033.7],[9151.9,4033.7],[9151.9,3987.1],[9105.3,3987.1],[9105.3,3987],[9058.8,3987]]],[[[8918.8,4079.4],[8918.8,4079.6],[8965.4,4079.6],[8965.4,4033],[8918.8,4033],[8918.8,4032.9],[8872.3,4032.9],[8872.3,4079.4],[8918.8,4079.4]]],[[[9058.4,4126.5],[9058.4,4080],[9058.6,4080],[9058.6,4033.4],[9012,4033.4],[9012,4080],[9011.8,4080],[9011.8,4079.8],[8965.2,4079.8],[8965.2,4126.4],[9011.8,4126.4],[9011.8,4126.5],[9058.4,4126.5]]],[[[8825.3,4125.7],[8778.7,4125.7],[8778.7,4172.3],[8825.3,4172.3],[8825.3,4125.7]]],[[[8871.9,4126],[8871.9,4172.6],[8918.5,4172.6],[8918.5,4126],[8871.9,4126]]],[[[9477,4268],[9477,4314.6],[9523.6,4314.6],[9523.6,4268],[9477,4268]]],[[[8730.5,4637.9],[8730.3,4637.9],[8730.3,4684.5],[8776.9,4684.5],[8776.9,4684.7],[8823.5,4684.7],[8823.5,4684.8],[8870,4684.8],[8870,4638.3],[8870.2,4638.3],[8870.2,4591.7],[8870.4,4591.7],[8870.4,4545.1],[8823.8,4545.1],[8823.8,4591.7],[8823.6,4591.7],[8823.6,4591.5],[8777.1,4591.5],[8777.1,4591.3],[8730.5,4591.3],[8730.5,4637.9]],[[8777,4638.1],[8776.9,4638.1],[8776.9,4637.9],[8777,4637.9],[8777,4638.1]],[[8823.5,4638.3],[8823.5,4638.1],[8823.6,4638.1],[8823.6,4638.3],[8823.5,4638.3]]],[[[9382.5,4686.7],[9382.5,4640.1],[9382.6,4640.1],[9382.6,4593.6],[9336,4593.6],[9336,4640.1],[9335.9,4640.1],[9335.9,4686.7],[9382.5,4686.7]]],[[[9148.3,4965.4],[9101.8,4965.4],[9101.8,5012],[9148.3,5012],[9148.3,4965.4]]],[[[9521,4966.9],[9521,5013.5],[9567.6,5013.5],[9567.6,4966.9],[9521,4966.9]]],[[[8915.1,5057.8],[8915.1,5104.4],[8961.7,5104.4],[8961.7,5057.8],[8915.1,5057.8]]],[[[9333.3,5338.7],[9286.7,5338.7],[9286.7,5385.3],[9333.3,5385.3],[9333.3,5338.7]]],[[[9379.2,5571.8],[9379.2,5572],[9425.8,5572],[9425.8,5525.4],[9379.2,5525.4],[9379.2,5525.2],[9332.6,5525.2],[9332.6,5571.8],[9379.2,5571.8]]],[[[9236.9,6223.4],[9190.3,6223.4],[9190.3,6270],[9236.9,6270],[9236.9,6223.4]]],[[[8909.8,6501.9],[8909.8,6548.5],[8956.4,6548.5],[8956.4,6501.9],[8909.8,6501.9]]],[[[9514.2,6830.2],[9514.2,6876.8],[9560.8,6876.8],[9560.8,6830.2],[9514.2,6830.2]]],[[[9373.8,7015.9],[9327.2,7015.9],[9327.2,7062.5],[9373.8,7062.5],[9373.8,7015.9]]],[[[9325.8,7388.5],[9325.8,7435.1],[9372.4,7435.1],[9372.4,7388.5],[9325.8,7388.5]]],[[[8486.5,7618.2],[8439.9,7618.2],[8439.9,7664.8],[8486.5,7664.8],[8486.5,7618.2]]],[[[8765.6,7712.6],[8765.6,7759.1],[8812.2,7759.1],[8812.2,7712.6],[8765.6,7712.6]]],[[[8532.5,7758.3],[8532.5,7804.9],[8579.1,7804.9],[8579.1,7758.3],[8532.5,7758.3]]],[[[9463.9,7854.7],[9417.3,7854.7],[9417.3,7901.3],[9463.9,7901.3],[9463.9,7854.7]]],[[[8857.8,7992.4],[8857.8,8039],[8904.3,8039],[8904.3,7992.4],[8857.8,7992.4]]],[[[9277,7993.9],[9277,8040.5],[9323.6,8040.5],[9323.6,7993.9],[9277,7993.9]]],[[[8578.1,8084.5],[8577.9,8084.5],[8577.9,8084.4],[8531.3,8084.4],[8531.3,8131],[8531.2,8131],[8531.2,8177.5],[8577.7,8177.5],[8577.7,8177.7],[8577.6,8177.7],[8577.6,8224.3],[8624.2,8224.3],[8624.2,8177.7],[8624.3,8177.7],[8624.3,8131.1],[8624.5,8131.1],[8624.5,8131.3],[8671.1,8131.3],[8671.1,8084.7],[8671.3,8084.7],[8671.3,8038.1],[8624.7,8038.1],[8624.7,8038],[8578.1,8038],[8578.1,8084.5]],[[8624.7,8084.7],[8624.5,8084.7],[8624.5,8084.5],[8624.7,8084.5],[8624.7,8084.7]],[[8577.9,8131.1],[8577.8,8131.1],[8577.8,8131],[8577.9,8131],[8577.9,8131.1]]],[[[9509.7,8041.4],[9509.7,8088],[9556.3,8088],[9556.3,8041.4],[9509.7,8041.4]]],[[[8111.7,8176],[8111.7,8222.6],[8158.3,8222.6],[8158.3,8176],[8111.7,8176]]],[[[9043.2,8226],[9043.2,8272.6],[9089.8,8272.6],[9089.8,8226],[9043.2,8226]]],[[[9415.9,8227.4],[9415.9,8274],[9462.5,8274],[9462.5,8227.4],[9415.9,8227.4]]],[[[9089.5,8319.2],[9042.9,8319.2],[9042.9,8365.8],[9089.5,8365.8],[9089.5,8319.2]]],[[[8996,8412.2],[8996,8458.8],[9042.6,8458.8],[9042.6,8412.2],[8996,8412.2]]],[[[9042.4,8458.9],[9042.4,8505.5],[9089,8505.5],[9089,8458.9],[9042.4,8458.9]]],[[[9042,8551.9],[8995.5,8551.9],[8995.5,8598.5],[9042,8598.5],[9042,8551.9]]],[[[8902,8644.7],[8902,8691.3],[8948.5,8691.3],[8948.5,8644.7],[8902,8644.7]]],[[[9414.2,8693.2],[9414.2,8739.8],[9460.8,8739.8],[9460.8,8693.2],[9414.2,8693.2]]],[[[8249.3,8781.9],[8202.7,8781.9],[8202.7,8828.5],[8249.3,8828.5],[8249.3,8781.9]]],[[[8248.9,8921.7],[8248.9,8921.9],[8295.5,8921.9],[8295.5,8875.3],[8248.9,8875.3],[8248.9,8875.1],[8202.4,8875.1],[8202.4,8921.7],[8248.9,8921.7]]],[[[8807.4,9017.1],[8807.4,9063.7],[8807.3,9063.7],[8807.3,9110.2],[8853.8,9110.2],[8853.8,9063.7],[8854,9063.7],[8854,9017.1],[8807.4,9017.1]]],[[[9226.7,9018.6],[9226.7,9065.2],[9273.3,9065.2],[9273.3,9018.6],[9226.7,9018.6]]],[[[9366.3,9065.5],[9319.7,9065.5],[9319.7,9112.1],[9366.3,9112.1],[9366.3,9065.5]]],[[[8154.9,9107.8],[8154.9,9154.4],[8201.5,9154.4],[8201.5,9107.8],[8154.9,9107.8]]],[[[8993.2,9203.9],[8993.2,9157.3],[8993.4,9157.3],[8993.4,9110.7],[8946.8,9110.7],[8946.8,9157.3],[8946.7,9157.3],[8946.7,9203.9],[8993.2,9203.9]]],[[[8294.5,9154.9],[8294.5,9201.5],[8294.3,9201.5],[8294.3,9248.1],[8340.9,9248.1],[8340.9,9201.5],[8341.1,9201.5],[8341.1,9154.9],[8294.5,9154.9]]],[[[8433.9,9248.4],[8387.3,9248.4],[8387.3,9295],[8433.9,9295],[8433.9,9248.4]]],[[[8340.6,9294.9],[8340.6,9341.4],[8387.2,9341.4],[8387.2,9294.9],[8340.6,9294.9]]],[[[9365.2,9391.6],[9365.2,9345],[9318.6,9345],[9318.6,9344.9],[9272.1,9344.9],[9272.1,9391.4],[9271.9,9391.4],[9271.9,9438],[9318.5,9438],[9318.5,9391.5],[9318.6,9391.5],[9318.6,9391.6],[9365.2,9391.6]]],[[[8992.4,9390.4],[8992.4,9437],[9039,9437],[9039,9390.4],[8992.4,9390.4]]],[[[9132.1,9390.9],[9132.1,9437.5],[9178.7,9437.5],[9178.7,9390.9],[9132.1,9390.9]]],[[[9365.1,9391.8],[9365.1,9438.4],[9411.6,9438.4],[9411.6,9391.8],[9365.1,9391.8]]],[[[8945.3,9530],[8945.3,9576.6],[8991.9,9576.6],[8991.9,9530],[8992.1,9530],[8992.1,9483.4],[8992.2,9483.4],[8992.2,9436.8],[8945.6,9436.8],[8945.6,9483.4],[8945.5,9483.4],[8945.5,9483.2],[8898.9,9483.2],[8898.9,9529.8],[8945.5,9529.8],[8945.5,9530],[8945.3,9530]]],[[[9364.7,9485],[9364.7,9531.5],[9411.3,9531.5],[9411.3,9485],[9364.7,9485]]],[[[9551.1,9485.5],[9504.5,9485.5],[9504.5,9532.1],[9551.1,9532.1],[9551.1,9485.5]]],[[[8386.3,9527.9],[8386.3,9574.5],[8432.9,9574.5],[8432.9,9527.9],[8386.3,9527.9]]],[[[9457.2,9671.5],[9410.6,9671.5],[9410.6,9718.1],[9457.2,9718.1],[9457.2,9671.5]]],[[[8385.6,9714.3],[8385.6,9760.9],[8432.2,9760.9],[8432.2,9714.3],[8385.6,9714.3]]],[[[8338.9,9760.7],[8338.9,9807.3],[8385.4,9807.3],[8385.4,9760.7],[8338.9,9760.7]]],[[[8338.5,9900.4],[8338.3,9900.4],[8338.3,9947],[8384.9,9947],[8384.9,9900.5],[8385.1,9900.5],[8385.1,9853.9],[8338.5,9853.9],[8338.5,9900.4]]],[[[8571.3,9901.3],[8571.3,9947.9],[8617.9,9947.9],[8617.9,9901.3],[8571.3,9901.3]]],[[[8198.1,10086.1],[8198.1,10039.5],[8198.3,10039.5],[8198.3,9992.9],[8151.7,9992.9],[8151.7,10039.5],[8151.5,10039.5],[8151.5,10086.1],[8198.1,10086.1]]],[[[8338,9993.4],[8291.4,9993.4],[8291.4,10040],[8338,10040],[8338,9993.4]]],[[[8383.9,10180.1],[8383.9,10226.7],[8383.7,10226.7],[8383.7,10273.3],[8430.3,10273.3],[8430.3,10226.7],[8430.5,10226.7],[8430.5,10180.1],[8383.9,10180.1]]],[[[8663.4,10227.7],[8710,10227.7],[8710,10227.9],[8756.6,10227.9],[8756.6,10181.3],[8710,10181.3],[8710,10181.1],[8663.4,10181.1],[8663.4,10227.7]]],[[[8290.4,10272.8],[8243.8,10272.8],[8243.8,10319.4],[8290.4,10319.4],[8290.4,10272.8]]],[[[8663.1,10320.7],[8663.1,10320.9],[8709.7,10320.9],[8709.7,10274.3],[8663.1,10274.3],[8663.1,10274.1],[8616.5,10274.1],[8616.5,10320.7],[8616.3,10320.7],[8616.3,10320.6],[8569.7,10320.6],[8569.7,10367.1],[8616.3,10367.1],[8616.3,10367.3],[8662.9,10367.3],[8662.9,10320.7],[8663.1,10320.7]]],[[[8196.9,10365.8],[8196.9,10412.4],[8243.5,10412.4],[8243.5,10365.8],[8196.9,10365.8]]],[[[8196.7,10412.2],[8150.1,10412.2],[8150.1,10458.8],[8196.7,10458.8],[8196.7,10412.2]]],[[[8522.6,10460.1],[8522.6,10460],[8476.1,10460],[8476.1,10506.5],[8475.9,10506.5],[8475.9,10553.1],[8522.5,10553.1],[8522.5,10553.3],[8569.1,10553.3],[8569.1,10506.7],[8569.2,10506.7],[8569.2,10460.1],[8522.6,10460.1]],[[8522.6,10506.7],[8522.5,10506.7],[8522.5,10506.6],[8522.6,10506.6],[8522.6,10506.7]]],[[[8289.4,10552.4],[8289.4,10599],[8336,10599],[8336,10552.4],[8289.4,10552.4]]],[[[8148.8,10784.7],[8102.2,10784.7],[8102.2,10831.3],[8148.8,10831.3],[8148.8,10784.7]]],[[[8195.4,10785],[8195.4,10831.6],[8241.9,10831.6],[8241.9,10785],[8195.4,10785]]],[[[8241.8,10831.8],[8241.8,10878.4],[8241.6,10878.4],[8241.6,10925],[8288.2,10925],[8288.2,10878.4],[8288.4,10878.4],[8288.4,10831.8],[8241.8,10831.8]]],[[[8148.1,10971.2],[8148.1,11017.8],[8194.7,11017.8],[8194.7,11018],[8241.3,11018],[8241.3,11018.1],[8287.8,11018.1],[8287.8,10971.5],[8241.3,10971.5],[8241.3,10971.4],[8241.4,10971.4],[8241.4,10924.8],[8194.9,10924.8],[8194.9,10924.6],[8148.3,10924.6],[8148.3,10971.2],[8148.1,10971.2]],[[8194.7,10971.4],[8194.7,10971.2],[8194.8,10971.2],[8194.8,10971.4],[8194.7,10971.4]]],[[[9259.4,12838.5],[9259.4,12838.7],[9306,12838.7],[9306,12792.1],[9259.4,12792.1],[9259.4,12791.9],[9212.9,12791.9],[9212.9,12838.5],[9259.4,12838.5]]],[[[8513.6,12928.9],[8467,12928.9],[8467,12975.5],[8513.6,12975.5],[8513.6,12928.9]]],[[[8932.7,13023.6],[8932.7,12977.1],[8932.8,12977.1],[8932.8,12977.2],[8979.4,12977.2],[8979.4,12930.6],[8932.8,12930.6],[8932.8,12930.5],[8886.3,12930.5],[8886.3,12930.3],[8839.7,12930.3],[8839.7,12976.9],[8886.3,12976.9],[8886.3,12977.1],[8886.1,12977.1],[8886.1,13023.6],[8885.9,13023.6],[8885.9,13070.2],[8932.5,13070.2],[8932.5,13023.6],[8932.7,13023.6]]],[[[8326.8,13068],[8280.2,13068],[8280.2,13114.6],[8326.8,13114.6],[8326.8,13068]]],[[[8186.7,13160.8],[8186.7,13207.4],[8233.2,13207.4],[8233.2,13160.8],[8186.7,13160.8]]],[[[8512.2,13301.6],[8465.6,13301.6],[8465.6,13301.4],[8419.1,13301.4],[8419.1,13348],[8418.9,13348],[8418.9,13394.6],[8465.5,13394.6],[8465.5,13394.8],[8512.1,13394.8],[8512.1,13348.2],[8512.2,13348.2],[8512.2,13301.6]],[[8465.6,13348],[8465.6,13348.2],[8465.5,13348.2],[8465.5,13348],[8465.6,13348]]],[[[8838.1,13349.6],[8838.1,13396.1],[8838,13396.1],[8838,13442.7],[8884.6,13442.7],[8884.6,13396.1],[8884.7,13396.1],[8884.7,13349.6],[8838.1,13349.6]]],[[[8791.2,13442.6],[8791.2,13489.1],[8837.8,13489.1],[8837.8,13442.6],[8791.2,13442.6]]],[[[8884.2,13489.5],[8884.2,13536.1],[8930.8,13536.1],[8930.8,13489.5],[8884.2,13489.5]]],[[[8413.6,14838.6],[8413.6,14792],[8413.8,14792],[8413.8,14792.1],[8460.4,14792.1],[8460.4,14792.3],[8506.9,14792.3],[8506.9,14745.7],[8460.4,14745.7],[8460.4,14745.6],[8413.8,14745.6],[8413.8,14745.4],[8367.2,14745.4],[8367.2,14792],[8367,14792],[8367,14838.6],[8413.6,14838.6]]],[[[9065.6,14887.7],[9112.2,14887.7],[9112.2,14887.9],[9112,14887.9],[9112,14934.5],[9158.6,14934.5],[9158.6,14887.9],[9158.8,14887.9],[9158.8,14888.1],[9205.4,14888.1],[9205.4,14841.5],[9205.5,14841.5],[9205.5,14794.9],[9158.9,14794.9],[9158.9,14841.5],[9158.8,14841.5],[9158.8,14841.3],[9112.2,14841.3],[9112.2,14841.1],[9065.6,14841.1],[9065.6,14887.7]]],[[[8413.4,14838.7],[8413.4,14885.3],[8460,14885.3],[8460,14838.7],[8413.4,14838.7]]],[[[8273.2,14977.8],[8226.6,14977.8],[8226.6,14977.6],[8180,14977.6],[8180,15024.2],[8179.8,15024.2],[8179.8,15070.8],[8226.4,15070.8],[8226.4,15071],[8273,15071],[8273,15024.4],[8273.2,15024.4],[8273.2,14977.8]],[[8226.4,15024.4],[8226.4,15024.2],[8226.6,15024.2],[8226.6,15024.4],[8226.4,15024.4]]],[[[8597.9,15351.8],[8597.9,15351.7],[8551.3,15351.7],[8551.3,15398.3],[8551.1,15398.3],[8551.1,15444.9],[8597.7,15444.9],[8597.7,15398.3],[8597.9,15398.3],[8597.9,15398.4],[8644.5,15398.4],[8644.5,15351.8],[8597.9,15351.8]]],[[[9015.3,15865.8],[9015.3,15912.4],[9061.9,15912.4],[9061.9,15865.8],[9015.3,15865.8]]],[[[8316,16049.4],[8316,16002.8],[8269.4,16002.8],[8269.4,16002.7],[8222.8,16002.7],[8222.8,16049.3],[8222.7,16049.3],[8222.7,16095.8],[8269.2,16095.8],[8269.2,16096],[8315.8,16096],[8315.8,16049.4],[8316,16049.4]],[[8269.4,16049.3],[8269.4,16049.4],[8269.2,16049.4],[8269.2,16049.3],[8269.4,16049.3]]],[[[8082.9,16048.7],[8082.9,16095.3],[8082.7,16095.3],[8082.7,16141.9],[8129.3,16141.9],[8129.3,16095.3],[8129.5,16095.3],[8129.5,16048.7],[8082.9,16048.7]]],[[[8455.6,16050.1],[8455.6,16096.7],[8502.2,16096.7],[8502.2,16050.1],[8455.6,16050.1]]],[[[8687.1,16423.6],[8687.1,16423.5],[8687.3,16423.5],[8687.3,16376.9],[8640.7,16376.9],[8640.7,16423.5],[8640.5,16423.5],[8640.5,16470.1],[8687.1,16470.1],[8687.1,16470.2],[8733.7,16470.2],[8733.7,16423.6],[8687.1,16423.6]]],[[[8686.1,16703.2],[8686.1,16749.7],[8732.7,16749.7],[8732.7,16703.2],[8686.1,16703.2]]],[[[8685.9,16749.6],[8639.4,16749.6],[8639.4,16796.2],[8685.9,16796.2],[8685.9,16749.6]]],[[[9712.6,3570.1],[9712.4,3570.1],[9712.4,3616.7],[9759,3616.7],[9759,3570.1],[9759.2,3570.1],[9759.2,3523.5],[9712.6,3523.5],[9712.6,3570.1]]],[[[10085.1,3571.3],[10038.5,3571.3],[10038.5,3571.1],[9991.9,3571.1],[9991.9,3617.7],[9991.8,3617.7],[9991.8,3617.5],[9945.2,3617.5],[9945.2,3617.4],[9898.6,3617.4],[9898.6,3664],[9945.2,3664],[9945.2,3664.1],[9945,3664.1],[9945,3710.7],[9991.6,3710.7],[9991.6,3710.9],[10038.2,3710.9],[10038.2,3664.3],[10038.4,3664.3],[10038.4,3664.5],[10084.9,3664.5],[10084.9,3664.7],[10131.5,3664.7],[10131.5,3618.1],[10131.7,3618.1],[10131.7,3618.2],[10178.3,3618.2],[10178.3,3571.7],[10131.7,3571.7],[10131.7,3571.5],[10085.1,3571.5],[10085.1,3571.3]],[[10038.4,3617.7],[10038.5,3617.7],[10038.5,3617.9],[10038.4,3617.9],[10038.4,3617.7]],[[10084.9,3617.9],[10085.1,3617.9],[10085.1,3618.1],[10084.9,3618.1],[10084.9,3617.9]],[[9991.8,3664.1],[9991.8,3664.3],[9991.6,3664.3],[9991.6,3664.1],[9991.8,3664.1]]],[[[10457.6,3619.3],[10411,3619.3],[10411,3665.8],[10457.6,3665.8],[10457.6,3619.3]]],[[[10409.6,4038.3],[10409.6,4038.5],[10456.2,4038.5],[10456.2,4038.7],[10502.8,4038.7],[10502.8,3992.1],[10503,3992.1],[10503,3945.5],[10456.4,3945.5],[10456.4,3992.1],[10456.2,3992.1],[10456.2,3991.9],[10409.7,3991.9],[10409.7,3991.7],[10363.1,3991.7],[10363.1,4038.3],[10409.6,4038.3]]],[[[10223.2,4037.6],[10176.6,4037.6],[10176.6,4084.2],[10223.2,4084.2],[10223.2,4037.6]]],[[[9990.1,4130],[9990.1,4130.1],[10036.7,4130.1],[10036.7,4083.5],[9990.1,4083.5],[9990.1,4083.4],[9943.5,4083.4],[9943.5,4130],[9990.1,4130]]],[[[9803.2,4222.4],[9756.6,4222.4],[9756.6,4269],[9803.2,4269],[9803.2,4222.4]]],[[[10408.6,4271.4],[10408.6,4271.2],[10362,4271.2],[10362,4317.8],[10408.6,4317.8],[10408.6,4318],[10455.2,4318],[10455.2,4318.2],[10501.8,4318.2],[10501.8,4271.6],[10455.2,4271.6],[10455.2,4271.4],[10408.6,4271.4]]],[[[10454.7,4457.8],[10454.7,4457.9],[10501.3,4457.9],[10501.3,4411.3],[10454.7,4411.3],[10454.7,4411.2],[10454.9,4411.2],[10454.9,4364.6],[10408.3,4364.6],[10408.3,4364.4],[10361.7,4364.4],[10361.7,4411],[10361.5,4411],[10361.5,4457.6],[10361.4,4457.6],[10361.4,4504.2],[10408,4504.2],[10408,4457.6],[10408.1,4457.6],[10408.1,4457.8],[10454.7,4457.8]],[[10408.3,4411.2],[10408.1,4411.2],[10408.1,4411],[10408.3,4411],[10408.3,4411.2]]],[[[9568.9,4594.4],[9568.9,4641],[9615.5,4641],[9615.5,4594.4],[9568.9,4594.4]]],[[[10360.9,4597.3],[10360.9,4643.9],[10407.4,4643.9],[10407.4,4597.3],[10360.9,4597.3]]],[[[10453.9,4644.1],[10407.3,4644.1],[10407.3,4690.7],[10453.9,4690.7],[10453.9,4644.1]]],[[[9522,4687.4],[9522,4734],[9568.6,4734],[9568.6,4687.4],[9522,4687.4]]],[[[9941.3,4688.9],[9941.3,4735.5],[9987.9,4735.5],[9987.9,4688.9],[9941.3,4688.9]]],[[[10360,4830.1],[10313.4,4830.1],[10313.4,4876.7],[10360,4876.7],[10360,4830.1]]],[[[10453,4877.2],[10453,4923.7],[10452.8,4923.7],[10452.8,4970.3],[10499.4,4970.3],[10499.4,4923.7],[10499.6,4923.7],[10499.6,4877.2],[10453,4877.2]]],[[[10219.9,4922.9],[10219.9,4969.5],[10266.5,4969.5],[10266.5,4922.9],[10219.9,4922.9]]],[[[10312.6,5063],[10312.6,5109.6],[10359.2,5109.6],[10359.2,5063],[10312.6,5063]]],[[[10079,5248.5],[10079,5295],[10125.6,5295],[10125.6,5248.5],[10079,5248.5]]],[[[10265,5388.9],[10311.5,5388.9],[10311.5,5342.3],[10311.7,5342.3],[10311.7,5295.7],[10265.1,5295.7],[10265.1,5342.3],[10265,5342.3],[10265,5342.1],[10218.4,5342.1],[10218.4,5388.7],[10265,5388.7],[10265,5388.9]]],[[[9752.5,5340.4],[9752.5,5387],[9799.1,5387],[9799.1,5340.4],[9752.5,5340.4]]],[[[10450.8,5529.2],[10450.8,5482.6],[10450.9,5482.6],[10450.9,5482.7],[10497.5,5482.7],[10497.5,5482.9],[10544.1,5482.9],[10544.1,5436.3],[10497.5,5436.3],[10497.5,5436.2],[10497.7,5436.2],[10497.7,5389.6],[10451.1,5389.6],[10451.1,5389.4],[10451.3,5389.4],[10451.3,5342.8],[10404.7,5342.8],[10404.7,5389.4],[10404.5,5389.4],[10404.5,5436],[10404.4,5436],[10404.4,5482.6],[10404.2,5482.6],[10404.2,5529.2],[10450.8,5529.2]],[[10451.1,5436.2],[10451,5436.2],[10451,5436],[10451.1,5436],[10451.1,5436.2]]],[[[9799,5387.2],[9799,5433.8],[9845.5,5433.8],[9845.5,5433.9],[9892.1,5433.9],[9892.1,5387.3],[9845.6,5387.3],[9845.6,5387.2],[9799,5387.2]]],[[[10264.6,5435.3],[10218,5435.3],[10218,5481.9],[10264.6,5481.9],[10264.6,5435.3]]],[[[9751.7,5619.8],[9751.7,5573.2],[9751.9,5573.2],[9751.9,5573.3],[9798.5,5573.3],[9798.5,5526.8],[9798.6,5526.8],[9798.6,5480.2],[9752,5480.2],[9752,5526.8],[9751.9,5526.8],[9751.9,5526.6],[9705.3,5526.6],[9705.3,5573.2],[9705.1,5573.2],[9705.1,5619.8],[9751.7,5619.8]]],[[[9565.5,5572.7],[9612.1,5572.7],[9612.1,5572.8],[9658.7,5572.8],[9658.7,5526.2],[9612.1,5526.2],[9612.1,5526.1],[9565.5,5526.1],[9565.5,5572.7]]],[[[10217.5,5575],[10217.5,5574.9],[10217.7,5574.9],[10217.7,5528.3],[10171.1,5528.3],[10171.1,5574.9],[10170.9,5574.9],[10170.9,5621.5],[10217.5,5621.5],[10217.5,5621.6],[10264.1,5621.6],[10264.1,5575],[10217.5,5575]]],[[[10310.7,5575.4],[10310.7,5622],[10357.3,5622],[10357.3,5575.4],[10310.7,5575.4]]],[[[9844.5,5666.8],[9844.5,5713.4],[9891.1,5713.4],[9891.1,5666.8],[9844.5,5666.8]]],[[[10403.5,5715.5],[10450.1,5715.5],[10450.1,5715.7],[10496.7,5715.7],[10496.7,5669.1],[10450.1,5669.1],[10450.1,5668.9],[10403.5,5668.9],[10403.5,5715.5]]],[[[10123.8,5714.5],[10123.8,5761],[10170.4,5761],[10170.4,5714.5],[10123.8,5714.5]]],[[[10263.4,5761.5],[10263.4,5808.1],[10263.3,5808.1],[10263.3,5854.7],[10309.8,5854.7],[10309.8,5808.1],[10310,5808.1],[10310,5761.5],[10263.4,5761.5]]],[[[9564.3,5852.1],[9564.3,5898.7],[9610.9,5898.7],[9610.9,5852.1],[9564.3,5852.1]]],[[[10589,5949.1],[10635.6,5949.1],[10635.6,5902.5],[10589,5902.5],[10589,5902.3],[10542.4,5902.3],[10542.4,5948.9],[10589,5948.9],[10589,5949.1]]],[[[9796.9,5946.2],[9796.9,5992.8],[9843.5,5992.8],[9843.5,5946.2],[9796.9,5946.2]]],[[[10029.5,6040.2],[10029.5,6086.8],[10076.1,6086.8],[10076.1,6040.2],[10029.5,6040.2]]],[[[10309,6041],[10262.4,6041],[10262.4,6087.6],[10309,6087.6],[10309,6041]]],[[[10541.7,6135.1],[10541.7,6135.2],[10588.3,6135.2],[10588.3,6088.7],[10541.7,6088.7],[10541.7,6088.5],[10495.1,6088.5],[10495.1,6135.1],[10541.7,6135.1]]],[[[10075.6,6179.9],[10029,6179.9],[10029,6226.5],[10075.6,6226.5],[10075.6,6179.9]]],[[[10168.7,6180.5],[10168.7,6180.3],[10122.1,6180.3],[10122.1,6226.9],[10168.7,6226.9],[10168.7,6227],[10168.6,6227],[10168.6,6273.6],[10215.1,6273.6],[10215.1,6227],[10215.3,6227],[10215.3,6180.5],[10168.7,6180.5]]],[[[9982.2,6226.2],[9935.6,6226.2],[9935.6,6272.8],[9982.2,6272.8],[9982.2,6226.2]]],[[[10215,6273.8],[10215,6320.4],[10214.8,6320.4],[10214.8,6367],[10261.4,6367],[10261.4,6320.4],[10261.6,6320.4],[10261.6,6273.8],[10215,6273.8]]],[[[10354.5,6320.9],[10354.5,6367.5],[10401.1,6367.5],[10401.1,6320.9],[10354.5,6320.9]]],[[[10494.3,6321.4],[10494.3,6368],[10494.1,6368],[10494.1,6414.6],[10540.7,6414.6],[10540.7,6368],[10540.9,6368],[10540.9,6321.4],[10494.3,6321.4]]],[[[10074.9,6366.3],[10028.3,6366.3],[10028.3,6412.9],[10074.9,6412.9],[10074.9,6366.3]]],[[[9935,6412.5],[9935,6459.1],[9981.5,6459.1],[9981.5,6412.5],[9935,6412.5]]],[[[10400.8,6414],[10354.2,6414],[10354.2,6460.6],[10400.8,6460.6],[10400.8,6414]]],[[[10214.3,6460.1],[10214.3,6506.7],[10260.9,6506.7],[10260.9,6460.1],[10214.3,6460.1]]],[[[10074.2,6599.2],[10074.2,6552.6],[10074.4,6552.6],[10074.4,6506],[10027.8,6506],[10027.8,6552.6],[10027.6,6552.6],[10027.6,6599.2],[10027.4,6599.2],[10027.4,6645.8],[10074,6645.8],[10074,6599.2],[10074.2,6599.2]]],[[[10540.2,6554.5],[10586.8,6554.5],[10586.8,6554.7],[10633.4,6554.7],[10633.4,6508.1],[10586.8,6508.1],[10586.8,6507.9],[10540.2,6507.9],[10540.2,6507.7],[10493.6,6507.7],[10493.6,6507.6],[10447,6507.6],[10447,6554.1],[10493.6,6554.1],[10493.6,6554.3],[10493.4,6554.3],[10493.4,6600.9],[10540,6600.9],[10540,6554.3],[10540.2,6554.3],[10540.2,6554.5]]],[[[10167.4,6553.1],[10167.4,6599.7],[10214,6599.7],[10214,6553.1],[10167.4,6553.1]]],[[[10167,6692.7],[10167,6692.9],[10213.6,6692.9],[10213.6,6646.3],[10167,6646.3],[10167,6646.1],[10120.4,6646.1],[10120.4,6692.7],[10167,6692.7]]],[[[10493.1,6647.3],[10446.5,6647.3],[10446.5,6693.9],[10493.1,6693.9],[10493.1,6647.3]]],[[[10353.2,6740.1],[10353,6740.1],[10353,6786.7],[10399.6,6786.7],[10399.6,6740.1],[10399.8,6740.1],[10399.8,6693.5],[10353.2,6693.5],[10353.2,6740.1]]],[[[10026.6,6832.1],[10026.6,6878.7],[10026.4,6878.7],[10026.4,6925.3],[10073,6925.3],[10073,6878.7],[10073.2,6878.7],[10073.2,6832.1],[10026.6,6832.1]]],[[[10539,6834],[10539,6880.6],[10585.6,6880.6],[10585.6,6834],[10539,6834]]],[[[10352.5,6879.7],[10305.9,6879.7],[10305.9,6926.3],[10352.5,6926.3],[10352.5,6879.7]]],[[[10259.2,6926.1],[10259.2,6972.7],[10305.8,6972.7],[10305.8,6926.1],[10259.2,6926.1]]],[[[10538.3,7066.9],[10538.2,7066.9],[10538.2,7113.5],[10538,7113.5],[10538,7160.1],[10584.6,7160.1],[10584.6,7113.5],[10584.7,7113.5],[10584.7,7113.7],[10631.3,7113.7],[10631.3,7067.1],[10631.5,7067.1],[10631.5,7020.5],[10584.9,7020.5],[10584.9,7020.3],[10538.3,7020.3],[10538.3,7066.9]],[[10584.7,7067.1],[10584.7,7066.9],[10584.9,7066.9],[10584.9,7067.1],[10584.7,7067.1]]],[[[10165.5,7065.5],[10165.5,7112.1],[10212.1,7112.1],[10212.1,7065.5],[10165.5,7065.5]]],[[[10118.7,7158.4],[10118.7,7158.5],[10165.3,7158.5],[10165.3,7111.9],[10118.7,7111.9],[10118.7,7111.8],[10072.2,7111.8],[10072.2,7158.4],[10118.7,7158.4]]],[[[10211.9,7112.3],[10211.9,7158.9],[10211.7,7158.9],[10211.7,7205.5],[10258.3,7205.5],[10258.3,7158.9],[10258.5,7158.9],[10258.5,7112.3],[10211.9,7112.3]]],[[[10537.8,7159.9],[10491.2,7159.9],[10491.2,7159.7],[10444.6,7159.7],[10444.6,7206.3],[10444.5,7206.3],[10444.5,7252.9],[10491.1,7252.9],[10491.1,7206.3],[10491.2,7206.3],[10491.2,7206.5],[10537.8,7206.5],[10537.8,7159.9]]],[[[9932.1,7204.4],[9932.1,7251],[9978.7,7251],[9978.7,7204.4],[9932.1,7204.4]]],[[[10118.4,7251.7],[10165,7251.7],[10165,7251.9],[10211.6,7251.9],[10211.6,7205.3],[10165,7205.3],[10165,7205.1],[10118.4,7205.1],[10118.4,7251.7]]],[[[9838.7,7250.5],[9792.1,7250.5],[9792.1,7297.1],[9838.7,7297.1],[9838.7,7250.5]]],[[[9559.1,7296.2],[9559.1,7342.8],[9605.6,7342.8],[9605.6,7296.2],[9559.1,7296.2]]],[[[10257.8,7345.2],[10257.8,7345.4],[10304.4,7345.4],[10304.4,7298.8],[10257.8,7298.8],[10257.8,7298.6],[10211.2,7298.6],[10211.2,7298.4],[10164.6,7298.4],[10164.6,7345],[10211.2,7345],[10211.2,7345.2],[10211,7345.2],[10211,7391.8],[10257.6,7391.8],[10257.6,7345.2],[10257.8,7345.2]]],[[[9885,7344],[9885,7390.6],[9931.6,7390.6],[9931.6,7344],[9885,7344]]],[[[10071.3,7344.5],[10024.7,7344.5],[10024.7,7391.1],[10071.3,7391.1],[10071.3,7344.5]]],[[[9744.9,7436.7],[9744.9,7483.2],[9791.5,7483.2],[9791.5,7436.7],[9744.9,7436.7]]],[[[10489.2,7765.5],[10535.8,7765.5],[10535.8,7765.7],[10582.4,7765.7],[10582.4,7719.1],[10535.8,7719.1],[10535.8,7718.9],[10489.2,7718.9],[10489.2,7765.5]]],[[[9649.3,8088.5],[9649.3,8135.1],[9695.9,8135.1],[9695.9,8135.2],[9742.5,8135.2],[9742.5,8088.6],[9695.9,8088.6],[9695.9,8088.5],[9649.3,8088.5]]],[[[10487,8324.5],[10487,8371.1],[10533.6,8371.1],[10533.6,8324.5],[10487,8324.5]]],[[[10625.9,8604.3],[10625.9,8557.7],[10579.3,8557.7],[10579.3,8557.6],[10532.7,8557.6],[10532.7,8604.2],[10579.3,8604.2],[10579.3,8604.3],[10625.9,8604.3]]],[[[10578.4,8790.7],[10578.4,8837.2],[10578.3,8837.2],[10578.3,8883.8],[10624.8,8883.8],[10624.8,8837.2],[10625,8837.2],[10625,8790.7],[10578.4,8790.7]]],[[[10484.9,8883.5],[10484.9,8930.1],[10531.5,8930.1],[10531.5,8883.5],[10484.9,8883.5]]],[[[10438.2,8929.7],[10391.6,8929.7],[10391.6,8976.3],[10438.2,8976.3],[10438.2,8929.7]]],[[[10438,8976.5],[10438,9023.1],[10484.6,9023.1],[10484.6,8976.5],[10438,8976.5]]],[[[9692.5,9020.3],[9692.5,9066.9],[9739.1,9066.9],[9739.1,9020.3],[9692.5,9020.3]]],[[[10624,9070.2],[10577.4,9070.2],[10577.4,9116.7],[10624,9116.7],[10624,9070.2]]],[[[10390.9,9116.1],[10390.9,9162.6],[10437.5,9162.6],[10437.5,9116.1],[10390.9,9116.1]]],[[[9691.8,9206.7],[9691.8,9253.2],[9738.4,9253.2],[9738.4,9206.7],[9691.8,9206.7]]],[[[9831.4,9253.6],[9784.8,9253.6],[9784.8,9300.2],[9831.4,9300.2],[9831.4,9253.6]]],[[[10017.6,9301],[10017.6,9347.6],[10064.1,9347.6],[10064.1,9301],[10017.6,9301]]],[[[9877.6,9347.1],[9877.6,9393.7],[9924.2,9393.7],[9924.2,9347.1],[9877.6,9347.1]]],[[[10250.1,9394.9],[10203.6,9394.9],[10203.6,9394.7],[10203.7,9394.7],[10203.7,9348.1],[10157.1,9348.1],[10157.1,9347.9],[10110.6,9347.9],[10110.6,9394.5],[10157.1,9394.5],[10157.1,9394.7],[10157,9394.7],[10157,9441.3],[10203.5,9441.3],[10203.5,9441.5],[10250.1,9441.5],[10250.1,9394.9]]],[[[10016.9,9487.4],[10016.9,9533.9],[10063.5,9533.9],[10063.5,9487.4],[10016.9,9487.4]]],[[[10156.5,9534.5],[10156.5,9581],[10203,9581],[10203,9534.5],[10156.5,9534.5]]],[[[10062.8,9673.7],[10016.2,9673.7],[10016.2,9720.3],[10062.8,9720.3],[10062.8,9673.7]]],[[[9922.9,9766.5],[9922.7,9766.5],[9922.7,9813.1],[9969.3,9813.1],[9969.3,9766.5],[9969.4,9766.5],[9969.4,9719.9],[9922.9,9719.9],[9922.9,9766.5]]],[[[9922.2,9906.3],[9922.2,9906.1],[9875.6,9906.1],[9875.6,9952.7],[9875.4,9952.7],[9875.4,9999.3],[9922,9999.3],[9922,9952.7],[9922.2,9952.7],[9922.2,9952.9],[9968.8,9952.9],[9968.8,9906.3],[9922.2,9906.3]]],[[[10556.1,14893.2],[10556.1,14939.8],[10602.7,14939.8],[10602.7,14893.2],[10556.1,14893.2]]],[[[10088.2,15450.3],[10041.6,15450.3],[10041.6,15450.2],[9995.1,15450.2],[9995.1,15496.7],[9994.9,15496.7],[9994.9,15543.3],[10041.5,15543.3],[10041.5,15543.5],[10088.1,15543.5],[10088.1,15496.9],[10088.2,15496.9],[10088.2,15450.3]],[[10041.6,15496.7],[10041.6,15496.9],[10041.5,15496.9],[10041.5,15496.7],[10041.6,15496.7]]],[[[10225.6,16103.2],[10225.6,16149.8],[10272.2,16149.8],[10272.2,16103.2],[10272.3,16103.2],[10272.3,16103.4],[10318.9,16103.4],[10318.9,16056.8],[10272.4,16056.8],[10272.4,16056.6],[10225.8,16056.6],[10225.8,16103.2],[10225.6,16103.2]]],[[[10502.7,16756.4],[10502.7,16803],[10549.3,16803],[10549.3,16756.4],[10502.7,16756.4]]],[[[10034.3,17453.5],[10034.3,17500.1],[10080.9,17500.1],[10080.9,17453.5],[10034.3,17453.5]]],[[[11018.8,3015.7],[10972.2,3015.7],[10972.2,3062.3],[11018.8,3062.3],[11018.8,3015.7]]],[[[10785,3248],[10785,3294.6],[10831.6,3294.6],[10831.6,3248],[10785,3248]]],[[[10738.3,3294.4],[10738.3,3341],[10784.9,3341],[10784.9,3294.4],[10738.3,3294.4]]],[[[10878,3294.7],[10831.4,3294.7],[10831.4,3341.3],[10878,3341.3],[10878,3294.7]]],[[[10971,3341.8],[10971,3388.4],[11017.6,3388.4],[11017.6,3341.8],[10971,3341.8]]],[[[10736.7,3713.6],[10736.7,3760.2],[10736.6,3760.2],[10736.6,3806.8],[10783.2,3806.8],[10783.2,3760.2],[10783.3,3760.2],[10783.3,3713.6],[10736.7,3713.6]]],[[[10969.5,3761.1],[10969.5,3807.6],[11016.1,3807.6],[11016.1,3761.1],[10969.5,3761.1]]],[[[10875.8,3946.9],[10875.8,3947.1],[10922.4,3947.1],[10922.4,3900.5],[10875.8,3900.5],[10875.8,3900.3],[10829.2,3900.3],[10829.2,3900.1],[10782.6,3900.1],[10782.6,3946.7],[10829.2,3946.7],[10829.2,3946.9],[10829.1,3946.9],[10829.1,3993.5],[10875.7,3993.5],[10875.7,3946.9],[10875.8,3946.9]]],[[[10922.1,3993.8],[10922.1,4040.4],[10921.9,4040.4],[10921.9,4087],[10968.5,4087],[10968.5,4040.4],[10968.6,4040.4],[10968.6,3993.8],[10922.1,3993.8]]],[[[10920.7,4412.9],[10920.7,4366.3],[10920.9,4366.3],[10920.9,4319.7],[10874.3,4319.7],[10874.3,4366.3],[10874.1,4366.3],[10874.1,4412.9],[10920.7,4412.9]]],[[[10734,4458.9],[10734,4458.8],[10734.2,4458.8],[10734.2,4412.2],[10687.6,4412.2],[10687.6,4412],[10641,4412],[10641,4458.6],[10687.6,4458.6],[10687.6,4458.8],[10687.4,4458.8],[10687.4,4505.4],[10734,4505.4],[10734,4505.5],[10780.6,4505.5],[10780.6,4458.9],[10734,4458.9]]],[[[10873.8,4459.5],[10873.8,4506],[10920.4,4506],[10920.4,4506.2],[10966.9,4506.2],[10966.9,4459.6],[10920.4,4459.6],[10920.4,4459.5],[10873.8,4459.5]]],[[[10966.8,4506.4],[10966.8,4553],[11013.4,4553],[11013.4,4506.4],[10966.8,4506.4]]],[[[11012.5,4785.9],[11012.5,4786.1],[11059.1,4786.1],[11059.1,4739.5],[11059.2,4739.5],[11059.2,4739.6],[11105.8,4739.6],[11105.8,4693.1],[11059.3,4693.1],[11059.3,4692.9],[11059.4,4692.9],[11059.4,4646.3],[11012.8,4646.3],[11012.8,4646.1],[11013,4646.1],[11013,4599.5],[10966.4,4599.5],[10966.4,4646.1],[10966.3,4646.1],[10966.3,4692.7],[10966.1,4692.7],[10966.1,4739.3],[10965.9,4739.3],[10965.9,4785.9],[11012.5,4785.9]],[[11012.7,4739.5],[11012.5,4739.5],[11012.5,4739.3],[11012.7,4739.3],[11012.7,4739.5]],[[11012.8,4692.9],[11012.7,4692.9],[11012.7,4692.7],[11012.8,4692.7],[11012.8,4692.9]]],[[[10826.3,4738.8],[10872.9,4738.8],[10872.9,4692.2],[10873.1,4692.2],[10873.1,4645.6],[10826.5,4645.6],[10826.5,4692.2],[10826.3,4692.2],[10826.3,4692],[10779.8,4692],[10779.8,4738.6],[10826.3,4738.6],[10826.3,4738.8]]],[[[10639.3,4877.7],[10592.7,4877.7],[10592.7,4924.3],[10639.3,4924.3],[10639.3,4877.7]]],[[[10825.5,4971.5],[10825.5,4971.7],[10872.1,4971.7],[10872.1,4925.1],[10825.5,4925.1],[10825.5,4924.9],[10778.9,4924.9],[10778.9,4971.5],[10825.5,4971.5]]],[[[10965.2,4925.5],[10918.6,4925.5],[10918.6,4972],[10965.2,4972],[10965.2,4925.5]]],[[[10871.6,5064.9],[10871.7,5064.9],[10871.7,5018.3],[10825.1,5018.3],[10825.1,5064.9],[10825,5064.9],[10825,5111.4],[10871.6,5111.4],[10871.6,5111.6],[10918.1,5111.6],[10918.1,5065],[10871.6,5065],[10871.6,5064.9]]],[[[10824.6,5158],[10824.6,5204.6],[10871.2,5204.6],[10871.2,5158],[10824.6,5158]]],[[[10684.7,5204.1],[10684.7,5250.7],[10731.3,5250.7],[10731.3,5204.1],[10684.7,5204.1]]],[[[10777.9,5204.4],[10777.9,5251],[10777.7,5251],[10777.7,5297.6],[10824.3,5297.6],[10824.3,5297.8],[10870.9,5297.8],[10870.9,5251.2],[10824.3,5251.2],[10824.3,5251],[10824.5,5251],[10824.5,5204.4],[10777.9,5204.4]]],[[[10684,5390.4],[10684,5437],[10683.9,5437],[10683.9,5483.6],[10730.5,5483.6],[10730.5,5437],[10730.6,5437],[10730.6,5390.4],[10730.8,5390.4],[10730.8,5343.8],[10731,5343.8],[10731,5297.3],[10684.4,5297.3],[10684.4,5343.8],[10684.2,5343.8],[10684.2,5343.7],[10637.6,5343.7],[10637.6,5390.3],[10684.2,5390.3],[10684.2,5390.4],[10684,5390.4]]],[[[10916.9,5437.9],[10916.8,5437.9],[10916.8,5484.4],[10916.6,5484.4],[10916.6,5531],[10963.2,5531],[10963.2,5531.2],[11009.8,5531.2],[11009.8,5484.6],[11009.9,5484.6],[11009.9,5484.8],[11056.5,5484.8],[11056.5,5438.2],[11009.9,5438.2],[11009.9,5438],[11010.1,5438],[11010.1,5391.5],[11010.3,5391.5],[11010.3,5391.6],[11056.9,5391.6],[11056.9,5345],[11010.3,5345],[11010.3,5344.9],[10963.7,5344.9],[10963.7,5391.4],[10963.5,5391.4],[10963.5,5391.3],[10917,5391.3],[10917,5391.1],[10917.1,5391.1],[10917.1,5344.5],[10917.3,5344.5],[10917.3,5297.9],[10870.7,5297.9],[10870.7,5344.5],[10870.5,5344.5],[10870.5,5391.1],[10870.4,5391.1],[10870.4,5437.7],[10916.9,5437.7],[10916.9,5437.9]],[[10963.4,5437.9],[10963.5,5437.9],[10963.5,5438],[10963.4,5438],[10963.4,5437.9]],[[10963.4,5484.6],[10963.2,5484.6],[10963.2,5484.5],[10963.4,5484.5],[10963.4,5484.6]]],[[[10777,5437.3],[10777,5483.9],[10823.6,5483.9],[10823.6,5437.3],[10777,5437.3]]],[[[10869.7,5577.3],[10823.1,5577.3],[10823.1,5623.9],[10869.7,5623.9],[10869.7,5577.3]]],[[[10868.5,5903.5],[10868.5,5950.1],[10915.1,5950.1],[10915.1,5903.5],[10868.5,5903.5]]],[[[10868.3,5949.9],[10821.7,5949.9],[10821.7,5996.5],[10868.3,5996.5],[10868.3,5949.9]]],[[[11007.7,6043.8],[11007.7,6090.4],[11054.3,6090.4],[11054.3,6043.8],[11054.5,6043.8],[11054.5,6044],[11101.1,6044],[11101.1,5997.4],[11054.5,5997.4],[11054.5,5997.2],[11007.9,5997.2],[11007.9,5997],[10961.3,5997],[10961.3,6043.6],[11007.9,6043.6],[11007.9,6043.8],[11007.7,6043.8]]],[[[10821.4,6043.1],[10821.4,6089.7],[10868,6089.7],[10868,6043.1],[10821.4,6043.1]]],[[[10821.2,6089.5],[10774.6,6089.5],[10774.6,6136.1],[10821.2,6136.1],[10821.2,6089.5]]],[[[11007.4,6183.4],[11007.4,6183.5],[11054,6183.5],[11054,6136.9],[11007.4,6136.9],[11007.4,6136.8],[11007.6,6136.8],[11007.6,6090.2],[10961,6090.2],[10961,6136.8],[10960.8,6136.8],[10960.8,6183.4],[10960.6,6183.4],[10960.6,6229.9],[11007.2,6229.9],[11007.2,6183.4],[11007.4,6183.4]]],[[[10821.1,6136.3],[10821.1,6182.9],[10867.6,6182.9],[10867.6,6136.3],[10821.1,6136.3]]],[[[10587.6,6275.2],[10587.6,6321.7],[10634.2,6321.7],[10634.2,6275.2],[10587.6,6275.2]]],[[[10680.3,6461.8],[10680.1,6461.8],[10680.1,6508.4],[10679.9,6508.4],[10679.9,6555],[10679.8,6555],[10679.8,6601.6],[10679.6,6601.6],[10679.6,6601.4],[10633,6601.4],[10633,6648],[10679.6,6648],[10679.6,6648.2],[10726.2,6648.2],[10726.2,6601.6],[10726.4,6601.6],[10726.4,6601.8],[10772.9,6601.8],[10772.9,6555.2],[10773.1,6555.2],[10773.1,6555.3],[10819.7,6555.3],[10819.7,6555.5],[10819.5,6555.5],[10819.5,6602.1],[10819.4,6602.1],[10819.4,6601.9],[10772.8,6601.9],[10772.8,6648.5],[10819.4,6648.5],[10819.4,6648.7],[10819.2,6648.7],[10819.2,6695.3],[10819,6695.3],[10819,6695.1],[10772.4,6695.1],[10772.4,6694.9],[10772.6,6694.9],[10772.6,6648.3],[10726,6648.3],[10726,6694.9],[10725.9,6694.9],[10725.9,6694.7],[10679.3,6694.7],[10679.3,6741.3],[10679.1,6741.3],[10679.1,6741.2],[10632.5,6741.2],[10632.5,6787.7],[10632.3,6787.7],[10632.3,6787.6],[10585.8,6787.6],[10585.8,6834.2],[10632.3,6834.2],[10632.3,6834.3],[10678.9,6834.3],[10678.9,6787.7],[10679.1,6787.7],[10679.1,6787.9],[10725.7,6787.9],[10725.7,6788.1],[10725.5,6788.1],[10725.5,6834.7],[10725.3,6834.7],[10725.3,6834.5],[10678.8,6834.5],[10678.8,6881.1],[10678.6,6881.1],[10678.6,6880.9],[10632,6880.9],[10632,6927.5],[10631.8,6927.5],[10631.8,6974.1],[10678.4,6974.1],[10678.4,6974.2],[10678.2,6974.2],[10678.2,7020.8],[10724.8,7020.8],[10724.8,7021],[10771.4,7021],[10771.4,7021.2],[10818,7021.2],[10818,7021.3],[10864.6,7021.3],[10864.6,6974.8],[10864.7,6974.8],[10864.7,6974.9],[10911.3,6974.9],[10911.3,6928.4],[10911.5,6928.4],[10911.5,6881.8],[10911.7,6881.8],[10911.7,6881.9],[10958.2,6881.9],[10958.2,6882.1],[10958.1,6882.1],[10958.1,6928.7],[10957.9,6928.7],[10957.9,6975.3],[10957.7,6975.3],[10957.7,7021.9],[11004.3,7021.9],[11004.3,6975.3],[11004.5,6975.3],[11004.5,6975.4],[11051.1,6975.4],[11051.1,6928.9],[11004.5,6928.9],[11004.5,6928.7],[11004.7,6928.7],[11004.7,6882.1],[11004.8,6882.1],[11004.8,6835.5],[11005,6835.5],[11005,6835.7],[11051.6,6835.7],[11051.6,6789.1],[11005,6789.1],[11005,6788.9],[11005.2,6788.9],[11005.2,6742.4],[10958.6,6742.4],[10958.6,6742.2],[10958.8,6742.2],[10958.8,6695.6],[10958.9,6695.6],[10958.9,6649],[10959.1,6649],[10959.1,6649.2],[11005.7,6649.2],[11005.7,6649.4],[11052.3,6649.4],[11052.3,6602.8],[11052.4,6602.8],[11052.4,6556.2],[11005.9,6556.2],[11005.9,6556],[11006,6556],[11006,6509.4],[11006.2,6509.4],[11006.2,6509.6],[11052.8,6509.6],[11052.8,6509.8],[11052.6,6509.8],[11052.6,6556.4],[11099.2,6556.4],[11099.2,6556.5],[11099,6556.5],[11099,6603.1],[11145.6,6603.1],[11145.6,6603.3],[11192.2,6603.3],[11192.2,6603.5],[11192,6603.5],[11192,6650],[11191.8,6650],[11191.8,6696.6],[11238.4,6696.6],[11238.4,6696.8],[11285,6696.8],[11285,6697],[11331.6,6697],[11331.6,6650.4],[11285,6650.4],[11285,6650.2],[11238.4,6650.2],[11238.4,6650.1],[11238.6,6650.1],[11238.6,6603.5],[11238.8,6603.5],[11238.8,6603.6],[11285.4,6603.6],[11285.4,6603.8],[11331.9,6603.8],[11331.9,6604],[11331.8,6604],[11331.8,6650.6],[11378.4,6650.6],[11378.4,6604],[11378.5,6604],[11378.5,6557.4],[11378.7,6557.4],[11378.7,6557.6],[11425.3,6557.6],[11425.3,6511],[11378.7,6511],[11378.7,6510.8],[11332.1,6510.8],[11332.1,6557.4],[11331.9,6557.4],[11331.9,6557.2],[11285.4,6557.2],[11285.4,6557.1],[11285.5,6557.1],[11285.5,6510.5],[11285.7,6510.5],[11285.7,6510.6],[11332.3,6510.6],[11332.3,6464.1],[11332.5,6464.1],[11332.5,6417.5],[11285.9,6417.5],[11285.9,6417.3],[11286,6417.3],[11286,6370.7],[11286.2,6370.7],[11286.2,6370.9],[11332.8,6370.9],[11332.8,6371.1],[11332.6,6371.1],[11332.6,6417.6],[11379.2,6417.6],[11379.2,6417.8],[11425.8,6417.8],[11425.8,6371.2],[11379.2,6371.2],[11379.2,6371.1],[11379.4,6371.1],[11379.4,6324.5],[11379.5,6324.5],[11379.5,6277.9],[11379.7,6277.9],[11379.7,6278.1],[11426.3,6278.1],[11426.3,6278.2],[11426.1,6278.2],[11426.1,6324.8],[11472.7,6324.8],[11472.7,6325],[11472.5,6325],[11472.5,6371.6],[11472.4,6371.6],[11472.4,6418.2],[11518.9,6418.2],[11518.9,6418.3],[11565.5,6418.3],[11565.5,6418.5],[11612.1,6418.5],[11612.1,6371.9],[11612.3,6371.9],[11612.3,6372.1],[11658.9,6372.1],[11658.9,6325.5],[11659,6325.5],[11659,6325.7],[11705.6,6325.7],[11705.6,6325.8],[11705.4,6325.8],[11705.4,6372.4],[11705.3,6372.4],[11705.3,6419],[11705.1,6419],[11705.1,6465.6],[11704.9,6465.6],[11704.9,6465.4],[11658.4,6465.4],[11658.4,6512],[11704.9,6512],[11704.9,6512.2],[11704.8,6512.2],[11704.8,6558.8],[11704.6,6558.8],[11704.6,6605.4],[11751.2,6605.4],[11751.2,6558.8],[11751.4,6558.8],[11751.4,6512.2],[11751.5,6512.2],[11751.5,6512.4],[11798.1,6512.4],[11798.1,6465.8],[11798.3,6465.8],[11798.3,6419.2],[11798.4,6419.2],[11798.4,6419.4],[11845,6419.4],[11845,6372.8],[11845.2,6372.8],[11845.2,6372.9],[11891.8,6372.9],[11891.8,6326.4],[11845.2,6326.4],[11845.2,6326.2],[11845.4,6326.2],[11845.4,6279.6],[11798.8,6279.6],[11798.8,6326.2],[11798.6,6326.2],[11798.6,6326],[11752,6326],[11752,6325.9],[11752.2,6325.9],[11752.2,6279.3],[11705.6,6279.3],[11705.6,6279.1],[11659,6279.1],[11659,6278.9],[11659.2,6278.9],[11659.2,6232.3],[11612.6,6232.3],[11612.6,6232.2],[11612.8,6232.2],[11612.8,6185.6],[11613,6185.6],[11613,6185.8],[11659.5,6185.8],[11659.5,6185.9],[11659.4,6185.9],[11659.4,6232.5],[11706,6232.5],[11706,6232.7],[11752.5,6232.7],[11752.5,6232.9],[11799.1,6232.9],[11799.1,6233],[11845.7,6233],[11845.7,6233.2],[11892.3,6233.2],[11892.3,6233.4],[11938.9,6233.4],[11938.9,6186.8],[11892.3,6186.8],[11892.3,6186.6],[11845.7,6186.6],[11845.7,6186.4],[11845.9,6186.4],[11845.9,6139.9],[11799.3,6139.9],[11799.3,6186.4],[11799.1,6186.4],[11799.1,6186.3],[11752.5,6186.3],[11752.5,6186.1],[11752.7,6186.1],[11752.7,6139.5],[11706.1,6139.5],[11706.1,6139.3],[11659.6,6139.3],[11659.6,6139.2],[11613,6139.2],[11613,6139],[11566.4,6139],[11566.4,6185.6],[11566.2,6185.6],[11566.2,6232.2],[11566,6232.2],[11566,6232],[11519.5,6232],[11519.5,6231.8],[11472.9,6231.8],[11472.9,6231.7],[11426.3,6231.7],[11426.3,6231.5],[11426.5,6231.5],[11426.5,6184.9],[11379.9,6184.9],[11379.9,6231.5],[11379.7,6231.5],[11379.7,6231.3],[11333.1,6231.3],[11333.1,6277.9],[11333,6277.9],[11333,6277.7],[11286.4,6277.7],[11286.4,6277.6],[11286.5,6277.6],[11286.5,6231],[11286.7,6231],[11286.7,6231.1],[11333.3,6231.1],[11333.3,6184.6],[11286.7,6184.6],[11286.7,6184.4],[11240.1,6184.4],[11240.1,6184.2],[11240.3,6184.2],[11240.3,6137.6],[11193.7,6137.6],[11193.7,6184.2],[11193.6,6184.2],[11193.6,6184],[11147,6184],[11147,6183.9],[11147.1,6183.9],[11147.1,6137.3],[11100.6,6137.3],[11100.6,6183.9],[11100.4,6183.9],[11100.4,6230.5],[11100.2,6230.5],[11100.2,6277],[11100,6277],[11100,6323.6],[11099.9,6323.6],[11099.9,6323.4],[11053.3,6323.4],[11053.3,6370],[11053.1,6370],[11053.1,6416.6],[11099.7,6416.6],[11099.7,6416.8],[11099.5,6416.8],[11099.5,6463.4],[11099.4,6463.4],[11099.4,6463.2],[11052.8,6463.2],[11052.8,6463],[11006.2,6463],[11006.2,6462.9],[11006.4,6462.9],[11006.4,6416.3],[11006.5,6416.3],[11006.5,6369.7],[10960,6369.7],[10960,6416.3],[10959.8,6416.3],[10959.8,6462.9],[10959.6,6462.9],[10959.6,6509.4],[10959.4,6509.4],[10959.4,6509.3],[10912.9,6509.3],[10912.9,6555.9],[10959.4,6555.9],[10959.4,6556],[10959.3,6556],[10959.3,6602.6],[10959.1,6602.6],[10959.1,6602.4],[10912.5,6602.4],[10912.5,6649],[10912.4,6649],[10912.4,6648.8],[10865.8,6648.8],[10865.8,6648.7],[10865.9,6648.7],[10865.9,6602.1],[10866.1,6602.1],[10866.1,6602.3],[10912.7,6602.3],[10912.7,6555.7],[10866.1,6555.7],[10866.1,6555.5],[10866.3,6555.5],[10866.3,6508.9],[10866.5,6508.9],[10866.5,6462.3],[10819.9,6462.3],[10819.9,6508.9],[10819.7,6508.9],[10819.7,6508.8],[10773.1,6508.8],[10773.1,6508.6],[10773.3,6508.6],[10773.3,6462],[10773.5,6462],[10773.5,6462.2],[10820,6462.2],[10820,6415.6],[10820.2,6415.6],[10820.2,6369],[10773.6,6369],[10773.6,6368.8],[10773.8,6368.8],[10773.8,6322.3],[10727.2,6322.3],[10727.2,6322.1],[10680.6,6322.1],[10680.6,6368.7],[10727.2,6368.7],[10727.2,6368.8],[10727,6368.8],[10727,6415.4],[10726.9,6415.4],[10726.9,6415.2],[10680.3,6415.2],[10680.3,6461.8]],[[11519.3,6325.2],[11519.1,6325.2],[11519.1,6325],[11519.3,6325],[11519.3,6325.2]],[[11565.9,6278.6],[11566,6278.6],[11566,6278.8],[11612.6,6278.8],[11612.6,6278.9],[11612.5,6278.9],[11612.5,6325.5],[11612.3,6325.5],[11612.3,6325.3],[11565.7,6325.3],[11565.7,6325.2],[11565.9,6325.2],[11565.9,6278.6]],[[11005.7,6602.8],[11005.7,6602.6],[11005.9,6602.6],[11005.9,6602.8],[11005.7,6602.8]],[[10678.6,6927.5],[10678.6,6927.7],[10678.4,6927.7],[10678.4,6927.5],[10678.6,6927.5]],[[10725.2,6927.7],[10725.2,6927.8],[10725,6927.8],[10725,6927.7],[10725.2,6927.7]],[[10725.2,6881.1],[10725.3,6881.1],[10725.3,6881.2],[10725.2,6881.2],[10725.2,6881.1]],[[10772.3,6788.1],[10772.3,6788.3],[10818.8,6788.3],[10818.8,6788.4],[10818.7,6788.4],[10818.7,6835],[10818.5,6835],[10818.5,6881.6],[10818.3,6881.6],[10818.3,6928.2],[10818.2,6928.2],[10818.2,6928],[10771.6,6928],[10771.6,6927.8],[10771.8,6927.8],[10771.8,6881.3],[10771.9,6881.3],[10771.9,6834.7],[10772.1,6834.7],[10772.1,6788.1],[10772.3,6788.1]],[[10865.1,6881.6],[10865.1,6881.8],[10864.9,6881.8],[10864.9,6881.6],[10865.1,6881.6]],[[10726.5,6555.2],[10726.4,6555.2],[10726.4,6555],[10726.5,6555],[10726.5,6555.2]],[[10773.5,6415.4],[10773.6,6415.4],[10773.6,6415.6],[10773.5,6415.6],[10773.5,6415.4]],[[10726.7,6508.4],[10726.7,6508.6],[10726.5,6508.6],[10726.5,6508.4],[10726.7,6508.4]],[[10726.7,6461.8],[10726.9,6461.8],[10726.9,6462],[10726.7,6462],[10726.7,6461.8]],[[10725.7,6741.5],[10725.7,6741.3],[10725.8,6741.3],[10725.8,6741.5],[10725.7,6741.5]],[[10772.3,6741.7],[10772.3,6741.5],[10772.4,6741.5],[10772.4,6741.7],[10772.3,6741.7]],[[10818.8,6741.8],[10818.8,6741.7],[10819,6741.7],[10819,6741.8],[10818.8,6741.8]],[[10865.4,6742],[10865.4,6741.8],[10865.6,6741.8],[10865.6,6742],[10865.4,6742]],[[10865.8,6695.4],[10865.6,6695.4],[10865.6,6695.3],[10865.8,6695.3],[10865.8,6695.4]],[[10912.2,6695.6],[10912.2,6695.4],[10912.3,6695.4],[10912.3,6695.6],[10912.2,6695.6]],[[10865.3,6788.4],[10865.4,6788.4],[10865.4,6788.6],[10865.3,6788.6],[10865.3,6788.4]],[[10911.8,6788.6],[10912,6788.6],[10912,6788.8],[10911.8,6788.8],[10911.8,6788.6]],[[10958.4,6788.8],[10958.6,6788.8],[10958.6,6788.9],[10958.4,6788.9],[10958.4,6788.8]],[[10912.2,6742],[10912.2,6742.2],[10912,6742.2],[10912,6742],[10912.2,6742]],[[10865.3,6835],[10865.3,6835.2],[10865.1,6835.2],[10865.1,6835],[10865.3,6835]],[[10911.8,6835.2],[10911.8,6835.4],[10911.7,6835.4],[10911.7,6835.2],[10911.8,6835.2]],[[10958.4,6835.4],[10958.4,6835.5],[10958.3,6835.5],[10958.3,6835.4],[10958.4,6835.4]],[[10724.8,6974.4],[10724.8,6974.3],[10725,6974.3],[10725,6974.4],[10724.8,6974.4]],[[10771.4,6974.4],[10771.6,6974.4],[10771.6,6974.6],[10771.4,6974.6],[10771.4,6974.4]],[[10818,6974.6],[10818.2,6974.6],[10818.2,6974.8],[10818,6974.8],[10818,6974.6]],[[10864.9,6928.2],[10864.9,6928.3],[10864.7,6928.3],[10864.7,6928.2],[10864.9,6928.2]],[[11146.1,6463.5],[11145.9,6463.5],[11145.9,6463.4],[11146.1,6463.4],[11146.1,6463.5]],[[11192.7,6463.7],[11192.5,6463.7],[11192.5,6463.5],[11192.7,6463.5],[11192.7,6463.7]],[[11239.3,6463.9],[11239.1,6463.9],[11239.1,6463.7],[11239.3,6463.7],[11239.3,6463.9]],[[11285.9,6464.1],[11285.7,6464.1],[11285.7,6463.9],[11285.9,6463.9],[11285.9,6464.1]],[[11146.6,6277.2],[11146.6,6277],[11146.8,6277],[11146.8,6277.2],[11146.6,6277.2]],[[11240,6231],[11240,6277.6],[11239.8,6277.6],[11239.8,6277.4],[11193.2,6277.4],[11193.2,6277.2],[11193.4,6277.2],[11193.4,6230.6],[11193.5,6230.6],[11193.5,6230.8],[11240.1,6230.8],[11240.1,6231],[11240,6231]],[[11147,6230.5],[11147,6230.6],[11146.8,6230.6],[11146.8,6230.5],[11147,6230.5]],[[11099.7,6370],[11099.9,6370],[11099.9,6370.2],[11099.7,6370.2],[11099.7,6370]],[[11146.3,6370.2],[11146.5,6370.2],[11146.5,6370.4],[11146.3,6370.4],[11146.3,6370.2]],[[11239.6,6370.7],[11239.5,6370.7],[11239.5,6370.5],[11192.9,6370.5],[11192.9,6370.4],[11193,6370.4],[11193,6323.8],[11193.2,6323.8],[11193.2,6324],[11239.8,6324],[11239.8,6324.1],[11239.6,6324.1],[11239.6,6370.7]],[[11146.6,6323.6],[11146.6,6323.8],[11146.5,6323.8],[11146.5,6323.6],[11146.6,6323.6]],[[11286.4,6324.1],[11286.4,6324.3],[11286.2,6324.3],[11286.2,6324.1],[11286.4,6324.1]],[[11333,6324.3],[11333,6324.5],[11332.8,6324.5],[11332.8,6324.3],[11333,6324.3]],[[11146.3,6416.8],[11146.3,6417],[11146.1,6417],[11146.1,6416.8],[11146.3,6416.8]],[[11192.9,6417],[11192.9,6417.1],[11192.7,6417.1],[11192.7,6417],[11192.9,6417]],[[11239.4,6417.1],[11239.4,6417.3],[11239.3,6417.3],[11239.3,6417.1],[11239.4,6417.1]],[[11099.4,6510],[11099.2,6510],[11099.2,6509.8],[11099.4,6509.8],[11099.4,6510]],[[11145.6,6556.5],[11145.8,6556.5],[11145.8,6556.7],[11145.6,6556.7],[11145.6,6556.5]],[[11192.2,6556.7],[11192.4,6556.7],[11192.4,6556.9],[11192.2,6556.9],[11192.2,6556.7]],[[11238.8,6556.9],[11238.9,6556.9],[11238.9,6557],[11238.8,6557],[11238.8,6556.9]],[[11145.9,6510],[11145.9,6510.1],[11145.8,6510.1],[11145.8,6510],[11145.9,6510]],[[11192.5,6510.1],[11192.5,6510.3],[11192.4,6510.3],[11192.4,6510.1],[11192.5,6510.1]],[[11239.1,6510.3],[11239.1,6510.5],[11238.9,6510.5],[11238.9,6510.3],[11239.1,6510.3]],[[11706.1,6186.1],[11706,6186.1],[11706,6185.9],[11706.1,6185.9],[11706.1,6186.1]],[[11472.9,6278.2],[11472.9,6278.4],[11472.7,6278.4],[11472.7,6278.2],[11472.9,6278.2]],[[11519.5,6278.4],[11519.5,6278.6],[11519.3,6278.6],[11519.3,6278.4],[11519.5,6278.4]],[[11751.9,6372.4],[11752,6372.4],[11752,6372.6],[11751.9,6372.6],[11751.9,6372.4]],[[11798.4,6372.6],[11798.6,6372.6],[11798.6,6372.8],[11798.4,6372.8],[11798.4,6372.6]],[[11751.7,6465.6],[11751.7,6465.8],[11751.5,6465.8],[11751.5,6465.6],[11751.7,6465.6]],[[11751.9,6419.2],[11751.7,6419.2],[11751.7,6419],[11751.9,6419],[11751.9,6419.2]],[[11565.5,6371.9],[11565.5,6371.8],[11565.7,6371.8],[11565.7,6371.9],[11565.5,6371.9]],[[11519.1,6371.6],[11519.1,6371.7],[11519,6371.7],[11519,6371.6],[11519.1,6371.6]]],[[[10867,6322.8],[10867,6369.4],[10913.5,6369.4],[10913.5,6322.8],[10867,6322.8]]],[[[10680.5,6368.5],[10633.9,6368.5],[10633.9,6415.1],[10680.5,6415.1],[10680.5,6368.5]]],[[[10586.1,6694.4],[10586.1,6741],[10632.7,6741],[10632.7,6694.4],[10586.1,6694.4]]],[[[10771.1,7067.6],[10724.5,7067.6],[10724.5,7114.2],[10771.1,7114.2],[10771.1,7067.6]]],[[[10817.6,7067.9],[10817.6,7114.5],[10864.2,7114.5],[10864.2,7067.9],[10817.6,7067.9]]],[[[10677.7,7114],[10677.7,7160.6],[10677.6,7160.6],[10677.6,7207.2],[10724.1,7207.2],[10724.1,7160.6],[10724.3,7160.6],[10724.3,7114],[10677.7,7114]]],[[[10957.2,7114.8],[10910.6,7114.8],[10910.6,7161.4],[10957.2,7161.4],[10957.2,7114.8]]],[[[10674.3,8045.7],[10674.3,8092.2],[10720.9,8092.2],[10720.9,8045.7],[10674.3,8045.7]]],[[[10953.1,8279.6],[10999.7,8279.6],[10999.7,8279.8],[11046.3,8279.8],[11046.3,8233.2],[10999.7,8233.2],[10999.7,8233],[10953.1,8233],[10953.1,8279.6]]],[[[10952.3,8465.9],[10952.3,8512.5],[10952.1,8512.5],[10952.1,8559.1],[10998.7,8559.1],[10998.7,8512.5],[10998.9,8512.5],[10998.9,8465.9],[10952.3,8465.9]]],[[[10718.9,8604.8],[10718.9,8651.4],[10765.5,8651.4],[10765.5,8604.8],[10718.9,8604.8]]],[[[10905.2,8605.3],[10858.6,8605.3],[10858.6,8651.9],[10905.2,8651.9],[10905.2,8605.3]]],[[[10997.2,8931.9],[10997.2,8978.5],[11043.8,8978.5],[11043.8,8931.9],[10997.2,8931.9]]],[[[10810.5,9024.4],[10810.5,9071],[10857.1,9071],[10857.1,9024.4],[10810.5,9024.4]]],[[[10996.8,9024.9],[10950.2,9024.9],[10950.2,9071.5],[10996.8,9071.5],[10996.8,9024.9]]],[[[10903.5,9117.8],[10903.5,9117.9],[10950.1,9117.9],[10950.1,9071.4],[10903.5,9071.4],[10903.5,9071.2],[10856.9,9071.2],[10856.9,9117.8],[10903.5,9117.8]]],[[[11043.2,9071.7],[10996.7,9071.7],[10996.7,9118.3],[11043.2,9118.3],[11043.2,9071.7]]],[[[11016.4,3668.1],[11016.4,3714.7],[11063,3714.7],[11063,3668.1],[11016.4,3668.1]]],[[[11248.8,3808.7],[11248.8,3855.3],[11295.4,3855.3],[11295.4,3855.4],[11342,3855.4],[11342,3808.8],[11295.4,3808.8],[11295.4,3808.7],[11248.8,3808.7]]],[[[11248.3,3948.4],[11248.3,3948.2],[11201.7,3948.2],[11201.7,3994.8],[11248.3,3994.8],[11248.3,3995],[11294.9,3995],[11294.9,3948.4],[11295.1,3948.4],[11295.1,3948.6],[11341.6,3948.6],[11341.6,3902],[11295.1,3902],[11295.1,3901.8],[11248.5,3901.8],[11248.5,3948.4],[11248.3,3948.4]]],[[[11247.8,4088.2],[11247.8,4134.8],[11294.4,4134.8],[11294.4,4134.9],[11341,4134.9],[11341,4088.3],[11294.4,4088.3],[11294.4,4088.2],[11247.8,4088.2]]],[[[11246.9,4321.1],[11246.9,4367.7],[11246.8,4367.7],[11246.8,4367.5],[11200.2,4367.5],[11200.2,4414.1],[11246.8,4414.1],[11246.8,4414.2],[11293.4,4414.2],[11293.4,4367.7],[11293.5,4367.7],[11293.5,4367.8],[11340.1,4367.8],[11340.1,4368],[11386.7,4368],[11386.7,4321.4],[11340.1,4321.4],[11340.1,4321.2],[11293.5,4321.2],[11293.5,4321.1],[11246.9,4321.1]]],[[[11106.3,4599.9],[11106.3,4553.3],[11106.5,4553.3],[11106.5,4506.7],[11059.9,4506.7],[11059.9,4553.3],[11059.8,4553.3],[11059.8,4599.9],[11059.6,4599.9],[11059.6,4646.5],[11106.2,4646.5],[11106.2,4599.9],[11106.3,4599.9]]],[[[11198.2,4926.3],[11151.6,4926.3],[11151.6,4972.9],[11198.2,4972.9],[11198.2,4926.3]]],[[[11291.1,5020],[11291,5020],[11291,5066.6],[11290.8,5066.6],[11290.8,5113.2],[11337.4,5113.2],[11337.4,5066.6],[11337.6,5066.6],[11337.6,5066.7],[11384.1,5066.7],[11384.1,5020.2],[11384.3,5020.2],[11384.3,5020.3],[11430.9,5020.3],[11430.9,4973.7],[11384.3,4973.7],[11384.3,4973.6],[11384.5,4973.6],[11384.5,4927],[11337.9,4927],[11337.9,4926.8],[11291.3,4926.8],[11291.3,4973.4],[11291.1,4973.4],[11291.1,5020]],[[11337.9,4973.4],[11337.9,4973.6],[11337.7,4973.6],[11337.7,4973.4],[11337.9,4973.4]],[[11337.7,5020.2],[11337.6,5020.2],[11337.6,5020],[11337.7,5020],[11337.7,5020.2]]],[[[11011.5,5019],[11011.5,5065.5],[11058.1,5065.5],[11058.1,5019],[11011.5,5019]]],[[[11290.6,5113],[11244,5113],[11244,5159.6],[11290.6,5159.6],[11290.6,5113]]],[[[11290.3,5206.3],[11290.3,5206.1],[11243.7,5206.1],[11243.7,5206],[11197.1,5206],[11197.1,5252.6],[11197,5252.6],[11197,5299.1],[11243.5,5299.1],[11243.5,5252.6],[11243.7,5252.6],[11243.7,5252.7],[11290.3,5252.7],[11290.3,5252.9],[11336.9,5252.9],[11336.9,5253.1],[11383.5,5253.1],[11383.5,5206.5],[11383.6,5206.5],[11383.6,5206.7],[11430.2,5206.7],[11430.2,5160.1],[11383.6,5160.1],[11383.6,5159.9],[11337,5159.9],[11337,5206.5],[11336.9,5206.5],[11336.9,5206.3],[11290.3,5206.3]]],[[[11057.4,5205.5],[11057.4,5252.1],[11104,5252.1],[11104,5205.5],[11057.4,5205.5]]],[[[11196.1,5532.1],[11195.9,5532.1],[11195.9,5531.9],[11149.3,5531.9],[11149.3,5578.5],[11195.9,5578.5],[11195.9,5578.6],[11195.8,5578.6],[11195.8,5625.2],[11242.4,5625.2],[11242.4,5578.6],[11242.5,5578.6],[11242.5,5532.1],[11242.7,5532.1],[11242.7,5532.2],[11289.3,5532.2],[11289.3,5485.6],[11289.4,5485.6],[11289.4,5439.1],[11289.6,5439.1],[11289.6,5392.5],[11243,5392.5],[11243,5439.1],[11242.9,5439.1],[11242.9,5485.6],[11242.7,5485.6],[11242.7,5485.5],[11196.1,5485.5],[11196.1,5532.1]]],[[[11149.7,5438.7],[11149.7,5485.3],[11196.3,5485.3],[11196.3,5438.7],[11149.7,5438.7]]],[[[11382.4,5532.7],[11429,5532.7],[11429,5532.9],[11475.6,5532.9],[11475.6,5486.3],[11429,5486.3],[11429,5486.2],[11382.4,5486.2],[11382.4,5486],[11335.8,5486],[11335.8,5532.6],[11382.4,5532.6],[11382.4,5532.7]]],[[[11288.8,5672],[11288.8,5672.2],[11335.3,5672.2],[11335.3,5625.6],[11288.8,5625.6],[11288.8,5625.4],[11242.2,5625.4],[11242.2,5672],[11288.8,5672]]],[[[11055.7,5671.1],[11009.1,5671.1],[11009.1,5717.7],[11055.7,5717.7],[11055.7,5671.1]]],[[[11335,5718.9],[11335,5765.5],[11381.6,5765.5],[11381.6,5718.9],[11335,5718.9]]],[[[11194.7,5904.6],[11194.7,5904.7],[11194.6,5904.7],[11194.6,5951.3],[11241.2,5951.3],[11241.2,5904.7],[11241.3,5904.7],[11241.3,5858.1],[11241.5,5858.1],[11241.5,5811.6],[11241.7,5811.6],[11241.7,5811.7],[11288.3,5811.7],[11288.3,5765.1],[11241.7,5765.1],[11241.7,5765],[11195.1,5765],[11195.1,5811.6],[11194.9,5811.6],[11194.9,5858.1],[11194.7,5858.1],[11194.7,5858],[11148.2,5858],[11148.2,5904.6],[11194.7,5904.6]]],[[[11287.7,5905.1],[11287.7,5951.6],[11334.3,5951.6],[11334.3,5905.1],[11287.7,5905.1]]],[[[11194.4,5997.7],[11194.4,5951.1],[11147.8,5951.1],[11147.8,5951],[11101.2,5951],[11101.2,5997.5],[11147.8,5997.5],[11147.8,5997.7],[11194.4,5997.7]]],[[[11241,5951.5],[11241,5998.1],[11287.6,5998.1],[11287.6,5951.5],[11241,5951.5]]],[[[11333.8,6091.4],[11333.8,6091.6],[11380.4,6091.6],[11380.4,6045],[11380.6,6045],[11380.6,5998.4],[11380.7,5998.4],[11380.7,5998.6],[11427.3,5998.6],[11427.3,5998.7],[11473.9,5998.7],[11473.9,5952.2],[11474.1,5952.2],[11474.1,5952.3],[11520.7,5952.3],[11520.7,5905.7],[11474.1,5905.7],[11474.1,5905.6],[11474.2,5905.6],[11474.2,5859],[11427.7,5859],[11427.7,5858.8],[11427.8,5858.8],[11427.8,5812.2],[11428,5812.2],[11428,5812.4],[11474.6,5812.4],[11474.6,5765.8],[11428,5765.8],[11428,5765.7],[11381.4,5765.7],[11381.4,5812.2],[11381.2,5812.2],[11381.2,5858.8],[11381.1,5858.8],[11381.1,5905.4],[11380.9,5905.4],[11380.9,5952],[11380.7,5952],[11380.7,5951.8],[11334.1,5951.8],[11334.1,5998.4],[11334,5998.4],[11334,6045],[11333.8,6045],[11333.8,6044.8],[11287.2,6044.8],[11287.2,6091.4],[11333.8,6091.4]],[[11427.3,5952],[11427.5,5952],[11427.5,5952.2],[11427.3,5952.2],[11427.3,5952]],[[11427.5,5905.6],[11427.5,5905.4],[11427.7,5905.4],[11427.7,5905.6],[11427.5,5905.6]]],[[[11100.9,6044.1],[11100.9,6090.7],[11147.5,6090.7],[11147.5,6044.1],[11100.9,6044.1]]],[[[11147.3,6090.9],[11147.3,6137.5],[11193.9,6137.5],[11193.9,6090.9],[11147.3,6090.9]]],[[[11006.9,6276.7],[11006.9,6323.3],[11053.5,6323.3],[11053.5,6276.7],[11006.9,6276.7]]],[[[11145.3,6649.7],[11098.7,6649.7],[11098.7,6696.3],[11145.3,6696.3],[11145.3,6649.7]]],[[[11005.3,6695.9],[11005.3,6742.5],[11051.9,6742.5],[11051.9,6695.9],[11005.3,6695.9]]],[[[11051.8,6742.7],[11051.8,6789.3],[11098.3,6789.3],[11098.3,6742.7],[11051.8,6742.7]]],[[[11237.7,6883.1],[11284.3,6883.1],[11284.3,6836.5],[11237.8,6836.5],[11237.8,6836.4],[11237.9,6836.4],[11237.9,6789.8],[11238.1,6789.8],[11238.1,6743.2],[11191.5,6743.2],[11191.5,6789.8],[11191.3,6789.8],[11191.3,6836.4],[11191.2,6836.4],[11191.2,6883],[11237.7,6883],[11237.7,6883.1]]],[[[11284.7,6743.6],[11284.7,6790.1],[11284.5,6790.1],[11284.5,6836.7],[11331.1,6836.7],[11331.1,6790.1],[11331.3,6790.1],[11331.3,6743.6],[11284.7,6743.6]]],[[[11051.4,6835.9],[11051.4,6882.5],[11098,6882.5],[11098,6835.9],[11051.4,6835.9]]],[[[11144.2,6976],[11190.8,6976],[11190.8,6976.1],[11237.4,6976.1],[11237.4,6929.5],[11190.8,6929.5],[11190.8,6929.4],[11144.2,6929.4],[11144.2,6976]]],[[[11329.9,7162.8],[11329.9,7116.2],[11330.1,7116.2],[11330.1,7116.4],[11376.6,7116.4],[11376.6,7116.6],[11423.2,7116.6],[11423.2,7070],[11376.6,7070],[11376.6,7069.8],[11376.8,7069.8],[11376.8,7023.2],[11330.2,7023.2],[11330.2,7069.8],[11330.1,7069.8],[11330.1,7069.6],[11283.5,7069.6],[11283.5,7116.2],[11283.3,7116.2],[11283.3,7162.8],[11329.9,7162.8]]],[[[11190,7162.5],[11190,7209],[11236.6,7209],[11236.6,7162.5],[11190,7162.5]]],[[[11096.5,7255.3],[11096.5,7301.9],[11143.1,7301.9],[11143.1,7255.3],[11096.5,7255.3]]],[[[11282.3,7395.7],[11282.3,7442.3],[11328.9,7442.3],[11328.9,7395.7],[11282.3,7395.7]]],[[[11328,7628.8],[11328,7675.4],[11374.6,7675.4],[11374.6,7628.8],[11328,7628.8]]],[[[11234.7,7675],[11234.7,7721.6],[11281.3,7721.6],[11281.3,7675],[11234.7,7675]]],[[[11374.4,7675.6],[11374.4,7722.1],[11421,7722.1],[11421,7675.6],[11374.4,7675.6]]],[[[11374.1,7768.6],[11327.5,7768.6],[11327.5,7815.1],[11374.1,7815.1],[11374.1,7768.6]]],[[[11234.2,7814.8],[11234.2,7861.4],[11280.8,7861.4],[11280.8,7814.8],[11234.2,7814.8]]],[[[11373.7,7861.9],[11373.7,7908.5],[11373.6,7908.5],[11373.6,7955.1],[11420.2,7955.1],[11420.2,7955.2],[11466.8,7955.2],[11466.8,7908.6],[11420.2,7908.6],[11420.2,7908.5],[11420.3,7908.5],[11420.3,7861.9],[11373.7,7861.9]]],[[[11373.1,8094.6],[11373.1,8094.8],[11419.7,8094.8],[11419.7,8048.2],[11373.1,8048.2],[11373.1,8048.1],[11326.5,8048.1],[11326.5,8094.6],[11373.1,8094.6]]],[[[11324.6,8560.5],[11324.6,8560.3],[11324.8,8560.3],[11324.8,8513.7],[11278.2,8513.7],[11278.2,8560.3],[11278,8560.3],[11278,8606.9],[11324.6,8606.9],[11324.6,8607.1],[11371.2,8607.1],[11371.2,8560.5],[11324.6,8560.5]]],[[[11091.7,8559.6],[11091.7,8606.2],[11138.3,8606.2],[11138.3,8559.6],[11091.7,8559.6]]],[[[11044.9,8606],[11044.9,8652.6],[11091.5,8652.6],[11091.5,8606],[11044.9,8606]]],[[[11090.5,8885.7],[11090.5,8932.3],[11137.1,8932.3],[11137.1,8932.5],[11183.7,8932.5],[11183.7,8885.9],[11137.1,8885.9],[11137.1,8885.7],[11090.5,8885.7]]],[[[11043.6,8978.7],[11043.6,9025.3],[11090.2,9025.3],[11090.2,8978.7],[11043.6,8978.7]]],[[[11136.7,8979],[11136.7,9025.6],[11183.3,9025.6],[11183.3,8979],[11136.7,8979]]],[[[11763.4,3204.8],[11716.9,3204.8],[11716.9,3251.4],[11763.4,3251.4],[11763.4,3204.8]]],[[[11763.1,3298.1],[11763.1,3344.7],[11809.7,3344.7],[11809.7,3298.1],[11763.1,3298.1]]],[[[11435.1,3809.4],[11435.1,3855.9],[11481.7,3855.9],[11481.7,3809.4],[11435.1,3809.4]]],[[[11807.8,3810.5],[11761.2,3810.5],[11761.2,3857.1],[11807.8,3857.1],[11807.8,3810.5]]],[[[11574.6,3903],[11574.6,3949.6],[11621.1,3949.6],[11621.1,3903],[11574.6,3903]]],[[[11667.2,4089.5],[11667.2,4043],[11667.4,4043],[11667.4,3996.4],[11620.8,3996.4],[11620.8,4042.9],[11620.6,4042.9],[11620.6,4042.8],[11574,4042.8],[11574,4089.4],[11620.6,4089.4],[11620.6,4089.5],[11667.2,4089.5]]],[[[11666.4,4322.5],[11666.4,4275.9],[11666.5,4275.9],[11666.5,4229.3],[11619.9,4229.3],[11619.9,4275.9],[11619.8,4275.9],[11619.8,4322.5],[11666.4,4322.5]]],[[[11385.8,4554.5],[11385.8,4601.1],[11432.4,4601.1],[11432.4,4554.5],[11385.8,4554.5]]],[[[11757.8,4742.2],[11757.8,4788.8],[11804.4,4788.8],[11804.4,4742.2],[11757.8,4742.2]]],[[[11664.1,4881.4],[11617.6,4881.4],[11617.6,4928],[11664.1,4928],[11664.1,4881.4]]],[[[11710.2,5021.5],[11710.2,5068.1],[11756.8,5068.1],[11756.8,5021.5],[11710.2,5021.5]]],[[[11616.9,5067.6],[11570.3,5067.6],[11570.3,5114.2],[11616.9,5114.2],[11616.9,5067.6]]],[[[11523.4,5160.6],[11523.4,5207.2],[11570,5207.2],[11570,5160.6],[11523.4,5160.6]]],[[[11663,5207.7],[11663,5207.5],[11663.1,5207.5],[11663.1,5160.9],[11616.5,5160.9],[11616.5,5207.5],[11616.4,5207.5],[11616.4,5254.1],[11663,5254.1],[11663,5254.3],[11709.5,5254.3],[11709.5,5207.7],[11663,5207.7]]],[[[11430,5206.8],[11430,5253.4],[11476.6,5253.4],[11476.6,5206.8],[11430,5206.8]]],[[[11523,5253.8],[11523,5253.6],[11476.4,5253.6],[11476.4,5300.2],[11476.3,5300.2],[11476.3,5346.8],[11522.9,5346.8],[11522.9,5346.9],[11569.5,5346.9],[11569.5,5300.3],[11569.6,5300.3],[11569.6,5253.8],[11523,5253.8]],[[11523,5300.3],[11522.9,5300.3],[11522.9,5300.2],[11523,5300.2],[11523,5300.3]]],[[[11429.5,5346.6],[11429.5,5393.2],[11476.1,5393.2],[11476.1,5346.6],[11429.5,5346.6]]],[[[11615.9,5347.3],[11615.9,5393.8],[11615.7,5393.8],[11615.7,5440.4],[11662.3,5440.4],[11662.3,5393.9],[11662.4,5393.9],[11662.4,5347.3],[11615.9,5347.3]]],[[[11428.7,5579.5],[11428.7,5626.1],[11475.3,5626.1],[11475.3,5579.5],[11428.7,5579.5]]],[[[11521.8,5626.4],[11521.7,5626.4],[11521.7,5673],[11568.3,5673],[11568.3,5626.4],[11568.4,5626.4],[11568.4,5579.8],[11521.8,5579.8],[11521.8,5626.4]]],[[[11614.7,5673.2],[11568.1,5673.2],[11568.1,5719.8],[11614.7,5719.8],[11614.7,5673.2]]],[[[11707,5953],[11707,5953.2],[11706.8,5953.2],[11706.8,5999.8],[11706.6,5999.8],[11706.6,5999.6],[11660.1,5999.6],[11660.1,5999.4],[11660.2,5999.4],[11660.2,5952.8],[11613.7,5952.8],[11613.7,5952.7],[11567.1,5952.7],[11567.1,5999.3],[11613.6,5999.3],[11613.6,5999.4],[11613.5,5999.4],[11613.5,6046],[11613.3,6046],[11613.3,6092.6],[11659.9,6092.6],[11659.9,6092.8],[11706.5,6092.8],[11706.5,6092.9],[11753.1,6092.9],[11753.1,6046.4],[11753.2,6046.4],[11753.2,5999.8],[11753.4,5999.8],[11753.4,5953.2],[11753.6,5953.2],[11753.6,5906.6],[11753.7,5906.6],[11753.7,5860],[11707.2,5860],[11707.2,5859.8],[11660.6,5859.8],[11660.6,5859.7],[11660.7,5859.7],[11660.7,5813.1],[11614.2,5813.1],[11614.2,5859.7],[11614,5859.7],[11614,5906.3],[11660.6,5906.3],[11660.6,5906.4],[11660.4,5906.4],[11660.4,5953],[11707,5953]],[[11659.9,6046.2],[11659.9,6046],[11660.1,6046],[11660.1,6046.2],[11659.9,6046.2]],[[11706.5,6046.3],[11706.5,6046.2],[11706.6,6046.2],[11706.6,6046.3],[11706.5,6046.3]],[[11707,5906.4],[11707.1,5906.4],[11707.1,5906.6],[11707,5906.6],[11707,5906.4]]],[[[11753.9,5813.6],[11753.9,5860.2],[11800.5,5860.2],[11800.5,5813.6],[11753.9,5813.6]]],[[[11473.6,6045.3],[11427,6045.3],[11427,6091.9],[11473.6,6091.9],[11473.6,6045.3]]],[[[11425.4,6511.2],[11472,6511.2],[11472,6511.3],[11518.6,6511.3],[11518.6,6464.7],[11472,6464.7],[11472,6464.6],[11425.4,6464.6],[11425.4,6511.2]]],[[[11565.2,6465.1],[11565.2,6511.7],[11611.8,6511.7],[11611.8,6465.1],[11565.2,6465.1]]],[[[11891.1,6559.3],[11891.1,6559.4],[11890.9,6559.4],[11890.9,6606],[11937.5,6606],[11937.5,6559.5],[11937.7,6559.5],[11937.7,6559.6],[11984.3,6559.6],[11984.3,6513],[11937.7,6513],[11937.7,6512.9],[11891.1,6512.9],[11891.1,6512.7],[11844.5,6512.7],[11844.5,6512.5],[11797.9,6512.5],[11797.9,6559.1],[11797.8,6559.1],[11797.8,6605.7],[11844.4,6605.7],[11844.4,6559.1],[11844.5,6559.1],[11844.5,6559.3],[11891.1,6559.3]]],[[[11564.9,6558.1],[11518.3,6558.1],[11518.3,6557.9],[11471.7,6557.9],[11471.7,6604.5],[11471.5,6604.5],[11471.5,6651.1],[11518.1,6651.1],[11518.1,6651.2],[11564.7,6651.2],[11564.7,6604.7],[11564.9,6604.7],[11564.9,6558.1]],[[11518.3,6604.5],[11518.3,6604.7],[11518.1,6604.7],[11518.1,6604.5],[11518.3,6604.5]]],[[[11704.4,6605.2],[11657.8,6605.2],[11657.8,6651.8],[11704.4,6651.8],[11704.4,6605.2]]],[[[11704.3,6651.9],[11704.3,6698.5],[11750.8,6698.5],[11750.8,6651.9],[11704.3,6651.9]]],[[[11564.3,6698],[11564.3,6744.6],[11610.9,6744.6],[11610.9,6698],[11564.3,6698]]],[[[11471,6744.1],[11424.4,6744.1],[11424.4,6790.7],[11471,6790.7],[11471,6744.1]]],[[[11517.4,6791],[11517.4,6837.6],[11564,6837.6],[11564,6791],[11517.4,6791]]],[[[11703.7,6791.7],[11703.7,6838.3],[11750.3,6838.3],[11750.3,6791.7],[11703.7,6791.7]]],[[[11657,6837.9],[11610.4,6837.9],[11610.4,6837.7],[11563.8,6837.7],[11563.8,6884.3],[11563.7,6884.3],[11563.7,6930.9],[11610.2,6930.9],[11610.2,6884.3],[11610.4,6884.3],[11610.4,6884.5],[11657,6884.5],[11657,6837.9]]],[[[11750.2,6838.4],[11750.2,6885],[11796.7,6885],[11796.7,6838.4],[11750.2,6838.4]]],[[[11703.4,6884.8],[11703.4,6931.4],[11750,6931.4],[11750,6884.8],[11703.4,6884.8]]],[[[11470.3,6930.6],[11470.3,6977.2],[11516.9,6977.2],[11516.9,6930.6],[11470.3,6930.6]]],[[[11843,6931.8],[11796.4,6931.8],[11796.4,6978.4],[11843,6978.4],[11843,6931.8]]],[[[11748.6,7257.7],[11748.6,7304.3],[11795.2,7304.3],[11795.2,7257.7],[11748.6,7257.7]]],[[[11562,7396.6],[11562,7396.8],[11608.5,7396.8],[11608.5,7350.2],[11608.7,7350.2],[11608.7,7303.6],[11562.1,7303.6],[11562.1,7303.4],[11515.5,7303.4],[11515.5,7350],[11515.4,7350],[11515.4,7396.6],[11562,7396.6]],[[11562.1,7350.2],[11562,7350.2],[11562,7350],[11562.1,7350],[11562.1,7350.2]]],[[[11794.9,7351],[11794.9,7397.6],[11794.7,7397.6],[11794.7,7444.2],[11841.3,7444.2],[11841.3,7397.6],[11841.5,7397.6],[11841.5,7351],[11794.9,7351]]],[[[11747.3,7630.3],[11747.3,7676.9],[11793.9,7676.9],[11793.9,7630.3],[11747.3,7630.3]]],[[[11420.8,7722.3],[11420.8,7768.9],[11420.7,7768.9],[11420.7,7815.5],[11467.3,7815.5],[11467.3,7768.9],[11467.4,7768.9],[11467.4,7722.3],[11420.8,7722.3]]],[[[11514,7722.7],[11514,7769.2],[11560.6,7769.2],[11560.6,7722.7],[11514,7722.7]]],[[[11653.4,7862.9],[11700,7862.9],[11700,7863.1],[11746.6,7863.1],[11746.6,7816.5],[11700,7816.5],[11700,7816.3],[11653.4,7816.3],[11653.4,7862.9]]],[[[11559.2,8142.1],[11559.1,8142.1],[11559.1,8188.7],[11558.9,8188.7],[11558.9,8235.3],[11605.5,8235.3],[11605.5,8188.7],[11605.6,8188.7],[11605.6,8188.8],[11652.2,8188.8],[11652.2,8189],[11698.8,8189],[11698.8,8142.4],[11699,8142.4],[11699,8142.6],[11745.6,8142.6],[11745.6,8096],[11745.7,8096],[11745.7,8049.4],[11699.1,8049.4],[11699.1,8096],[11699,8096],[11699,8095.8],[11652.4,8095.8],[11652.4,8142.4],[11652.2,8142.4],[11652.2,8142.2],[11605.6,8142.2],[11605.6,8142.1],[11605.8,8142.1],[11605.8,8095.5],[11606,8095.5],[11606,8095.7],[11652.6,8095.7],[11652.6,8049.1],[11652.7,8049.1],[11652.7,8002.5],[11652.9,8002.5],[11652.9,8002.7],[11699.5,8002.7],[11699.5,7956.1],[11652.9,7956.1],[11652.9,7955.9],[11606.3,7955.9],[11606.3,8002.5],[11606.2,8002.5],[11606.2,8049.1],[11606,8049.1],[11606,8048.9],[11559.4,8048.9],[11559.4,8095.5],[11559.2,8095.5],[11559.2,8142.1]]],[[[11466.4,8002],[11466.4,8048.6],[11513,8048.6],[11513,8048.7],[11559.6,8048.7],[11559.6,8002.2],[11513,8002.2],[11513,8002],[11466.4,8002]]],[[[11745.9,8003],[11745.9,8049.6],[11792.5,8049.6],[11792.5,8003],[11745.9,8003]]],[[[11466.1,8095],[11419.5,8095],[11419.5,8141.6],[11466.1,8141.6],[11466.1,8095]]],[[[11465.7,8234.7],[11465.7,8234.9],[11512.3,8234.9],[11512.3,8188.3],[11465.7,8188.3],[11465.7,8188.1],[11419.1,8188.1],[11419.1,8234.7],[11465.7,8234.7]]],[[[11512.1,8235.1],[11512.1,8281.7],[11558.7,8281.7],[11558.7,8235.1],[11512.1,8235.1]]],[[[11791.5,8282.7],[11791.5,8329.3],[11838,8329.3],[11838,8329.4],[11884.6,8329.4],[11884.6,8329.6],[11931.2,8329.6],[11931.2,8283],[11884.6,8283],[11884.6,8282.9],[11884.8,8282.9],[11884.8,8236.3],[11838.2,8236.3],[11838.2,8236.1],[11791.6,8236.1],[11791.6,8282.7],[11791.5,8282.7]],[[11838.1,8282.9],[11838.1,8282.7],[11838.2,8282.7],[11838.2,8282.9],[11838.1,8282.9]]],[[[11651.2,8421.9],[11651.2,8468.5],[11697.8,8468.5],[11697.8,8421.9],[11651.2,8421.9]]],[[[11557.5,8607.7],[11557.5,8561.2],[11557.7,8561.2],[11557.7,8561.3],[11604.3,8561.3],[11604.3,8514.7],[11557.7,8514.7],[11557.7,8514.6],[11511.1,8514.6],[11511.1,8561.2],[11510.9,8561.2],[11510.9,8607.7],[11510.8,8607.7],[11510.8,8654.3],[11557.4,8654.3],[11557.4,8607.7],[11557.5,8607.7]]],[[[11463.3,8840.3],[11416.8,8840.3],[11416.8,8886.9],[11463.3,8886.9],[11463.3,8840.3]]],[[[11742.8,8841.5],[11742.8,8888.1],[11789.4,8888.1],[11789.4,8841.5],[11742.8,8841.5]]],[[[11696.1,8887.9],[11696.1,8934.5],[11742.7,8934.5],[11742.7,8887.9],[11696.1,8887.9]]],[[[11835.7,8981.6],[11882.3,8981.6],[11882.3,8935],[11835.7,8935],[11835.7,8934.9],[11789.1,8934.9],[11789.1,8981.4],[11835.7,8981.4],[11835.7,8981.6]]],[[[11901.5,3671.3],[11901.5,3717.9],[11948.1,3717.9],[11948.1,3671.3],[11901.5,3671.3]]],[[[11994.5,3718.2],[11994.5,3764.8],[12041.1,3764.8],[12041.1,3718.2],[11994.5,3718.2]]],[[[11854.2,3857.5],[11854.2,3857.3],[11807.6,3857.3],[11807.6,3903.9],[11854.2,3903.9],[11854.2,3904.1],[11854,3904.1],[11854,3950.6],[11900.6,3950.6],[11900.6,3904.1],[11900.8,3904.1],[11900.8,3857.5],[11854.2,3857.5]]],[[[11899.3,4323.3],[11899.3,4276.7],[11899.4,4276.7],[11899.4,4230.1],[11852.9,4230.1],[11852.9,4276.7],[11852.7,4276.7],[11852.7,4323.3],[11899.3,4323.3]]],[[[12039,4277.4],[12039,4324],[12085.6,4324],[12085.6,4277.4],[12039,4277.4]]],[[[12038.3,4463.7],[12038.3,4510.3],[12084.9,4510.3],[12084.9,4510.5],[12131.5,4510.5],[12131.5,4463.9],[12084.9,4463.9],[12084.9,4463.7],[12038.3,4463.7]]],[[[12270.6,4650.9],[12270.6,4697.5],[12317.2,4697.5],[12317.2,4650.9],[12270.6,4650.9]]],[[[12176.9,4790.3],[12176.9,4836.9],[12223.5,4836.9],[12223.5,4790.3],[12176.9,4790.3]]],[[[12316.5,4837.2],[12269.9,4837.2],[12269.9,4883.8],[12316.5,4883.8],[12316.5,4837.2]]],[[[12035.8,5162.3],[12036,5162.3],[12036,5115.7],[11989.4,5115.7],[11989.4,5162.3],[11989.2,5162.3],[11989.2,5208.9],[12035.8,5208.9],[12035.8,5209.1],[12082.4,5209.1],[12082.4,5162.5],[12035.8,5162.5],[12035.8,5162.3]]],[[[11848.6,5394.7],[11848.6,5441.3],[11895.2,5441.3],[11895.2,5394.7],[11895.4,5394.7],[11895.4,5394.9],[11941.9,5394.9],[11941.9,5348.3],[11895.4,5348.3],[11895.4,5348.1],[11848.8,5348.1],[11848.8,5394.7],[11848.6,5394.7]]],[[[11988,5488.4],[11988,5535],[12034.6,5535],[12034.6,5488.4],[11988,5488.4]]],[[[11987.5,5674.5],[11987.5,5674.7],[12034.1,5674.7],[12034.1,5628.1],[11987.5,5628.1],[11987.5,5628],[11940.9,5628],[11940.9,5627.8],[11941.1,5627.8],[11941.1,5581.2],[11894.5,5581.2],[11894.5,5581],[11847.9,5581],[11847.9,5627.6],[11894.5,5627.6],[11894.5,5627.8],[11894.3,5627.8],[11894.3,5674.4],[11940.9,5674.4],[11940.9,5674.5],[11987.5,5674.5]]],[[[12033.7,5721.5],[12033.7,5768.1],[12080.3,5768.1],[12080.3,5721.5],[12033.7,5721.5]]],[[[12266.5,5768.9],[12266.5,5815.5],[12313.1,5815.5],[12313.1,5768.9],[12266.5,5768.9]]],[[[11986.6,5907.6],[12033.2,5907.6],[12033.2,5907.8],[12079.8,5907.8],[12079.8,5908],[12079.6,5908],[12079.6,5954.6],[12079.5,5954.6],[12079.5,6001.1],[12079.3,6001.1],[12079.3,6047.7],[12079.1,6047.7],[12079.1,6094.3],[12125.7,6094.3],[12125.7,6094.5],[12172.3,6094.5],[12172.3,6047.9],[12172.5,6047.9],[12172.5,6001.3],[12172.6,6001.3],[12172.6,5954.7],[12172.8,5954.7],[12172.8,5908.1],[12173,5908.1],[12173,5861.6],[12126.4,5861.6],[12126.4,5861.4],[12126.6,5861.4],[12126.6,5814.8],[12080,5814.8],[12080,5861.4],[12079.8,5861.4],[12079.8,5861.2],[12033.2,5861.2],[12033.2,5861],[11986.6,5861],[11986.6,5907.6]],[[12125.7,6047.7],[12125.9,6047.7],[12125.9,6047.9],[12125.7,6047.9],[12125.7,6047.7]],[[12126.2,5954.6],[12126.2,5954.7],[12126.1,5954.7],[12126.1,5954.6],[12126.2,5954.6]],[[12126.2,5908],[12126.4,5908],[12126.4,5908.1],[12126.2,5908.1],[12126.2,5908]],[[12126.1,6001.3],[12125.9,6001.3],[12125.9,6001.1],[12126.1,6001.1],[12126.1,6001.3]]],[[[12173.1,5815.1],[12173.1,5861.7],[12219.7,5861.7],[12219.7,5815.1],[12173.1,5815.1]]],[[[11893.5,5860.7],[11893.5,5907.3],[11940.1,5907.3],[11940.1,5860.7],[11893.5,5860.7]]],[[[12219.6,5861.9],[12219.6,5908.5],[12266.2,5908.5],[12266.2,5861.9],[12219.6,5861.9]]],[[[11939.4,6047.2],[11939.4,6093.8],[11939.2,6093.8],[11939.2,6140.4],[11985.8,6140.4],[11985.8,6093.8],[11986,6093.8],[11986,6047.2],[11939.4,6047.2]]],[[[12311.9,6095],[12265.3,6095],[12265.3,6141.6],[12311.9,6141.6],[12311.9,6095]]],[[[12124.7,6327.4],[12124.7,6327.2],[12078.1,6327.2],[12078.1,6327],[12031.5,6327],[12031.5,6326.9],[12031.7,6326.9],[12031.7,6280.3],[11985.1,6280.3],[11985.1,6326.9],[11984.9,6326.9],[11984.9,6373.5],[12031.5,6373.5],[12031.5,6373.6],[12078.1,6373.6],[12078.1,6373.8],[12077.9,6373.8],[12077.9,6420.4],[12077.8,6420.4],[12077.8,6467],[12124.4,6467],[12124.4,6420.4],[12124.5,6420.4],[12124.5,6420.6],[12171.1,6420.6],[12171.1,6420.7],[12217.7,6420.7],[12217.7,6420.9],[12217.5,6420.9],[12217.5,6467.5],[12217.3,6467.5],[12217.3,6514.1],[12263.9,6514.1],[12263.9,6467.5],[12264.1,6467.5],[12264.1,6467.7],[12310.7,6467.7],[12310.7,6421.1],[12264.1,6421.1],[12264.1,6420.9],[12264.3,6420.9],[12264.3,6374.3],[12264.4,6374.3],[12264.4,6327.7],[12217.9,6327.7],[12217.9,6374.3],[12217.7,6374.3],[12217.7,6374.1],[12171.1,6374.1],[12171.1,6374],[12171.3,6374],[12171.3,6327.4],[12171.4,6327.4],[12171.4,6327.6],[12218,6327.6],[12218,6281],[12171.5,6281],[12171.5,6280.8],[12171.6,6280.8],[12171.6,6234.2],[12171.8,6234.2],[12171.8,6234.4],[12218.4,6234.4],[12218.4,6234.6],[12265,6234.6],[12265,6188],[12265.1,6188],[12265.1,6141.4],[12218.5,6141.4],[12218.5,6141.2],[12172,6141.2],[12172,6141.1],[12125.4,6141.1],[12125.4,6187.6],[12125.2,6187.6],[12125.2,6234.2],[12125,6234.2],[12125,6280.8],[12124.9,6280.8],[12124.9,6327.4],[12124.7,6327.4]],[[12172,6187.6],[12172,6187.8],[12171.8,6187.8],[12171.8,6187.6],[12172,6187.6]],[[12218.5,6188],[12218.4,6188],[12218.4,6187.8],[12218.5,6187.8],[12218.5,6188]],[[12124.5,6373.8],[12124.7,6373.8],[12124.7,6374],[12124.5,6374],[12124.5,6373.8]]],[[[11984.6,6420],[11984.6,6419.9],[11984.8,6419.9],[11984.8,6373.3],[11938.2,6373.3],[11938.2,6373.1],[11891.6,6373.1],[11891.6,6419.7],[11938.2,6419.7],[11938.2,6419.9],[11938,6419.9],[11938,6466.5],[11984.6,6466.5],[11984.6,6466.6],[12031.2,6466.6],[12031.2,6420],[11984.6,6420]]],[[[12217,6607.1],[12217,6560.5],[12217.2,6560.5],[12217.2,6513.9],[12170.6,6513.9],[12170.6,6513.7],[12124,6513.7],[12124,6560.3],[12123.8,6560.3],[12123.8,6606.9],[12123.7,6606.9],[12123.7,6653.5],[12170.3,6653.5],[12170.3,6606.9],[12170.4,6606.9],[12170.4,6607.1],[12217,6607.1]],[[12170.6,6560.5],[12170.4,6560.5],[12170.4,6560.3],[12170.6,6560.3],[12170.6,6560.5]]],[[[11844.2,6605.9],[11844.2,6652.4],[11844,6652.4],[11844,6699],[11890.6,6699],[11890.6,6652.4],[11890.8,6652.4],[11890.8,6605.9],[11844.2,6605.9]]],[[[12263.3,6653.8],[12216.7,6653.8],[12216.7,6700.4],[12263.3,6700.4],[12263.3,6653.8]]],[[[12029.7,6839.3],[11983.1,6839.3],[11983.1,6839.1],[11936.5,6839.1],[11936.5,6885.7],[11983.1,6885.7],[11983.1,6885.9],[12029.7,6885.9],[12029.7,6886],[12076.2,6886],[12076.2,6839.5],[12076.4,6839.5],[12076.4,6839.6],[12123,6839.6],[12123,6839.8],[12169.6,6839.8],[12169.6,6840],[12216.2,6840],[12216.2,6793.4],[12169.6,6793.4],[12169.6,6793.2],[12123,6793.2],[12123,6793.1],[12123.2,6793.1],[12123.2,6746.5],[12123.3,6746.5],[12123.3,6699.9],[12076.7,6699.9],[12076.7,6746.5],[12076.6,6746.5],[12076.6,6793],[12076.4,6793],[12076.4,6792.9],[12029.8,6792.9],[12029.8,6839.5],[12029.7,6839.5],[12029.7,6839.3]]],[[[11890.1,6792.2],[11843.5,6792.2],[11843.5,6838.8],[11890.1,6838.8],[11890.1,6792.2]]],[[[12075.7,6979.4],[12075.7,7026],[12075.6,7026],[12075.6,7072.6],[12122.1,7072.6],[12122.1,7026],[12122.3,7026],[12122.3,6979.4],[12075.7,6979.4]]],[[[12028.5,7212],[12028.5,7165.4],[12028.6,7165.4],[12028.6,7118.8],[11982.1,7118.8],[11982.1,7118.6],[11982.2,7118.6],[11982.2,7072],[11935.6,7072],[11935.6,7118.6],[11935.5,7118.6],[11935.5,7165.2],[11982.1,7165.2],[11982.1,7165.4],[11981.9,7165.4],[11981.9,7212],[12028.5,7212]]],[[[12214.1,7352.6],[12214.1,7399.1],[12260.7,7399.1],[12260.7,7399.3],[12307.3,7399.3],[12307.3,7352.7],[12307.5,7352.7],[12307.5,7306.2],[12307.6,7306.2],[12307.6,7259.6],[12307.8,7259.6],[12307.8,7213],[12261.2,7213],[12261.2,7259.6],[12261,7259.6],[12261,7306.1],[12260.9,7306.1],[12260.9,7352.7],[12260.7,7352.7],[12260.7,7352.6],[12214.1,7352.6]]],[[[12167.9,7305.6],[12167.9,7259],[12121.3,7259],[12121.3,7258.9],[12074.7,7258.9],[12074.7,7305.5],[12121.3,7305.5],[12121.3,7305.6],[12121.1,7305.6],[12121.1,7352.2],[12167.7,7352.2],[12167.7,7305.6],[12167.9,7305.6]]],[[[12074.4,7398.5],[12074.4,7398.6],[12121,7398.6],[12121,7352],[12074.4,7352],[12074.4,7351.9],[12027.8,7351.9],[12027.8,7398.5],[12074.4,7398.5]]],[[[11934.4,7398.1],[11934.4,7444.7],[11981,7444.7],[11981,7444.9],[12027.6,7444.9],[12027.6,7398.3],[11981,7398.3],[11981,7398.1],[11934.4,7398.1]]],[[[12213.8,7492.1],[12213.8,7492.3],[12260.4,7492.3],[12260.4,7445.7],[12213.8,7445.7],[12213.8,7445.6],[12167.2,7445.6],[12167.2,7492.1],[12213.8,7492.1]]],[[[12073.9,7491.6],[12027.3,7491.6],[12027.3,7538.2],[12073.9,7538.2],[12073.9,7491.6]]],[[[12399.9,7539.4],[12399.9,7492.8],[12353.4,7492.8],[12353.4,7492.6],[12306.8,7492.6],[12306.8,7539.2],[12353.4,7539.2],[12353.4,7539.4],[12399.9,7539.4]]],[[[11933.8,7630.9],[11933.8,7631],[11980.4,7631],[11980.4,7584.5],[11980.5,7584.5],[11980.5,7537.9],[11933.9,7537.9],[11933.9,7537.7],[11887.4,7537.7],[11887.4,7584.3],[11887.2,7584.3],[11887.2,7630.9],[11887,7630.9],[11887,7677.4],[11933.6,7677.4],[11933.6,7630.9],[11933.8,7630.9]],[[11933.9,7584.3],[11933.9,7584.4],[11933.8,7584.4],[11933.8,7584.3],[11933.9,7584.3]]],[[[12120.3,7585],[12120.3,7585.1],[12166.9,7585.1],[12166.9,7538.5],[12120.3,7538.5],[12120.3,7538.4],[12073.7,7538.4],[12073.7,7585],[12120.3,7585]]],[[[12259.8,7585.6],[12259.8,7632.2],[12306.4,7632.2],[12306.4,7632.4],[12353,7632.4],[12353,7585.8],[12306.4,7585.8],[12306.4,7585.6],[12259.8,7585.6]]],[[[12166.2,7725.1],[12166.2,7771.6],[12212.8,7771.6],[12212.8,7725.1],[12166.2,7725.1]]],[[[12305.6,7818.7],[12305.6,7865.3],[12352.2,7865.3],[12352.2,7865.5],[12398.8,7865.5],[12398.8,7818.9],[12398.9,7818.9],[12398.9,7772.3],[12399.1,7772.3],[12399.1,7725.7],[12352.5,7725.7],[12352.5,7725.6],[12305.9,7725.6],[12305.9,7772.1],[12305.8,7772.1],[12305.8,7772],[12259.2,7772],[12259.2,7818.6],[12305.7,7818.6],[12305.7,7818.7],[12305.6,7818.7]],[[12352.3,7818.9],[12352.2,7818.9],[12352.2,7818.7],[12352.3,7818.7],[12352.3,7818.9]],[[12352.5,7772.3],[12352.3,7772.3],[12352.3,7772.2],[12352.5,7772.2],[12352.5,7772.3]]],[[[12165.5,7957.8],[12165.5,7958],[12165.3,7958],[12165.3,8004.6],[12211.9,8004.6],[12211.9,7958],[12212.1,7958],[12212.1,7911.4],[12165.5,7911.4],[12165.5,7911.2],[12165.7,7911.2],[12165.7,7864.6],[12119.1,7864.6],[12119.1,7864.5],[12119.3,7864.5],[12119.3,7817.9],[12072.7,7817.9],[12072.7,7864.5],[12072.5,7864.5],[12072.5,7911],[12119.1,7911],[12119.1,7911.2],[12118.9,7911.2],[12118.9,7957.8],[12165.5,7957.8]]],[[[11885.7,8049.9],[11885.7,8050.1],[11932.2,8050.1],[11932.2,8003.5],[11885.7,8003.5],[11885.7,8003.4],[11839.1,8003.4],[11839.1,8049.9],[11885.7,8049.9]]],[[[12072,8050.8],[12118.6,8050.8],[12118.6,8051],[12165.2,8051],[12165.2,8004.4],[12118.6,8004.4],[12118.6,8004.2],[12072,8004.2],[12072,8050.8]]],[[[12304.9,8005.1],[12304.9,8051.6],[12304.7,8051.6],[12304.7,8098.2],[12351.3,8098.2],[12351.3,8051.7],[12351.5,8051.7],[12351.5,8005.1],[12304.9,8005.1]]],[[[12118.1,8144.1],[12118.1,8144],[12071.5,8144],[12071.5,8143.8],[12024.9,8143.8],[12024.9,8143.6],[11978.3,8143.6],[11978.3,8190.2],[11978.1,8190.2],[11978.1,8236.8],[12024.7,8236.8],[12024.7,8237],[12071.3,8237],[12071.3,8237.1],[12071.1,8237.1],[12071.1,8283.7],[12117.7,8283.7],[12117.7,8237.1],[12117.9,8237.1],[12117.9,8190.5],[12118.1,8190.5],[12118.1,8190.7],[12164.6,8190.7],[12164.6,8190.9],[12211.2,8190.9],[12211.2,8144.3],[12211.4,8144.3],[12211.4,8097.7],[12164.8,8097.7],[12164.8,8144.3],[12164.6,8144.3],[12164.6,8144.1],[12118.1,8144.1]],[[12071.3,8190.5],[12071.3,8190.4],[12071.5,8190.4],[12071.5,8190.5],[12071.3,8190.5]],[[12024.9,8190.4],[12024.7,8190.4],[12024.7,8190.2],[12024.9,8190.2],[12024.9,8190.4]]],[[[12258,8098.1],[12258,8144.7],[12304.6,8144.7],[12304.6,8098.1],[12258,8098.1]]],[[[11931.4,8236.6],[11931.4,8283.2],[11978,8283.2],[11978,8236.6],[11931.4,8236.6]]],[[[12210.5,8330.8],[12210.5,8377.4],[12257.1,8377.4],[12257.1,8330.8],[12257.3,8330.8],[12257.3,8284.2],[12257.5,8284.2],[12257.5,8237.6],[12210.9,8237.6],[12210.9,8284.2],[12210.7,8284.2],[12210.7,8284.1],[12164.1,8284.1],[12164.1,8330.6],[12210.7,8330.6],[12210.7,8330.8],[12210.5,8330.8]]],[[[12304,8238],[12304,8284.6],[12350.6,8284.6],[12350.6,8238],[12304,8238]]],[[[12210.4,8423.8],[12210.4,8377.2],[12163.8,8377.2],[12163.8,8377],[12117.2,8377],[12117.2,8423.6],[12163.8,8423.6],[12163.8,8423.8],[12163.6,8423.8],[12163.6,8470.4],[12210.2,8470.4],[12210.2,8423.8],[12210.4,8423.8]]],[[[12348.4,8843.7],[12348.4,8890.3],[12395,8890.3],[12395,8890.5],[12441.6,8890.5],[12441.6,8843.9],[12395,8843.9],[12395,8843.7],[12395.2,8843.7],[12395.2,8797.2],[12348.6,8797.2],[12348.6,8797],[12302,8797],[12302,8843.6],[12348.6,8843.6],[12348.6,8843.7],[12348.4,8843.7]]],[[[12301.7,8890.2],[12301.7,8936.7],[12301.5,8936.7],[12301.5,8983.3],[12348.1,8983.3],[12348.1,8936.7],[12348.3,8936.7],[12348.3,8890.2],[12301.7,8890.2]]],[[[12417.8,2601.6],[12371.2,2601.6],[12371.2,2648.2],[12417.8,2648.2],[12417.8,2601.6]]],[[[12505.2,4185.9],[12505.2,4232.5],[12551.8,4232.5],[12551.8,4232.7],[12598.4,4232.7],[12598.4,4186.1],[12598.5,4186.1],[12598.5,4139.5],[12551.9,4139.5],[12551.9,4186.1],[12551.8,4186.1],[12551.8,4185.9],[12505.2,4185.9]]],[[[12598.2,4232.9],[12598.2,4279.5],[12644.8,4279.5],[12644.8,4232.9],[12598.2,4232.9]]],[[[12690.3,4512.7],[12690.3,4559.3],[12736.9,4559.3],[12736.9,4512.7],[12690.3,4512.7]]],[[[12643.4,4605.5],[12596.8,4605.5],[12596.8,4652.1],[12643.4,4652.1],[12643.4,4605.5]]],[[[12503.5,4651.8],[12503.5,4698.4],[12550.1,4698.4],[12550.1,4651.8],[12503.5,4651.8]]],[[[12409.8,4837.6],[12409.8,4837.8],[12409.6,4837.8],[12409.6,4884.4],[12456.2,4884.4],[12456.2,4837.8],[12456.4,4837.8],[12456.4,4791.2],[12456.6,4791.2],[12456.6,4791.4],[12503.1,4791.4],[12503.1,4744.8],[12456.6,4744.8],[12456.6,4744.6],[12456.7,4744.6],[12456.7,4698],[12410.1,4698],[12410.1,4744.6],[12410,4744.6],[12410,4791.2],[12409.8,4791.2],[12409.8,4791],[12363.2,4791],[12363.2,4837.6],[12409.8,4837.6]]],[[[12643.1,4745.5],[12689.6,4745.5],[12689.6,4745.6],[12736.2,4745.6],[12736.2,4699],[12689.6,4699],[12689.6,4698.9],[12643.1,4698.9],[12643.1,4745.5]]],[[[12736.1,4745.8],[12736.1,4792.4],[12782.6,4792.4],[12782.6,4745.8],[12736.1,4745.8]]],[[[12549.4,4838.3],[12549.4,4884.9],[12596,4884.9],[12596,4838.3],[12549.4,4838.3]]],[[[12595.6,4931.4],[12549,4931.4],[12549,4978],[12595.6,4978],[12595.6,4931.4]]],[[[12735.4,4932.1],[12735.4,4978.7],[12782,4978.7],[12782,4932.1],[12735.4,4932.1]]],[[[12502.3,4977.9],[12502.3,5024.4],[12548.9,5024.4],[12548.9,4977.9],[12502.3,4977.9]]],[[[12361.4,5349.8],[12361.4,5303.3],[12361.5,5303.3],[12361.5,5303.4],[12408.1,5303.4],[12408.1,5256.8],[12408.3,5256.8],[12408.3,5210.3],[12361.7,5210.3],[12361.7,5256.8],[12361.5,5256.8],[12361.5,5256.7],[12314.9,5256.7],[12314.9,5303.2],[12314.8,5303.2],[12314.8,5349.8],[12361.4,5349.8]]],[[[12500.8,5397.1],[12500.8,5396.9],[12500.9,5396.9],[12500.9,5350.3],[12454.3,5350.3],[12454.3,5396.9],[12454.2,5396.9],[12454.2,5443.5],[12500.8,5443.5],[12500.8,5443.7],[12547.3,5443.7],[12547.3,5397.1],[12500.8,5397.1]]],[[[12314.4,5396.4],[12314.4,5443],[12361,5443],[12361,5396.4],[12314.4,5396.4]]],[[[12407.3,5489.9],[12407.3,5536.5],[12453.8,5536.5],[12453.8,5489.9],[12407.3,5489.9]]],[[[12360.5,5536.3],[12360.5,5582.9],[12407.1,5582.9],[12407.1,5536.3],[12360.5,5536.3]]],[[[12640,5537.2],[12593.4,5537.2],[12593.4,5583.8],[12640,5583.8],[12640,5537.2]]],[[[12733,5630.9],[12732.8,5630.9],[12732.8,5677.5],[12779.4,5677.5],[12779.4,5677.6],[12826,5677.6],[12826,5631],[12826.2,5631],[12826.2,5584.5],[12779.6,5584.5],[12779.6,5584.3],[12733,5584.3],[12733,5630.9]],[[12779.4,5631],[12779.4,5630.9],[12779.6,5630.9],[12779.6,5631],[12779.4,5631]]],[[[12639.7,5630.5],[12639.7,5677.1],[12686.2,5677.1],[12686.2,5630.5],[12639.7,5630.5]]],[[[12592.9,5676.9],[12592.9,5676.8],[12546.3,5676.8],[12546.3,5723.3],[12546.2,5723.3],[12546.2,5769.9],[12592.7,5769.9],[12592.7,5723.4],[12592.9,5723.4],[12592.9,5723.5],[12639.5,5723.5],[12639.5,5676.9],[12592.9,5676.9]]],[[[12732.7,5677.3],[12686.1,5677.3],[12686.1,5723.9],[12732.7,5723.9],[12732.7,5677.3]]],[[[12592.6,5770.1],[12592.6,5816.7],[12639.2,5816.7],[12639.2,5770.1],[12592.6,5770.1]]],[[[12825.5,5770.8],[12778.9,5770.8],[12778.9,5817.4],[12778.7,5817.4],[12778.7,5864],[12825.3,5864],[12825.3,5864.1],[12871.9,5864.1],[12871.9,5817.5],[12825.3,5817.5],[12825.3,5817.4],[12825.5,5817.4],[12825.5,5770.8]]],[[[12312.9,5815.7],[12312.9,5862.2],[12359.5,5862.2],[12359.5,5815.7],[12312.9,5815.7]]],[[[12406.1,5816],[12406.1,5862.6],[12452.7,5862.6],[12452.7,5816],[12406.1,5816]]],[[[12545.3,5956.3],[12545.3,6002.9],[12591.9,6002.9],[12591.9,5956.3],[12545.3,5956.3]]],[[[12871,6097],[12871,6050.5],[12871.2,6050.5],[12871.2,6003.9],[12824.6,6003.9],[12824.6,6003.7],[12824.8,6003.7],[12824.8,5957.1],[12778.2,5957.1],[12778.2,6003.7],[12778,6003.7],[12778,6050.3],[12777.9,6050.3],[12777.9,6096.9],[12824.5,6096.9],[12824.5,6097],[12871,6097]],[[12824.6,6050.5],[12824.5,6050.5],[12824.5,6050.3],[12824.6,6050.3],[12824.6,6050.5]]],[[[12405.2,6048.9],[12405.2,6095.5],[12451.8,6095.5],[12451.8,6048.9],[12405.2,6048.9]]],[[[12545,6049.4],[12545,6096],[12591.5,6096],[12591.5,6096.2],[12638.1,6096.2],[12638.1,6049.6],[12591.5,6049.6],[12591.5,6049.4],[12545,6049.4]]],[[[12684.7,6049.9],[12684.7,6096.5],[12731.3,6096.5],[12731.3,6049.9],[12684.7,6049.9]]],[[[12451.5,6142.1],[12404.9,6142.1],[12404.9,6188.7],[12451.5,6188.7],[12451.5,6142.1]]],[[[12543.9,6328.9],[12543.9,6375.5],[12590.5,6375.5],[12590.5,6328.9],[12590.7,6328.9],[12590.7,6282.3],[12590.9,6282.3],[12590.9,6282.5],[12637.4,6282.5],[12637.4,6282.7],[12684,6282.7],[12684,6282.9],[12730.6,6282.9],[12730.6,6283],[12777.2,6283],[12777.2,6236.5],[12777.4,6236.5],[12777.4,6189.9],[12777.5,6189.9],[12777.5,6143.3],[12731,6143.3],[12731,6143.1],[12684.4,6143.1],[12684.4,6189.7],[12684.2,6189.7],[12684.2,6236.3],[12684,6236.3],[12684,6236.1],[12637.5,6236.1],[12637.5,6235.9],[12590.9,6235.9],[12590.9,6235.8],[12591,6235.8],[12591,6189.2],[12591.2,6189.2],[12591.2,6142.6],[12544.6,6142.6],[12544.6,6189.2],[12544.4,6189.2],[12544.4,6235.8],[12544.3,6235.8],[12544.3,6282.3],[12544.1,6282.3],[12544.1,6328.9],[12543.9,6328.9]],[[12730.6,6236.4],[12730.6,6236.3],[12730.8,6236.3],[12730.8,6236.4],[12730.6,6236.4]],[[12730.8,6189.7],[12731,6189.7],[12731,6189.9],[12730.8,6189.9],[12730.8,6189.7]]],[[[12311,6328.1],[12311,6374.7],[12357.6,6374.7],[12357.6,6374.8],[12357.4,6374.8],[12357.4,6421.4],[12357.3,6421.4],[12357.3,6468],[12403.8,6468],[12403.8,6468.2],[12450.4,6468.2],[12450.4,6468.3],[12497,6468.3],[12497,6468.5],[12496.8,6468.5],[12496.8,6515.1],[12543.4,6515.1],[12543.4,6468.5],[12543.6,6468.5],[12543.6,6421.9],[12543.8,6421.9],[12543.8,6375.3],[12497.2,6375.3],[12497.2,6375.2],[12450.6,6375.2],[12450.6,6375],[12450.8,6375],[12450.8,6328.4],[12450.9,6328.4],[12450.9,6281.8],[12451.1,6281.8],[12451.1,6235.2],[12404.5,6235.2],[12404.5,6281.8],[12404.4,6281.8],[12404.4,6281.7],[12357.8,6281.7],[12357.8,6328.2],[12357.6,6328.2],[12357.6,6328.1],[12311,6328.1]],[[12404,6421.6],[12403.9,6421.6],[12403.9,6421.4],[12404,6421.4],[12404,6421.6]],[[12450.6,6421.7],[12450.4,6421.7],[12450.4,6421.6],[12450.6,6421.6],[12450.6,6421.7]],[[12404.2,6374.8],[12404.2,6375],[12404,6375],[12404,6374.8],[12404.2,6374.8]],[[12404.2,6328.2],[12404.4,6328.2],[12404.4,6328.4],[12404.2,6328.4],[12404.2,6328.2]],[[12497.2,6421.8],[12497.2,6421.9],[12497,6421.9],[12497,6421.8],[12497.2,6421.8]]],[[[12683.5,6422.4],[12683.5,6375.9],[12683.7,6375.9],[12683.7,6329.3],[12637.1,6329.3],[12637.1,6375.9],[12636.9,6375.9],[12636.9,6422.4],[12683.5,6422.4]]],[[[12776.9,6376.2],[12776.9,6376.4],[12776.7,6376.4],[12776.7,6422.9],[12776.5,6422.9],[12776.5,6469.5],[12823.1,6469.5],[12823.1,6423],[12823.3,6423],[12823.3,6423.1],[12869.8,6423.1],[12869.8,6423.3],[12916.4,6423.3],[12916.4,6423.5],[12963,6423.5],[12963,6423.6],[13009.6,6423.6],[13009.6,6423.8],[13009.4,6423.8],[13009.4,6470.4],[13056,6470.4],[13056,6423.8],[13056.2,6423.8],[13056.2,6377.2],[13009.6,6377.2],[13009.6,6377],[12963,6377],[12963,6376.9],[12963.2,6376.9],[12963.2,6330.3],[12916.6,6330.3],[12916.6,6330.1],[12870,6330.1],[12870,6376.7],[12869.9,6376.7],[12869.9,6376.5],[12823.3,6376.5],[12823.3,6376.4],[12823.4,6376.4],[12823.4,6329.8],[12776.9,6329.8],[12776.9,6329.6],[12730.3,6329.6],[12730.3,6376.2],[12776.9,6376.2]],[[12916.6,6376.7],[12916.6,6376.9],[12916.4,6376.9],[12916.4,6376.7],[12916.6,6376.7]]],[[[12450.1,6514.9],[12450.1,6561.5],[12496.7,6561.5],[12496.7,6514.9],[12450.1,6514.9]]],[[[12543.3,6515.3],[12543.3,6561.8],[12589.8,6561.8],[12589.8,6515.3],[12543.3,6515.3]]],[[[12403.3,6561.3],[12403.3,6607.9],[12403.2,6607.9],[12403.2,6654.5],[12449.8,6654.5],[12449.8,6607.9],[12449.9,6607.9],[12449.9,6561.3],[12403.3,6561.3]]],[[[12496.3,6608.3],[12496.3,6654.8],[12542.9,6654.8],[12542.9,6608.3],[12496.3,6608.3]]],[[[12682.3,6748.7],[12728.9,6748.7],[12728.9,6702.1],[12729.1,6702.1],[12729.1,6655.5],[12729.2,6655.5],[12729.2,6655.7],[12775.8,6655.7],[12775.8,6655.9],[12822.4,6655.9],[12822.4,6609.3],[12775.8,6609.3],[12775.8,6609.1],[12729.3,6609.1],[12729.3,6608.9],[12682.7,6608.9],[12682.7,6608.8],[12636.1,6608.8],[12636.1,6608.6],[12589.5,6608.6],[12589.5,6655.2],[12636.1,6655.2],[12636.1,6655.4],[12682.7,6655.4],[12682.7,6655.5],[12682.5,6655.5],[12682.5,6702.1],[12682.3,6702.1],[12682.3,6748.7]]],[[[12402.7,6747.7],[12402.7,6794.2],[12449.2,6794.2],[12449.2,6747.7],[12402.7,6747.7]]],[[[12682,6841.7],[12682,6841.9],[12728.6,6841.9],[12728.6,6795.3],[12682,6795.3],[12682,6795.1],[12682.2,6795.1],[12682.2,6748.5],[12635.6,6748.5],[12635.6,6795.1],[12635.4,6795.1],[12635.4,6841.7],[12682,6841.7]]],[[[12775.3,6748.9],[12728.7,6748.9],[12728.7,6795.4],[12775.3,6795.4],[12775.3,6748.9]]],[[[12355.9,6840.5],[12355.9,6840.7],[12402.5,6840.7],[12402.5,6794.1],[12355.9,6794.1],[12355.9,6793.9],[12309.3,6793.9],[12309.3,6840.5],[12355.9,6840.5]]],[[[12542.2,6794.6],[12495.7,6794.6],[12495.7,6794.4],[12449.1,6794.4],[12449.1,6841],[12495.7,6841],[12495.7,6841.2],[12495.5,6841.2],[12495.5,6887.8],[12542.1,6887.8],[12542.1,6841.2],[12542.2,6841.2],[12542.2,6794.6]]],[[[12868.3,6842.4],[12868.3,6842.5],[12914.9,6842.5],[12914.9,6796],[12915.1,6796],[12915.1,6796.1],[12961.7,6796.1],[12961.7,6749.5],[12915.1,6749.5],[12915.1,6749.4],[12868.5,6749.4],[12868.5,6796],[12868.3,6796],[12868.3,6795.8],[12821.7,6795.8],[12821.7,6795.6],[12775.2,6795.6],[12775.2,6842.2],[12821.7,6842.2],[12821.7,6842.4],[12868.3,6842.4]]],[[[12448.7,6934],[12448.7,6934.2],[12495.3,6934.2],[12495.3,6887.6],[12448.7,6887.6],[12448.7,6887.4],[12448.9,6887.4],[12448.9,6840.8],[12402.3,6840.8],[12402.3,6887.4],[12402.1,6887.4],[12402.1,6934],[12402,6934],[12402,6980.6],[12448.6,6980.6],[12448.6,6934],[12448.7,6934]]],[[[12309,6887.1],[12309,6933.7],[12355.6,6933.7],[12355.6,6887.1],[12309,6887.1]]],[[[12588.5,6888.1],[12588.5,6887.9],[12541.9,6887.9],[12541.9,6934.5],[12541.7,6934.5],[12541.7,6981.1],[12588.3,6981.1],[12588.3,6934.5],[12588.5,6934.5],[12588.5,6934.7],[12635.1,6934.7],[12635.1,6888.1],[12588.5,6888.1]]],[[[12634.9,6934.8],[12634.9,6981.4],[12634.7,6981.4],[12634.7,7028],[12681.3,7028],[12681.3,6981.4],[12681.5,6981.4],[12681.5,6934.8],[12634.9,6934.8]]],[[[12401.6,7073.6],[12401.6,7073.7],[12448.2,7073.7],[12448.2,7027.2],[12401.6,7027.2],[12401.6,7027],[12355.1,7027],[12355.1,7073.6],[12401.6,7073.6]]],[[[12634,7167.8],[12634,7214.3],[12633.9,7214.3],[12633.9,7260.9],[12633.7,7260.9],[12633.7,7307.5],[12680.3,7307.5],[12680.3,7260.9],[12680.5,7260.9],[12680.5,7214.4],[12680.6,7214.4],[12680.6,7167.8],[12680.8,7167.8],[12680.8,7167.9],[12727.4,7167.9],[12727.4,7168.1],[12774,7168.1],[12774,7121.5],[12727.4,7121.5],[12727.4,7121.4],[12680.8,7121.4],[12680.8,7121.2],[12681,7121.2],[12681,7074.6],[12634.4,7074.6],[12634.4,7121.2],[12634.2,7121.2],[12634.2,7121],[12587.6,7121],[12587.6,7120.8],[12587.8,7120.8],[12587.8,7074.3],[12541.2,7074.3],[12541.2,7120.8],[12541,7120.8],[12541,7167.4],[12587.6,7167.4],[12587.6,7167.6],[12634.2,7167.6],[12634.2,7167.8],[12634,7167.8]]],[[[12447.4,7306.8],[12494,7306.8],[12494,7307],[12540.5,7307],[12540.5,7260.4],[12540.7,7260.4],[12540.7,7260.6],[12587.3,7260.6],[12587.3,7214],[12540.7,7214],[12540.7,7213.8],[12540.9,7213.8],[12540.9,7167.2],[12494.3,7167.2],[12494.3,7167.1],[12447.7,7167.1],[12447.7,7213.7],[12447.5,7213.7],[12447.5,7213.5],[12401,7213.5],[12401,7260.1],[12447.5,7260.1],[12447.5,7260.2],[12447.4,7260.2],[12447.4,7306.8]],[[12494,7260.4],[12494,7260.3],[12494.1,7260.3],[12494.1,7260.4],[12494,7260.4]],[[12494.3,7213.7],[12494.3,7213.8],[12494.1,7213.8],[12494.1,7213.7],[12494.3,7213.7]]],[[[12773.4,7261.4],[12773.4,7308],[12820,7308],[12820,7261.4],[12773.4,7261.4]]],[[[12540.4,7307.2],[12540.4,7353.8],[12540.2,7353.8],[12540.2,7400.3],[12586.8,7400.3],[12586.8,7353.8],[12587,7353.8],[12587,7307.2],[12540.4,7307.2]]],[[[12866.3,7401.4],[12866.3,7354.8],[12819.7,7354.8],[12819.7,7354.6],[12773.1,7354.6],[12773.1,7401.2],[12772.9,7401.2],[12772.9,7447.8],[12819.5,7447.8],[12819.5,7401.2],[12819.7,7401.2],[12819.7,7401.4],[12866.3,7401.4]]],[[[12353.7,7399.5],[12307.1,7399.5],[12307.1,7446.1],[12353.7,7446.1],[12353.7,7399.5]]],[[[12493.4,7400.2],[12493.4,7446.8],[12540,7446.8],[12540,7400.2],[12493.4,7400.2]]],[[[12726.2,7447.6],[12726.2,7494.2],[12726,7494.2],[12726,7540.8],[12772.6,7540.8],[12772.6,7494.2],[12772.8,7494.2],[12772.8,7447.6],[12726.2,7447.6]]],[[[12585.9,7586.7],[12539.3,7586.7],[12539.3,7633.3],[12585.9,7633.3],[12585.9,7586.7]]],[[[12632.5,7587],[12632.5,7633.6],[12632.3,7633.6],[12632.3,7680.2],[12678.9,7680.2],[12678.9,7633.6],[12679.1,7633.6],[12679.1,7587],[12632.5,7587]]],[[[12352.8,7632.6],[12352.8,7679.2],[12399.4,7679.2],[12399.4,7632.6],[12352.8,7632.6]]],[[[12399.3,7679.3],[12399.3,7725.9],[12445.8,7725.9],[12445.8,7679.3],[12399.3,7679.3]]],[[[12539,7679.8],[12539,7726.4],[12585.6,7726.4],[12585.6,7679.8],[12539,7679.8]]],[[[12491.9,7819.2],[12445.3,7819.2],[12445.3,7865.8],[12491.9,7865.8],[12491.9,7819.2]]],[[[12491.6,7912.6],[12491.6,7959.2],[12491.4,7959.2],[12491.4,8005.8],[12538,8005.8],[12538,7959.2],[12538.2,7959.2],[12538.2,7912.6],[12491.6,7912.6]]],[[[12398.2,7958.8],[12398.2,8005.4],[12444.8,8005.4],[12444.8,7958.8],[12398.2,7958.8]]],[[[12397.6,8191.6],[12397.6,8191.7],[12444.1,8191.7],[12444.1,8145.2],[12397.6,8145.2],[12397.6,8145],[12351,8145],[12351,8191.6],[12397.6,8191.6]]],[[[12396.7,8378.1],[12396.7,8377.9],[12396.9,8377.9],[12396.9,8331.3],[12350.3,8331.3],[12350.3,8377.9],[12350.1,8377.9],[12350.1,8424.5],[12396.7,8424.5],[12396.7,8424.7],[12443.3,8424.7],[12443.3,8378.1],[12396.7,8378.1]]],[[[12604.8,15180.2],[12604.8,15180.1],[12605,15180.1],[12605,15133.5],[12558.4,15133.5],[12558.4,15180.1],[12558.2,15180.1],[12558.2,15226.7],[12604.8,15226.7],[12604.8,15226.8],[12651.4,15226.8],[12651.4,15180.2],[12604.8,15180.2]]],[[[13112.3,3768.8],[13065.7,3768.8],[13065.7,3815.3],[13112.3,3815.3],[13112.3,3768.8]]],[[[13111.3,4048.4],[13111.3,4095],[13157.9,4095],[13157.9,4048.4],[13111.3,4048.4]]],[[[12831.6,4094],[12831.6,4140.6],[12831.4,4140.6],[12831.4,4187.2],[12878,4187.2],[12878,4140.6],[12878.2,4140.6],[12878.2,4094],[12831.6,4094]]],[[[13111.1,4094.8],[13064.5,4094.8],[13064.5,4141.4],[13111.1,4141.4],[13111.1,4094.8]]],[[[12924.6,4140.9],[12924.6,4187.5],[12971.2,4187.5],[12971.2,4140.9],[12924.6,4140.9]]],[[[13157.2,4234.8],[13110.6,4234.8],[13110.6,4281.3],[13157.2,4281.3],[13157.2,4234.8]]],[[[13063.8,4281.2],[13063.8,4327.8],[13110.4,4327.8],[13110.4,4281.2],[13063.8,4281.2]]],[[[13109.7,4514.1],[13109.7,4467.5],[13109.9,4467.5],[13109.9,4420.9],[13063.3,4420.9],[13063.3,4467.5],[13063.2,4467.5],[13063.2,4467.3],[13016.6,4467.3],[13016.6,4513.9],[13063.2,4513.9],[13063.2,4514.1],[13109.7,4514.1]]],[[[13295.7,4607.9],[13295.7,4561.3],[13249.2,4561.3],[13249.2,4561.2],[13202.6,4561.2],[13202.6,4607.8],[13202.4,4607.8],[13202.4,4654.3],[13249,4654.3],[13249,4607.8],[13249.1,4607.8],[13249.1,4607.9],[13295.7,4607.9]]],[[[12829.6,4653],[12829.6,4699.6],[12876.1,4699.6],[12876.1,4653],[12829.6,4653]]],[[[13248.6,4700.9],[13202.1,4700.9],[13202.1,4747.5],[13248.6,4747.5],[13248.6,4700.9]]],[[[12875.5,4839.5],[12875.5,4886.1],[12922.1,4886.1],[12922.1,4839.5],[12875.5,4839.5]]],[[[12875.1,4932.6],[12875.1,4979.2],[12921.7,4979.2],[12921.7,4932.6],[12875.1,4932.6]]],[[[13201.2,4933.7],[13154.6,4933.7],[13154.6,4980.3],[13201.2,4980.3],[13201.2,4933.7]]],[[[13060.9,5073.1],[13060.9,5119.7],[13107.5,5119.7],[13107.5,5073.1],[13060.9,5073.1]]],[[[12827.9,5118.8],[12827.9,5165.4],[12874.4,5165.4],[12874.4,5118.8],[12827.9,5118.8]]],[[[13340.3,5120.5],[13293.7,5120.5],[13293.7,5167.1],[13340.3,5167.1],[13340.3,5120.5]]],[[[12967.4,5165.9],[12967.4,5212.5],[13014,5212.5],[13014,5165.9],[12967.4,5165.9]]],[[[13107,5213],[13107,5259.6],[13153.6,5259.6],[13153.6,5259.7],[13200.2,5259.7],[13200.2,5259.9],[13246.8,5259.9],[13246.8,5213.3],[13200.2,5213.3],[13200.2,5213.2],[13200.4,5213.2],[13200.4,5166.6],[13153.8,5166.6],[13153.8,5213.2],[13153.6,5213.2],[13153.6,5213],[13107,5213]]],[[[12827.4,5258.4],[12827.5,5258.4],[12827.5,5258.6],[12874.1,5258.6],[12874.1,5212],[12827.5,5212],[12827.5,5211.8],[12780.9,5211.8],[12780.9,5258.4],[12780.8,5258.4],[12780.8,5305],[12780.6,5305],[12780.6,5351.5],[12827.2,5351.5],[12827.2,5305],[12827.4,5305],[12827.4,5258.4]]],[[[13153.1,5352.9],[13153.1,5399.5],[13199.7,5399.5],[13199.7,5352.9],[13153.1,5352.9]]],[[[12873.1,5491.6],[12873.1,5491.5],[12826.5,5491.5],[12826.5,5491.3],[12779.9,5491.3],[12779.9,5537.9],[12826.5,5537.9],[12826.5,5538],[12873.1,5538],[12873.1,5538.2],[12919.7,5538.2],[12919.7,5491.6],[12873.1,5491.6]]],[[[13245.6,5539.6],[13245.6,5586.2],[13292.2,5586.2],[13292.2,5539.6],[13245.6,5539.6]]],[[[13198.8,5586],[13198.8,5585.8],[13152.2,5585.8],[13152.2,5632.4],[13152.1,5632.4],[13152.1,5679],[13198.7,5679],[13198.7,5632.4],[13198.8,5632.4],[13198.8,5632.6],[13245.4,5632.6],[13245.4,5586],[13198.8,5586]]],[[[12919,5678.1],[12919,5724.7],[12965.6,5724.7],[12965.6,5678.1],[12919,5678.1]]],[[[13105.3,5678.6],[13058.7,5678.6],[13058.7,5725.2],[13105.3,5725.2],[13105.3,5678.6]]],[[[13338.1,5772.7],[13338.1,5726.1],[13338.2,5726.1],[13338.2,5679.5],[13291.7,5679.5],[13291.7,5679.3],[13245.1,5679.3],[13245.1,5725.9],[13244.9,5725.9],[13244.9,5725.7],[13198.3,5725.7],[13198.3,5772.3],[13244.9,5772.3],[13244.9,5772.5],[13291.5,5772.5],[13291.5,5772.7],[13338.1,5772.7]],[[13291.6,5726.1],[13291.5,5726.1],[13291.5,5725.9],[13291.6,5725.9],[13291.6,5726.1]]],[[[13104.6,5911.7],[13151.2,5911.7],[13151.2,5911.9],[13197.8,5911.9],[13197.8,5912.1],[13197.6,5912.1],[13197.6,5958.7],[13244.2,5958.7],[13244.2,5912.1],[13244.4,5912.1],[13244.4,5912.3],[13291,5912.3],[13291,5865.7],[13244.4,5865.7],[13244.4,5865.5],[13244.6,5865.5],[13244.6,5818.9],[13198,5818.9],[13198,5865.5],[13197.8,5865.5],[13197.8,5865.3],[13151.2,5865.3],[13151.2,5865.1],[13104.6,5865.1],[13104.6,5911.7]]],[[[12918.3,5864.5],[12918.3,5911.1],[12964.9,5911.1],[12964.9,5864.5],[12918.3,5864.5]]],[[[13057.9,5911.4],[13011.3,5911.4],[13011.3,5958],[13057.9,5958],[13057.9,5911.4]]],[[[12918,5957.6],[12918,6004.2],[12964.6,6004.2],[12964.6,5957.6],[12918,5957.6]]],[[[13197.3,6005.2],[13197.3,6051.8],[13243.9,6051.8],[13243.9,6005.2],[13197.3,6005.2]]],[[[13290.5,6005.6],[13290.5,6052.2],[13337,6052.2],[13337,6005.6],[13290.5,6005.6]]],[[[13010.3,6190.9],[13010.3,6190.7],[12963.7,6190.7],[12963.7,6190.6],[12963.9,6190.6],[12963.9,6144],[12917.3,6144],[12917.3,6143.8],[12917.5,6143.8],[12917.5,6097.2],[12870.9,6097.2],[12870.9,6143.8],[12870.7,6143.8],[12870.7,6190.4],[12870.5,6190.4],[12870.5,6190.2],[12823.9,6190.2],[12823.9,6236.8],[12870.5,6236.8],[12870.5,6237],[12917.1,6237],[12917.1,6237.1],[12963.7,6237.1],[12963.7,6237.3],[12963.5,6237.3],[12963.5,6283.9],[12963.4,6283.9],[12963.4,6330.5],[13009.9,6330.5],[13009.9,6283.9],[13010.1,6283.9],[13010.1,6237.3],[13010.3,6237.3],[13010.3,6237.5],[13056.9,6237.5],[13056.9,6237.6],[13103.4,6237.6],[13103.4,6191.1],[13103.6,6191.1],[13103.6,6144.5],[13103.8,6144.5],[13103.8,6097.9],[13057.2,6097.9],[13057.2,6097.7],[13010.6,6097.7],[13010.6,6097.6],[13010.8,6097.6],[13010.8,6051],[12964.2,6051],[12964.2,6050.8],[12917.6,6050.8],[12917.6,6097.4],[12964.2,6097.4],[12964.2,6097.5],[12964,6097.5],[12964,6144.1],[13010.6,6144.1],[13010.6,6144.3],[13010.4,6144.3],[13010.4,6190.9],[13010.3,6190.9]],[[13056.9,6191.1],[13056.9,6190.9],[13057,6190.9],[13057,6191.1],[13056.9,6191.1]],[[13057.2,6144.3],[13057.2,6144.5],[13057,6144.5],[13057,6144.3],[13057.2,6144.3]],[[12917.1,6190.5],[12917.1,6190.4],[12917.3,6190.4],[12917.3,6190.5],[12917.1,6190.5]]],[[[13150.2,6144.8],[13150.2,6191.4],[13150,6191.4],[13150,6238],[13196.6,6238],[13196.6,6238.2],[13243.2,6238.2],[13243.2,6238.3],[13289.8,6238.3],[13289.8,6191.7],[13243.2,6191.7],[13243.2,6191.6],[13243.4,6191.6],[13243.4,6145],[13243.5,6145],[13243.5,6098.4],[13196.9,6098.4],[13196.9,6145],[13196.8,6145],[13196.8,6144.8],[13150.2,6144.8]],[[13196.8,6191.4],[13196.8,6191.6],[13196.6,6191.6],[13196.6,6191.4],[13196.8,6191.4]]],[[[13196.3,6284.7],[13196.3,6331.3],[13242.9,6331.3],[13242.9,6284.7],[13196.3,6284.7]]],[[[13289.3,6378.1],[13289.3,6378.3],[13335.8,6378.3],[13335.8,6378.4],[13335.7,6378.4],[13335.7,6425],[13382.3,6425],[13382.3,6378.4],[13382.4,6378.4],[13382.4,6378.6],[13429,6378.6],[13429,6332],[13382.4,6332],[13382.4,6331.8],[13335.9,6331.8],[13335.9,6331.7],[13289.3,6331.7],[13289.3,6331.5],[13242.7,6331.5],[13242.7,6378.1],[13289.3,6378.1]]],[[[12869.3,6516.3],[12822.8,6516.3],[12822.8,6562.9],[12822.6,6562.9],[12822.6,6609.5],[12869.2,6609.5],[12869.2,6562.9],[12869.3,6562.9],[12869.3,6516.3]]],[[[12915.9,6516.6],[12915.9,6563.2],[12915.8,6563.2],[12915.8,6609.8],[12962.3,6609.8],[12962.3,6563.2],[12962.5,6563.2],[12962.5,6516.6],[12915.9,6516.6]]],[[[13428.3,6564.9],[13428.3,6565.1],[13474.9,6565.1],[13474.9,6518.5],[13428.3,6518.5],[13428.3,6518.3],[13381.8,6518.3],[13381.8,6518.2],[13335.2,6518.2],[13335.2,6564.8],[13381.7,6564.8],[13381.7,6564.9],[13428.3,6564.9]]],[[[13008.9,6563.6],[13008.9,6610.1],[13055.5,6610.1],[13055.5,6563.6],[13008.9,6563.6]]],[[[13335,6564.6],[13288.4,6564.6],[13288.4,6611.2],[13335,6611.2],[13335,6564.6]]],[[[13055.3,6610.3],[13055.3,6656.9],[13101.9,6656.9],[13101.9,6610.3],[13055.3,6610.3]]],[[[13241.7,6611],[13241.7,6657.6],[13288.3,6657.6],[13288.3,6611],[13241.7,6611]]],[[[13148.3,6657.1],[13101.7,6657.1],[13101.7,6703.6],[13148.3,6703.6],[13148.3,6657.1]]],[[[13381.1,6751.1],[13381.1,6751.3],[13427.7,6751.3],[13427.7,6751.4],[13474.2,6751.4],[13474.2,6704.8],[13474.4,6704.8],[13474.4,6658.3],[13474.6,6658.3],[13474.6,6658.4],[13521.2,6658.4],[13521.2,6611.9],[13521.3,6611.9],[13521.3,6612],[13567.9,6612],[13567.9,6565.4],[13568.1,6565.4],[13568.1,6565.6],[13614.7,6565.6],[13614.7,6519],[13568.1,6519],[13568.1,6518.9],[13568.3,6518.9],[13568.3,6472.3],[13521.7,6472.3],[13521.7,6472.1],[13521.8,6472.1],[13521.8,6425.5],[13475.3,6425.5],[13475.3,6472.1],[13475.1,6472.1],[13475.1,6518.7],[13521.7,6518.7],[13521.7,6518.9],[13521.5,6518.9],[13521.5,6565.4],[13521.3,6565.4],[13521.3,6565.3],[13474.7,6565.3],[13474.7,6611.8],[13474.6,6611.8],[13474.6,6611.7],[13428,6611.7],[13428,6611.5],[13381.4,6611.5],[13381.4,6658.1],[13381.2,6658.1],[13381.2,6657.9],[13334.7,6657.9],[13334.7,6704.5],[13334.5,6704.5],[13334.5,6704.3],[13287.9,6704.3],[13287.9,6750.9],[13334.5,6750.9],[13334.5,6751.1],[13381.1,6751.1]],[[13381.1,6704.7],[13381.1,6704.5],[13381.2,6704.5],[13381.2,6704.7],[13381.1,6704.7]],[[13427.7,6704.7],[13427.8,6704.7],[13427.8,6704.8],[13427.7,6704.8],[13427.7,6704.7]],[[13428,6658.1],[13428,6658.3],[13427.8,6658.3],[13427.8,6658.1],[13428,6658.1]]],[[[13194.2,6890.3],[13240.8,6890.3],[13240.8,6890.5],[13240.6,6890.5],[13240.6,6937.1],[13287.2,6937.1],[13287.2,6937.2],[13287.1,6937.2],[13287.1,6983.8],[13333.6,6983.8],[13333.6,6984],[13380.2,6984],[13380.2,6937.4],[13333.6,6937.4],[13333.6,6937.2],[13333.8,6937.2],[13333.8,6890.7],[13287.2,6890.7],[13287.2,6890.5],[13287.4,6890.5],[13287.4,6843.9],[13287.6,6843.9],[13287.6,6797.3],[13287.7,6797.3],[13287.7,6750.7],[13241.2,6750.7],[13241.2,6797.3],[13241,6797.3],[13241,6843.9],[13240.8,6843.9],[13240.8,6843.7],[13194.2,6843.7],[13194.2,6890.3]]],[[[12961.1,6889.5],[12961.1,6936],[12961,6936],[12961,6935.9],[12914.4,6935.9],[12914.4,6935.7],[12914.6,6935.7],[12914.6,6889.1],[12868,6889.1],[12868,6888.9],[12821.4,6888.9],[12821.4,6935.5],[12821.2,6935.5],[12821.2,6982.1],[12821.1,6982.1],[12821.1,7028.7],[12867.6,7028.7],[12867.6,7028.9],[12914.2,7028.9],[12914.2,6982.3],[12914.4,6982.3],[12914.4,6982.5],[12961,6982.5],[12961,6982.6],[13007.6,6982.6],[13007.6,6982.8],[13054.1,6982.8],[13054.1,6983],[13054,6983],[13054,7029.6],[13100.6,7029.6],[13100.6,7029.7],[13147.1,7029.7],[13147.1,6983.1],[13147.3,6983.1],[13147.3,6983.3],[13193.9,6983.3],[13193.9,6936.7],[13194.1,6936.7],[13194.1,6890.1],[13147.5,6890.1],[13147.5,6890],[13100.9,6890],[13100.9,6936.6],[13100.7,6936.6],[13100.7,6936.4],[13054.1,6936.4],[13054.1,6936.2],[13007.6,6936.2],[13007.6,6936.1],[13007.7,6936.1],[13007.7,6889.5],[13007.9,6889.5],[13007.9,6889.6],[13054.5,6889.6],[13054.5,6843],[13007.9,6843],[13007.9,6842.9],[12961.3,6842.9],[12961.3,6889.5],[12961.1,6889.5]],[[12867.6,6982.1],[12867.8,6982.1],[12867.8,6982.3],[12867.6,6982.3],[12867.6,6982.1]],[[12868,6935.5],[12868,6935.7],[12867.8,6935.7],[12867.8,6935.5],[12868,6935.5]],[[13147.3,6936.6],[13147.5,6936.6],[13147.5,6936.7],[13147.3,6936.7],[13147.3,6936.6]],[[13100.7,6983],[13100.7,6983.1],[13100.6,6983.1],[13100.6,6983],[13100.7,6983]]],[[[13334,6844.2],[13334,6890.8],[13380.6,6890.8],[13380.6,6844.2],[13334,6844.2]]],[[[13007.2,7029.4],[13007.2,7076],[13053.8,7076],[13053.8,7029.4],[13007.2,7029.4]]],[[[13147,7029.9],[13147,7076.5],[13193.6,7076.5],[13193.6,7029.9],[13147,7029.9]]],[[[13286.7,7030.4],[13286.7,7077],[13333.3,7077],[13333.3,7030.4],[13286.7,7030.4]]],[[[12820.7,7075.3],[12820.7,7121.9],[12867.3,7121.9],[12867.3,7075.3],[12820.7,7075.3]]],[[[13100.2,7076.1],[13053.6,7076.1],[13053.6,7122.7],[13100.2,7122.7],[13100.2,7076.1]]],[[[13193.4,7076.7],[13193.4,7123.2],[13240,7123.2],[13240,7076.7],[13193.4,7076.7]]],[[[13193,7169.8],[13193,7216.4],[13239.6,7216.4],[13239.6,7169.8],[13193,7169.8]]],[[[13192.9,7216.2],[13146.3,7216.2],[13146.3,7262.8],[13192.9,7262.8],[13192.9,7216.2]]],[[[13099,7448.8],[13099,7402.2],[13099.2,7402.2],[13099.2,7355.6],[13052.6,7355.6],[13052.6,7355.5],[13006,7355.5],[13006,7355.3],[12959.4,7355.3],[12959.4,7401.9],[13006,7401.9],[13006,7402.1],[13052.6,7402.1],[13052.6,7402.2],[13052.4,7402.2],[13052.4,7448.8],[13099,7448.8]]],[[[13192.4,7356.1],[13192.4,7402.7],[13238.9,7402.7],[13238.9,7356.1],[13192.4,7356.1]]],[[[12959.3,7401.7],[12912.7,7401.7],[12912.7,7448.3],[12959.3,7448.3],[12959.3,7401.7]]],[[[12819.4,7447.9],[12819.4,7494.5],[12865.9,7494.5],[12865.9,7447.9],[12819.4,7447.9]]],[[[13005.7,7448.5],[12959.1,7448.5],[12959.1,7495.1],[13005.7,7495.1],[13005.7,7448.5]]],[[[13005.5,7495.2],[13005.5,7541.8],[13005.3,7541.8],[13005.3,7588.4],[13051.9,7588.4],[13051.9,7541.8],[13052.1,7541.8],[13052.1,7495.2],[13005.5,7495.2]]],[[[13191.8,7495.9],[13191.8,7542.5],[13238.4,7542.5],[13238.4,7495.9],[13191.8,7495.9]]],[[[12958.6,7634.6],[12958.6,7634.8],[13005.2,7634.8],[13005.2,7588.2],[12958.6,7588.2],[12958.6,7588],[12912,7588],[12912,7634.6],[12958.6,7634.6]]],[[[13377.8,7589.6],[13331.3,7589.6],[13331.3,7636.2],[13377.8,7636.2],[13377.8,7589.6]]],[[[13237.9,7682.4],[13237.7,7682.4],[13237.7,7729],[13284.3,7729],[13284.3,7682.4],[13284.5,7682.4],[13284.5,7635.8],[13237.9,7635.8],[13237.9,7682.4]]],[[[13377,7822.5],[13330.4,7822.5],[13330.4,7869.1],[13377,7869.1],[13377,7822.5]]],[[[13189.8,8054.9],[13189.8,8101.5],[13236.4,8101.5],[13236.4,8101.7],[13283,8101.7],[13283,8055.1],[13283.1,8055.1],[13283.1,8008.5],[13236.6,8008.5],[13236.6,8055.1],[13236.4,8055.1],[13236.4,8054.9],[13189.8,8054.9]]],[[[12863.4,8146.9],[12863.4,8193.5],[12910,8193.5],[12910,8146.9],[12863.4,8146.9]]],[[[13096,8240.9],[13096,8287.5],[13142.5,8287.5],[13142.5,8240.9],[13096,8240.9]]],[[[14375.1,2375.9],[14328.5,2375.9],[14328.5,2422.5],[14375.1,2422.5],[14375.1,2375.9]]],[[[14561.3,2423.3],[14561.3,2469.9],[14607.9,2469.9],[14607.9,2423.3],[14561.3,2423.3]]],[[[14700.9,2470.4],[14700.9,2517],[14747.4,2517],[14747.4,2470.4],[14700.9,2470.4]]],[[[14421,2562.4],[14374.4,2562.4],[14374.4,2609],[14421,2609],[14421,2562.4]]],[[[14793.7,2610.4],[14793.7,2610.5],[14840.3,2610.5],[14840.3,2563.9],[14793.7,2563.9],[14793.7,2563.8],[14747.1,2563.8],[14747.1,2610.4],[14793.7,2610.4]]],[[[14327.7,2608.6],[14281.1,2608.6],[14281.1,2655.2],[14327.7,2655.2],[14327.7,2608.6]]],[[[14560.4,2656.3],[14560.4,2702.8],[14607,2702.8],[14607,2656.3],[14607.2,2656.3],[14607.2,2656.4],[14653.8,2656.4],[14653.8,2609.8],[14607.2,2609.8],[14607.2,2609.7],[14560.6,2609.7],[14560.6,2656.3],[14560.4,2656.3]]],[[[14234.4,2654.9],[14187.8,2654.9],[14187.8,2701.5],[14234.4,2701.5],[14234.4,2654.9]]],[[[13954.3,2793.8],[13954.3,2840.4],[14000.9,2840.4],[14000.9,2793.8],[13954.3,2793.8]]],[[[13581.5,2838.8],[13534.9,2838.8],[13534.9,2885.4],[13581.5,2885.4],[13581.5,2838.8]]],[[[14000.8,2840.5],[14000.8,2887.1],[14047.3,2887.1],[14047.3,2840.5],[14000.8,2840.5]]],[[[14699.3,2889.7],[14699.3,2936.3],[14745.9,2936.3],[14745.9,2936.4],[14792.5,2936.4],[14792.5,2889.8],[14745.9,2889.8],[14745.9,2889.7],[14699.3,2889.7]]],[[[14511.6,3261.7],[14511.6,3308.2],[14558.2,3308.2],[14558.2,3261.7],[14511.6,3261.7]]],[[[13998.9,3399.4],[13998.9,3352.8],[13999.1,3352.8],[13999.1,3306.2],[13952.5,3306.2],[13952.5,3352.8],[13952.3,3352.8],[13952.3,3352.6],[13905.7,3352.6],[13905.7,3399.2],[13952.3,3399.2],[13952.3,3399.4],[13998.9,3399.4]]],[[[13390.4,4142.6],[13390.4,4189.2],[13437,4189.2],[13437,4142.6],[13390.4,4142.6]]],[[[13762.6,4283.7],[13762.6,4330.3],[13809.2,4330.3],[13809.2,4283.7],[13762.6,4283.7]]],[[[13668.6,4516.1],[13622,4516.1],[13622,4562.7],[13668.6,4562.7],[13668.6,4516.1]]],[[[13434.8,4748.4],[13434.8,4794.9],[13481.4,4794.9],[13481.4,4748.4],[13434.8,4748.4]]],[[[13760.4,4889.3],[13760.4,4935.9],[13807,4935.9],[13807,4889.3],[13760.4,4889.3]]],[[[13527.3,4934.9],[13480.7,4934.9],[13480.7,4981.5],[13527.3,4981.5],[13527.3,4934.9]]],[[[13713.6,4935.7],[13713.6,4982.3],[13760.2,4982.3],[13760.2,4935.7],[13713.6,4935.7]]],[[[13806.8,4936.1],[13806.8,4982.6],[13853.4,4982.6],[13853.4,4936.1],[13806.8,4936.1]]],[[[13573,5167.9],[13526.4,5167.9],[13526.4,5214.5],[13573,5214.5],[13573,5167.9]]],[[[13525.9,5354.1],[13525.9,5354.3],[13572.5,5354.3],[13572.5,5307.7],[13525.9,5307.7],[13525.9,5307.5],[13479.3,5307.5],[13479.3,5354.1],[13525.9,5354.1]]],[[[14364.4,5310.6],[14317.8,5310.6],[14317.8,5357.2],[14364.4,5357.2],[14364.4,5310.6]]],[[[14597.2,5358.2],[14597.2,5404.8],[14643.7,5404.8],[14643.7,5358.2],[14643.9,5358.2],[14643.9,5358.4],[14690.5,5358.4],[14690.5,5311.8],[14643.9,5311.8],[14643.9,5311.6],[14597.3,5311.6],[14597.3,5358.2],[14597.2,5358.2]]],[[[13432.6,5353.8],[13386,5353.8],[13386,5400.4],[13432.6,5400.4],[13432.6,5353.8]]],[[[13851.5,5495.1],[13851.5,5448.5],[13851.7,5448.5],[13851.7,5401.9],[13805.1,5401.9],[13805.1,5448.5],[13804.9,5448.5],[13804.9,5448.3],[13758.3,5448.3],[13758.3,5494.9],[13804.9,5494.9],[13804.9,5495.1],[13851.5,5495.1]]],[[[13478.3,5587],[13478.3,5633.6],[13524.9,5633.6],[13524.9,5587],[13478.3,5587]]],[[[14270.1,5636.3],[14223.5,5636.3],[14223.5,5682.9],[14270.1,5682.9],[14270.1,5636.3]]],[[[13524.4,5773.4],[13524.4,5773.5],[13571,5773.5],[13571,5726.9],[13524.4,5726.9],[13524.4,5726.8],[13477.8,5726.8],[13477.8,5773.4],[13524.4,5773.4]]],[[[13384.1,5912.6],[13384.1,5912.8],[13430.7,5912.8],[13430.7,5866.2],[13384.1,5866.2],[13384.1,5866],[13384.3,5866],[13384.3,5819.4],[13337.7,5819.4],[13337.7,5866],[13337.5,5866],[13337.5,5912.6],[13337.4,5912.6],[13337.4,5959.2],[13384,5959.2],[13384,5912.6],[13384.1,5912.6]]],[[[13663.6,5867],[13617,5867],[13617,5913.6],[13663.6,5913.6],[13663.6,5867]]],[[[14036.3,5868.6],[14036.3,5868.4],[13989.7,5868.4],[13989.7,5915],[14036.3,5915],[14036.3,5915.2],[14082.9,5915.2],[14082.9,5915.3],[14129.5,5915.3],[14129.5,5868.7],[14082.9,5868.7],[14082.9,5868.6],[14036.3,5868.6]]],[[[14222.6,5869.3],[14222.6,5915.8],[14269.2,5915.8],[14269.2,5869.3],[14222.6,5869.3]]],[[[14175.9,5915.5],[14129.3,5915.5],[14129.3,5962.1],[14175.9,5962.1],[14175.9,5915.5]]],[[[13476.6,6099.3],[13476.6,6052.7],[13430,6052.7],[13430,6052.5],[13430.2,6052.5],[13430.2,6005.9],[13430.4,6005.9],[13430.4,5959.3],[13383.8,5959.3],[13383.8,6005.9],[13383.6,6005.9],[13383.6,6052.5],[13383.4,6052.5],[13383.4,6099.1],[13430,6099.1],[13430,6099.3],[13476.6,6099.3]]],[[[13849.6,5961.1],[13849.6,6007.6],[13896.2,6007.6],[13896.2,5961.1],[13849.6,5961.1]]],[[[13989.2,6008.1],[13989.2,6054.7],[14035.8,6054.7],[14035.8,6008.1],[13989.2,6008.1]]],[[[14082.4,6008.5],[14082.4,6055.1],[14129,6055.1],[14129,6008.5],[14082.4,6008.5]]],[[[13802.5,6147],[13802.5,6100.5],[13802.7,6100.5],[13802.7,6053.9],[13756.1,6053.9],[13756.1,6100.5],[13755.9,6100.5],[13755.9,6147],[13755.8,6147],[13755.8,6193.6],[13802.4,6193.6],[13802.4,6147],[13802.5,6147]]],[[[13848.9,6147.4],[13848.9,6194],[13895.5,6194],[13895.5,6147.4],[13895.7,6147.4],[13895.7,6147.6],[13942.3,6147.6],[13942.3,6101],[13895.7,6101],[13895.7,6100.8],[13849.1,6100.8],[13849.1,6147.4],[13848.9,6147.4]]],[[[13382.9,6238.8],[13382.8,6238.8],[13382.8,6285.4],[13429.4,6285.4],[13429.4,6238.8],[13429.5,6238.8],[13429.5,6239],[13476.1,6239],[13476.1,6192.4],[13429.5,6192.4],[13429.5,6192.3],[13429.7,6192.3],[13429.7,6145.7],[13383.1,6145.7],[13383.1,6192.3],[13382.9,6192.3],[13382.9,6192.1],[13336.4,6192.1],[13336.4,6238.7],[13382.9,6238.7],[13382.9,6238.8]]],[[[13848.6,6240.4],[13802,6240.4],[13802,6287],[13848.6,6287],[13848.6,6240.4]]],[[[13522,6425.7],[13568.6,6425.7],[13568.6,6425.9],[13615.2,6425.9],[13615.2,6379.3],[13568.6,6379.3],[13568.6,6379.1],[13522,6379.1],[13522,6425.7]]],[[[13848.1,6380.3],[13848.1,6426.9],[13894.7,6426.9],[13894.7,6380.3],[13848.1,6380.3]]],[[[14034.4,6380.8],[13987.8,6380.8],[13987.8,6380.6],[13941.3,6380.6],[13941.3,6427.2],[13987.8,6427.2],[13987.8,6427.4],[14034.4,6427.4],[14034.4,6427.6],[14081,6427.6],[14081,6381],[14034.4,6381],[14034.4,6380.8]]],[[[14313.9,6381.8],[14267.3,6381.8],[14267.3,6428.4],[14313.9,6428.4],[14313.9,6381.8]]],[[[13615,6426],[13615,6472.6],[13661.6,6472.6],[13661.6,6426],[13615,6426]]],[[[13708,6473],[13708,6519.5],[13754.6,6519.5],[13754.6,6519.7],[13801.2,6519.7],[13801.2,6473.1],[13754.6,6473.1],[13754.6,6473],[13708,6473]]],[[[13940.9,6473.8],[13940.9,6520.4],[13987.5,6520.4],[13987.5,6473.8],[13940.9,6473.8]]],[[[14034.1,6474.1],[14034.1,6520.7],[14080.7,6520.7],[14080.7,6520.9],[14127.3,6520.9],[14127.3,6474.3],[14080.7,6474.3],[14080.7,6474.1],[14034.1,6474.1]]],[[[13614.5,6565.8],[13614.5,6612.4],[13661.1,6612.4],[13661.1,6565.8],[13614.5,6565.8]]],[[[13707.7,6566.1],[13707.7,6612.7],[13754.2,6612.7],[13754.2,6566.1],[13707.7,6566.1]]],[[[13940.6,6566.8],[13894,6566.8],[13894,6613.4],[13940.6,6613.4],[13940.6,6566.8]]],[[[13567.7,6612.2],[13567.7,6658.8],[13614.3,6658.8],[13614.3,6612.2],[13567.7,6612.2]]],[[[13707.3,6659.3],[13707.3,6659.1],[13660.7,6659.1],[13660.7,6705.7],[13707.3,6705.7],[13707.3,6705.9],[13707.1,6705.9],[13707.1,6752.5],[13753.7,6752.5],[13753.7,6705.9],[13753.9,6705.9],[13753.9,6659.3],[13707.3,6659.3]]],[[[13940.2,6660],[13893.7,6660],[13893.7,6706.6],[13893.5,6706.6],[13893.5,6753.1],[13940.1,6753.1],[13940.1,6706.6],[13940.2,6706.6],[13940.2,6660]]],[[[13613.5,6891.7],[13613.5,6891.9],[13660.1,6891.9],[13660.1,6845.3],[13613.5,6845.3],[13613.5,6845.1],[13613.7,6845.1],[13613.7,6798.5],[13567.1,6798.5],[13567.1,6798.4],[13567.2,6798.4],[13567.2,6751.8],[13520.6,6751.8],[13520.6,6798.3],[13520.5,6798.3],[13520.5,6844.9],[13567.1,6844.9],[13567.1,6845.1],[13566.9,6845.1],[13566.9,6891.7],[13613.5,6891.7]]],[[[13706.6,6892.2],[13706.5,6892.2],[13706.5,6892],[13659.9,6892],[13659.9,6938.6],[13659.7,6938.6],[13659.7,6985.2],[13659.5,6985.2],[13659.5,7031.8],[13659.4,7031.8],[13659.4,7078.4],[13659.2,7078.4],[13659.2,7125],[13705.8,7125],[13705.8,7125.1],[13752.4,7125.1],[13752.4,7078.5],[13752.5,7078.5],[13752.5,7078.7],[13799.1,7078.7],[13799.1,7078.9],[13845.7,7078.9],[13845.7,7032.3],[13799.1,7032.3],[13799.1,7032.1],[13752.5,7032.1],[13752.5,7031.9],[13706,7031.9],[13706,7031.8],[13706.1,7031.8],[13706.1,6985.2],[13706.3,6985.2],[13706.3,6985.4],[13752.9,6985.4],[13752.9,6985.5],[13799.5,6985.5],[13799.5,6939],[13752.9,6939],[13752.9,6938.8],[13753.1,6938.8],[13753.1,6892.2],[13753.2,6892.2],[13753.2,6845.6],[13753.4,6845.6],[13753.4,6845.8],[13800,6845.8],[13800,6799.2],[13753.4,6799.2],[13753.4,6799],[13706.8,6799],[13706.8,6798.9],[13707,6798.9],[13707,6752.3],[13660.4,6752.3],[13660.4,6798.9],[13660.2,6798.9],[13660.2,6845.5],[13706.8,6845.5],[13706.8,6845.6],[13706.6,6845.6],[13706.6,6892.2]],[[13705.8,7078.5],[13705.8,7078.4],[13706,7078.4],[13706,7078.5],[13705.8,7078.5]],[[13706.3,6938.6],[13706.5,6938.6],[13706.5,6938.8],[13706.3,6938.8],[13706.3,6938.6]]],[[[14033.1,6753.6],[14033.1,6800.2],[14079.6,6800.2],[14079.6,6753.6],[14033.1,6753.6]]],[[[13380.7,6797.8],[13380.7,6844.4],[13427.3,6844.4],[13427.3,6797.8],[13380.7,6797.8]]],[[[14079.5,6800.4],[14079.5,6847],[14126.1,6847],[14126.1,6800.4],[14079.5,6800.4]]],[[[13939.4,6939.5],[13939.4,6892.9],[13939.6,6892.9],[13939.6,6846.3],[13893,6846.3],[13893,6846.1],[13846.4,6846.1],[13846.4,6846],[13799.8,6846],[13799.8,6892.5],[13799.6,6892.5],[13799.6,6939.1],[13846.2,6939.1],[13846.2,6939.3],[13892.8,6939.3],[13892.8,6939.5],[13939.4,6939.5]],[[13846.2,6892.7],[13846.2,6892.5],[13846.4,6892.5],[13846.4,6892.7],[13846.2,6892.7]],[[13892.8,6892.7],[13893,6892.7],[13893,6892.9],[13892.8,6892.9],[13892.8,6892.7]]],[[[13380.4,6891],[13380.4,6937.6],[13427,6937.6],[13427,6891],[13380.4,6891]]],[[[13892.5,6985.9],[13845.9,6985.9],[13845.9,7032.5],[13892.5,7032.5],[13892.5,6985.9]]],[[[13938.9,7032.8],[13938.9,7079.4],[13985.5,7079.4],[13985.5,7032.8],[13938.9,7032.8]]],[[[14031.9,7126.3],[14078.5,7126.3],[14078.5,7079.7],[14078.6,7079.7],[14078.6,7033.1],[14032,7033.1],[14032,7079.7],[14031.9,7079.7],[14031.9,7079.6],[13985.3,7079.6],[13985.3,7126.1],[14031.9,7126.1],[14031.9,7126.3]]],[[[14125.2,7033.5],[14125.2,7080.1],[14171.8,7080.1],[14171.8,7033.5],[14125.2,7033.5]]],[[[14124.9,7126.5],[14078.3,7126.5],[14078.3,7173.1],[14124.9,7173.1],[14124.9,7126.5]]],[[[13845.2,7218.6],[13845.2,7218.8],[13891.8,7218.8],[13891.8,7172.2],[13845.2,7172.2],[13845.2,7172],[13798.6,7172],[13798.6,7218.6],[13845.2,7218.6]]],[[[13565.4,7264.2],[13518.8,7264.2],[13518.8,7310.8],[13565.4,7310.8],[13565.4,7264.2]]],[[[13378.5,7403.4],[13378.5,7450],[13425.1,7450],[13425.1,7403.4],[13425.3,7403.4],[13425.3,7403.6],[13471.9,7403.6],[13471.9,7357],[13425.3,7357],[13425.3,7356.8],[13378.7,7356.8],[13378.7,7403.4],[13378.5,7403.4]]],[[[14123.5,7499.3],[14123.5,7545.9],[14170.1,7545.9],[14170.1,7499.3],[14123.5,7499.3]]],[[[13517.8,7543.7],[13517.8,7590.3],[13564.3,7590.3],[13564.3,7543.7],[13517.8,7543.7]]],[[[14216.3,7592.7],[14169.7,7592.7],[14169.7,7639.2],[14216.3,7639.2],[14216.3,7592.7]]],[[[13563.5,7776.8],[13563.5,7823.4],[13610.1,7823.4],[13610.1,7776.8],[13563.5,7776.8]]],[[[15100.6,7829],[15100.6,7875.6],[15147.2,7875.6],[15147.2,7829],[15100.6,7829]]],[[[15100.4,7875.4],[15053.8,7875.4],[15053.8,7922],[15100.4,7922],[15100.4,7875.4]]],[[[14051.9,14347],[14051.9,14393.6],[14098.5,14393.6],[14098.5,14393.8],[14145.1,14393.8],[14145.1,14347.2],[14145.3,14347.2],[14145.3,14300.6],[14098.7,14300.6],[14098.7,14300.4],[14098.9,14300.4],[14098.9,14253.8],[14052.3,14253.8],[14052.3,14300.4],[14052.1,14300.4],[14052.1,14300.3],[14005.5,14300.3],[14005.5,14346.8],[14052.1,14346.8],[14052.1,14347],[14051.9,14347]],[[14098.5,14347.2],[14098.5,14347],[14098.7,14347],[14098.7,14347.2],[14098.5,14347.2]]]]},"id":"7ba06214-b2bc-413e-a642-57de35704ab8"}]
