module,px,py,score
Richards Developmental,-566,-1923,0.08030261180562526
Richards Developmental,-1176,-3501,0.013101951463768136
Richards Developmental,-2718,-845,0.10017243707215899
Richards Developmental,-2935,-968,0.07860310171889083
Richards Developmental,-3742,-556,0.03797104468600912
Richards Developmental,-2669,-1436,0.09247648332086612
Richards Developmental,-3214,-1866,0.07924122785841166
Richards Developmental,-2396,-1159,0.10297629736778609
Richards Developmental,-734,-2574,0.027694423771458282
Richards Developmental,-3527,-682,0.0802934900299971
Richards Developmental,-2306,-3024,0.052415080728901775
Richards Developmental,-2843,-2646,0.07822539612788508
Richards Developmental,-3854,-928,0.06512776453405808
Richards Developmental,-2829,-1155,0.07512751377775087
Richards Developmental,-3851,-617,0.08523148633103413
Richards Developmental,-946,-2074,0.031036076325332285
Richards Developmental,-1963,-1039,0.087844018010138
Richards Developmental,-3758,-2233,0.06458149771585972
Richards Developmental,-3380,-2268,0.07567559975276149
Richards Developmental,-1707,-2502,0.044578016108207164
Richards Developmental,-1696,-1384,0.05259347496697851
Richards Developmental,-3156,-1400,0.08461322412354055
Richards Developmental,-947,-2199,0.026263155891627532
Richards Developmental,-2797,-3486,0.05453806188613036
Richards Developmental,-2690,-3549,0.02142436606809156
Richards Developmental,-1174,-3315,0.023395498062730502
Richards Developmental,-2952,-2707,0.08920747930925663
Richards Developmental,-3279,-3015,0.04875045037704642
Richards Developmental,-3473,-714,0.09382494174148365
Richards Developmental,-2786,-2305,0.08636250834784394
Richards Developmental,-1263,-1326,0.08418532359926852
Richards Developmental,-1114,-2725,0.02005003483629912
Richards Developmental,-2190,-2156,0.07323596744510928
Richards Developmental,-1796,-575,0.08782610952408386
Richards Developmental,-2246,-2372,0.0792974520593578
Richards Developmental,-2121,-696,0.05722844503121716
Richards Developmental,-1173,-3253,0.017327350842127373
Richards Developmental,-1824,-3495,0.04832455829049305
Richards Developmental,-3373,-1523,0.08594721527061885
Richards Developmental,-667,-1176,0.06629943476159308
Richards Developmental,-742,-3381,0.040618419363794886
Richards Developmental,-2941,-1589,0.08257227014466699
Richards Developmental,-1917,-1879,0.0762228828604426
Richards Developmental,-3699,-1706,0.06714943601071735
Richards Developmental,-1966,-1350,0.0871566423197471
Richards Developmental,-3176,-3451,0.04062691960587206
Richards Developmental,-897,-2603,0.013245937963396459
Richards Developmental,-2829,-1217,0.06691454398433307
Richards Developmental,-725,-1642,0.07267909481707764
Richards Developmental,-3589,-1520,0.061933447167654865
Richards Developmental,-1222,-2662,0.02469650633569262
Richards Developmental,-1968,-1536,0.07602335980781884
Richards Developmental,-1880,-3650,0.03558466147532571
Richards Developmental,-558,-1115,0.03314497265321374
Richards Developmental,-2344,-1315,0.08030982195102673
Richards Developmental,-743,-3443,0.04989286905240911
Richards Developmental,-3907,-896,0.0724836239235634
Richards Developmental,-1156,-1513,0.07381367877966984
Richards Developmental,-1213,-1792,0.03928940849319523
Richards Developmental,-2582,-3550,0.05276958017805805
Richards Developmental,-844,-2759,0.010747562790729082
Richards Developmental,-1709,-2751,0.04593142034363211
Richards Developmental,-2905,-3422,0.03385028796274138
Richards Developmental,-1059,-2570,0.007374355568308517
Richards Developmental,-3767,-3103,0.05508379277855083
Richards Developmental,-3330,-2673,0.047924547640437326
Richards Developmental,-1283,-3438,0.022007205159670362
Richards Developmental,-3528,-806,0.07727712162234629
Richards Developmental,-3278,-2828,0.03061356694638709
Richards Developmental,-1217,-2227,0.02259653869430367
Richards Developmental,-1711,-2937,0.039593967452331305
Richards Developmental,-1503,-3809,0.018635388340776382
Richards Developmental,-830,-1268,0.07923214179137832
Richards Developmental,-1653,-2596,0.05137702179121492
Richards Developmental,-3338,-3480,0.022070443295826997
Richards Developmental,-3121,-3420,0.05070072853494077
Richards Developmental,-2943,-1775,0.08077381242985614
Richards Developmental,-2998,-1868,0.07987242095160278
Richards Developmental,-1700,-1819,0.05311924838725286
Richards Developmental,-902,-3162,0.02701145143904675
Richards Developmental,-2359,-2868,0.0695362621067727
Richards Developmental,-1583,-888,0.08533729181342302
Richards Developmental,-621,-2078,0.04533012326314839
Richards Developmental,-3382,-2455,0.07635097559439653
Richards Developmental,-2458,-1935,0.08146350970783561
Richards Developmental,-1067,-3440,0.027612817775591922
Richards Developmental,-993,-1422,0.07955174718317685
Richards Developmental,-2311,-3459,0.04016433210215635
Richards Developmental,-3268,-1834,0.07633998066433029
Richards Developmental,-1275,-2630,0.023005070056179265
Richards Developmental,-1492,-2628,0.05341010485770645
Richards Developmental,-784,-2107,0.04622245252594619
Richards Developmental,-1369,-1138,0.09108612628657012
Richards Developmental,-1966,-1412,0.07273458737440268
Richards Developmental,-1153,-1202,0.08882023755624192
Richards Developmental,-2068,-790,0.06908471647948837
Richards Developmental,-676,-2108,0.024112708800778926
Richards Developmental,-1101,-1358,0.08228522649175184
Richards Developmental,-3744,-742,0.07864719676467169
Richards Developmental,-3650,-2234,0.06252731658222199
Richards Developmental,-669,-1425,0.049175252969997266
Richards Developmental,-2357,-2682,0.09628559345292263
Richards Developmental,-1858,-1413,0.08056996122262385
Richards Developmental,-2306,-2962,0.06052713970397096
Richards Developmental,-2507,-1469,0.08491927089814297
Richards Developmental,-2361,-3055,0.03461556247344032
Richards Developmental,-3592,-1769,0.07029721549968539
Richards Developmental,-1823,-3371,0.045718174131520045
Richards Developmental,-3602,-2825,0.01999855024696258
Richards Developmental,-3276,-2704,0.052236114707465156
Richards Developmental,-906,-3597,0.0373447907330038
Richards Developmental,-3482,-1646,0.07537520325126955
Richards Developmental,-3114,-2675,0.07089562691477044
Richards Developmental,-2305,-2838,0.05533880993623605
Richards Developmental,-3496,-3075,0.042833275487766
Richards Developmental,-570,-2358,0.040389679201384324
Richards Developmental,-1919,-2065,0.05582551202378609
Richards Developmental,-1876,-3277,0.06287265865694583
Richards Developmental,-1699,-1756,0.07064073948854377
Richards Developmental,-2026,-2002,0.08134232431700403
Richards Developmental,-3802,-1208,0.052801495293089806
Richards Developmental,-1824,-3433,0.05671088631802501
Richards Developmental,-3642,-1365,0.07244143938905383
Richards Developmental,-3580,-588,0.08556529671323562
Richards Developmental,-1766,-3092,0.0548790126939569
Richards Developmental,-2797,-3423,0.05337984564719389
Richards Developmental,-1432,-2039,0.031148239463374985
Richards Developmental,-2184,-1534,0.08553858286091079
Richards Developmental,-2500,-661,0.0970147570735202
Richards Developmental,-2614,-1344,0.07933749904346057
Richards Developmental,-3756,-2047,0.05369387971352216
Richards Developmental,-1907,-884,0.07954002006758758
Richards Developmental,-3047,-1401,0.08496066078079148
Richards Developmental,-3226,-3046,0.07664582022098201
Richards Developmental,-3497,-3199,0.056359109110507996
Richards Developmental,-1395,-3810,0.010114526102715155
Richards Developmental,-2887,-1621,0.0705104932980098
Richards Developmental,-679,-2481,0.021714237795558353
Richards Developmental,-2346,-1502,0.06896507149747606
Richards Developmental,-3213,-1742,0.07568119178664748
Richards Developmental,-682,-2792,0.011578841023334063
Richards Developmental,-1640,-1167,0.0911122904854862
Richards Developmental,-3215,-1990,0.07126098329009137
Richards Developmental,-3011,-3235,0.07825105814959221
Richards Developmental,-3489,-2329,0.07795316571560501
Richards Developmental,-1744,-793,0.09029466044138396
Richards Developmental,-836,-1889,0.05856248862943712
Richards Developmental,-2878,-626,0.10515808818159916
Richards Developmental,-1881,-3712,0.04887521118701546
Richards Developmental,-2343,-1253,0.07971906340430177
Richards Developmental,-668,-1300,0.06874511847938006
Richards Developmental,-1107,-2042,0.018964184674565003
Richards Developmental,-831,-1392,0.0655530334733165
Richards Developmental,-2523,-3022,0.09653704251981221
Richards Developmental,-841,-2448,0.017896476586610963
Richards Developmental,-2448,-879,0.092897700564542
Richards Developmental,-2148,-3430,0.0627520855263367
Richards Developmental,-2994,-1495,0.08328650292639381
Richards Developmental,-2793,-2988,0.08845813958260759
Richards Developmental,-1648,-2037,0.0386166055879288
Richards Developmental,-1208,-1233,0.06295171820887188
Richards Developmental,-1662,-3466,0.03169731645783161
Richards Developmental,-1772,-3713,0.04798681322496484
Richards Developmental,-1760,-2408,0.0417698015123166
Richards Developmental,-1447,-3592,0.01945371654566122
Richards Developmental,-2017,-1070,0.07403946071029191
Richards Developmental,-1428,-1666,0.060367694836481134
Richards Developmental,-3907,-834,0.09255492300833093
Richards Developmental,-3372,-1398,0.07488826965695486
Richards Developmental,-2568,-2121,0.0928562374215348
Richards Developmental,-3546,-2608,0.031942304496985985
Richards Developmental,-3581,-713,0.07672416644305868
Richards Developmental,-933,-832,0.07958713414475202
Richards Developmental,-3166,-2519,0.06439863119187286
Richards Developmental,-1661,-3403,0.019347103303094984
Richards Developmental,-3799,-835,0.09626339567060636
Richards Developmental,-3058,-2520,0.07664247839189245
Richards Developmental,-2848,-3143,0.07141463630336302
Richards Developmental,-4015,-833,0.06371189510414622
Richards Developmental,-1121,-3409,0.02500673837037594
Richards Developmental,-1005,-2664,0.01822830867114334
Richards Developmental,-2878,-689,0.08459050218355214
Richards Developmental,-3118,-3110,0.041766294142979415
Richards Developmental,-2794,-3175,0.07250406274165859
Richards Developmental,-800,-3785,0.03394857678095302
Richards Developmental,-2142,-2808,0.09474890793367562
Richards Developmental,-1589,-1509,0.09030695028765665
Richards Developmental,-2020,-1380,0.08497808535224524
Richards Developmental,-2391,-600,0.09520997000023014
Richards Developmental,-3062,-2893,0.081646816973892
Richards Developmental,-1969,-1723,0.06218917889432815
Richards Developmental,-2792,-2926,0.07677915931595168
Richards Developmental,-2667,-1188,0.06609258753389904
Richards Developmental,-2346,-1564,0.08464341625712934
Richards Developmental,-3481,-1522,0.09245069387267013
Richards Developmental,-2069,-852,0.07114644589755198
Richards Developmental,-1929,-3121,0.07920489230019132
Richards Developmental,-1705,-2316,0.03503659223088437
Richards Developmental,-2796,-3361,0.05222454809533633
Richards Developmental,-1167,-2569,0.020859330947068613
Richards Developmental,-825,-833,0.05605721560808473
Richards Developmental,-1703,-2129,0.020582024834801968
Richards Developmental,-1429,-1790,0.04930497338667805
Richards Developmental,-1203,-736,0.08086802069193719
Richards Developmental,-1755,-1911,0.0494588143241899
Richards Developmental,-2088,-2778,0.08104490382607515
Richards Developmental,-790,-2791,0.01659341418627293
Richards Developmental,-1872,-2780,0.06691801051590462
Richards Developmental,-1315,-1108,0.06325198086590426
Richards Developmental,-3216,-2052,0.068366757109994
Richards Developmental,-3209,-1307,0.09114739204004765
Richards Developmental,-786,-2356,0.03914313805625304
Richards Developmental,-949,-2385,0.025244978721034747
Richards Developmental,-955,-3069,0.011135425270113061
Richards Developmental,-3282,-3263,0.058935264667172735
Richards Developmental,-3159,-1773,0.0730429729956747
Richards Developmental,-2445,-569,0.08104375347812963
Richards Developmental,-3582,-837,0.07595008101991647
Richards Developmental,-1545,-2535,0.04971269071294897
Richards Developmental,-2124,-944,0.06007473822663904
Richards Developmental,-3381,-2330,0.07368193793193266
Richards Developmental,-2680,-2492,0.07127268805866517
Richards Developmental,-2618,-1716,0.07989450453270261
Richards Developmental,-2848,-3081,0.08678923597820609
Richards Developmental,-900,-2914,0.010777126453253835
Richards Developmental,-629,-2885,0.020246265263019245
Richards Developmental,-827,-1019,0.08213790238816529
Richards Developmental,-3166,-2457,0.06033319383428143
Richards Developmental,-573,-2668,0.042060471512508496
Richards Developmental,-3270,-2083,0.07515839979791801
Richards Developmental,-1324,-2102,0.008115297043215598
Richards Developmental,-3441,-2982,0.045106338406803115
Richards Developmental,-793,-3101,0.019922576588668917
Richards Developmental,-2029,-2250,0.05940183829184363
Richards Developmental,-3008,-2924,0.09404911123365695
Richards Developmental,-933,-770,0.069000316932828
Richards Developmental,-2446,-693,0.10681796596920826
Richards Developmental,-629,-2823,0.022443995520168444
Richards Developmental,-908,-3784,0.04819404612858531
Richards Developmental,-3014,-3483,0.06187946973289994
Richards Developmental,-2462,-2308,0.07941031709064697
Richards Developmental,-2773,-938,0.09092081732021373
Richards Developmental,-2674,-1871,0.07269824734015022
Richards Developmental,-1095,-737,0.08612015183302947
Richards Developmental,-2038,-3244,0.04089334997916057
Richards Developmental,-1749,-1352,0.0882349472352759
Richards Developmental,-2402,-1718,0.07107875607572786
Richards Developmental,-3697,-1457,0.06729760972806749
Richards Developmental,-3491,-2578,0.05385054918038294
Richards Developmental,-2475,-3675,0.031086981658347237
Richards Developmental,-2675,-2058,0.09392673063591377
Richards Developmental,-4339,-830,0.0961815320681089
Richards Developmental,-3542,-2236,0.07834794182535638
Richards Developmental,-1045,-1204,0.06881238563842826
Richards Developmental,-3430,-1802,0.08499758240785474
Richards Developmental,-3011,-3173,0.08139966079864255
Richards Developmental,-1113,-2601,0.0090484851437534
Richards Developmental,-739,-3071,0.0323546472805165
Richards Developmental,-893,-2230,0.03312004126359991
Richards Developmental,-3475,-900,0.06885830002477458
Richards Developmental,-3708,-2638,0.05503694854415324
Richards Developmental,-1924,-2624,0.045310225006590876
Richards Developmental,-2364,-3428,0.0331403558417554
Richards Developmental,-3171,-3016,0.094618399849798
Richards Developmental,-2907,-3609,0.02225748761233952
Richards Developmental,-637,-3693,0.009408180113092912
Richards Developmental,-3797,-711,0.06688169452605916
Richards Developmental,-3700,-1768,0.04827730792152246
Richards Developmental,-680,-2605,0.020449894032259774
Richards Developmental,-3102,-1494,0.0751051774295829
Richards Developmental,-2129,-1504,0.08070088362433592
Richards Developmental,-2128,-1317,0.07993392828077597
Richards Developmental,-833,-1641,0.0678594749012328
Richards Developmental,-902,-3100,0.020736353420451437
Richards Developmental,-3476,-962,0.06340549249735142
Richards Developmental,-1936,-3805,0.035974949789343943
Richards Developmental,-609,-835,0.022353486368834483
Richards Developmental,-1604,-3062,0.038274706388920665
Richards Developmental,-2175,-602,0.06419014237958556
Richards Developmental,-1761,-2533,0.043259014031836324
Richards Developmental,-2367,-3738,0.047323567129834695
Richards Developmental,-2404,-1905,0.08093214870869558
Richards Developmental,-952,-2758,0.008105584138222939
Richards Developmental,-3810,-2015,0.04199509910456778
Richards Developmental,-2193,-2466,0.07803088643989316
Richards Developmental,-1332,-2847,0.011784566049304612
Richards Developmental,-2736,-2772,0.026346049606833413
Richards Developmental,-3057,-2396,0.06767210950120542
Richards Developmental,-2616,-1530,0.07291393900815253
Richards Developmental,-2247,-2497,0.09110582324683186
Richards Developmental,-1960,-729,0.06049572181007956
Richards Developmental,-1934,-3680,0.04094645062229306
Richards Developmental,-1210,-1419,0.09517260397630253
Richards Developmental,-3496,-3013,0.04175400551204167
Richards Developmental,-3220,-2425,0.07062270238664388
Richards Developmental,-3272,-2269,0.0832898683082208
Richards Developmental,-3063,-2955,0.04844412079917182
Richards Developmental,-670,-1549,0.0503011949675419
Richards Developmental,-3691,-898,0.06438273881821853
Richards Developmental,-2939,-1340,0.05621277754790445
Richards Developmental,-1204,-860,0.0660851391349074
Richards Developmental,-951,-2634,0.011646714177432078
Richards Developmental,-2195,-2653,0.08755723624178781
Richards Developmental,-2636,-3580,0.02496000701877156
Richards Developmental,-4067,-615,0.060689633866012005
Richards Developmental,-2771,-752,0.09479198171923633
Richards Developmental,-3203,-685,0.09808008956560066
Richards Developmental,-1329,-2537,0.015145845597185015
Richards Developmental,-2628,-2710,0.10139457566994635
Richards Developmental,-2510,-1780,0.07472251342789128
Richards Developmental,-1421,-982,0.0825108522433022
Richards Developmental,-839,-2262,0.038699362027903375
Richards Developmental,-3647,-1924,0.052449932229298044
Richards Developmental,-1168,-2694,0.013711286613189731
Richards Developmental,-853,-3629,0.0561629747948737
Richards Developmental,-1754,-1849,0.04236734924735268
Richards Developmental,-3651,-2297,0.07203722603356627
Richards Developmental,-1125,-3844,0.005729168201613427
Richards Developmental,-1094,-613,0.08731132462111584
Richards Developmental,-3857,-1238,0.04532324860257793
Richards Developmental,-1170,-2880,0.0043820270662919755
Richards Developmental,-3592,-1831,0.05647501719697612
Richards Developmental,-779,-1610,0.061301996156859453
Richards Developmental,-3660,-3229,0.03651865716722463
Richards Developmental,-1763,-2719,0.040551092409718464
Richards Developmental,-890,-1920,0.0426486261207666
Richards Developmental,-3493,-2702,0.03615956686682492
Richards Developmental,-3006,-2738,0.1018082575291489
Richards Developmental,-1367,-890,0.08520371868314476
Richards Developmental,-3046,-1277,0.08139398577595128
Richards Developmental,-2360,-2993,0.04239398904170899
Richards Developmental,-1850,-605,0.07283877303901393
Richards Developmental,-2684,-2990,0.05775203886628952
Richards Developmental,-848,-3194,0.020005048782026053
Richards Developmental,-2358,-2744,0.08938552584233506
Richards Developmental,-3500,-3448,0.025704324033816894
Richards Developmental,-2956,-3142,0.07641205707433188
Richards Developmental,-631,-3072,0.03667319195391967
Richards Developmental,-1277,-2755,0.013648648974472828
Richards Developmental,-3258,-840,0.07728782340350165
Richards Developmental,-2036,-2996,0.08376724331709058
Richards Developmental,-1862,-1786,0.06955117346977296
Richards Developmental,-942,-1702,0.06033708963707218
Richards Developmental,-2191,-2280,0.08518767553690557
Richards Developmental,-2032,-2561,0.07592685619632727
Richards Developmental,-1103,-1545,0.06786367199075904
Richards Developmental,-571,-2420,0.02180961744770943
Richards Developmental,-1014,-3534,0.01916840534010339
Richards Developmental,-3549,-2981,0.026844841925024843
Richards Developmental,-1157,-1575,0.06365965897530339
Richards Developmental,-2364,-3366,0.04205938148796526
Richards Developmental,-2460,-2184,0.10407602995641127
Richards Developmental,-2904,-3360,0.05887257595499307
Richards Developmental,-3172,-3078,0.0862396415443458
Richards Developmental,-3473,-652,0.08620963301003842
Richards Developmental,-1873,-2904,0.055833984727366934
Richards Developmental,-2683,-2803,0.0470857176452085
Richards Developmental,-624,-2326,0.028021823083570818
Richards Developmental,-4121,-645,0.07887847225120491
Richards Developmental,-1973,-2095,0.06243474961773772
Richards Developmental,-2772,-876,0.09881903520352928
Richards Developmental,-1923,-2500,0.049163908241374885
Richards Developmental,-2502,-910,0.07818589085319891
Richards Developmental,-3692,-960,0.07101970159312285
Richards Developmental,-3691,-836,0.0769247013184365
Richards Developmental,-1872,-2842,0.0886300222400206
Richards Developmental,-2471,-3302,0.014465437832044261
Richards Developmental,-2674,-1933,0.08807039367094148
Richards Developmental,-2994,-1433,0.08619990113281906
Richards Developmental,-2394,-911,0.0931829053512337
Richards Developmental,-2150,-3616,0.0453370543622509
Richards Developmental,-1316,-1294,0.09368739653353056
Richards Developmental,-1583,-950,0.0697043602781521
Richards Developmental,-783,-2045,0.06099351551807308
Richards Developmental,-3150,-841,0.08212739940580491
Richards Developmental,-1588,-1447,0.07579456973494021
Richards Developmental,-3059,-2582,0.08325484313984381
Richards Developmental,-1813,-2315,0.03802044891654885
Richards Developmental,-3265,-1586,0.07207152704563116
Richards Developmental,-854,-3753,0.044401063301848454
Richards Developmental,-1918,-2003,0.05643417029024468
Richards Developmental,-3810,-1953,0.049841947530226596
Richards Developmental,-1823,-3309,0.045469382779579515
Richards Developmental,-3536,-1614,0.07551002516671537
Richards Developmental,-2558,-1127,0.0583643303448701
Richards Developmental,-1964,-1164,0.07567031754269243
Richards Developmental,-1275,-2568,0.013260896056453746
Richards Developmental,-1696,-1446,0.06772974306016284
Richards Developmental,-936,-1080,0.07445356842135192
Richards Developmental,-568,-2171,0.026827742068655985
Richards Developmental,-745,-3630,0.007639543627834006
Richards Developmental,-2134,-1939,0.09050116057015628
Richards Developmental,-2564,-1748,0.07188183256014756
Richards Developmental,-1212,-1668,0.05984456198535597
Richards Developmental,-2902,-3112,0.07945847485360641
Richards Developmental,-1981,-2903,0.08484516925492853
Richards Developmental,-1542,-2286,0.031285171880952825
Richards Developmental,-1177,-3626,0.010043137286080292
Richards Developmental,-3533,-1304,0.08221405377899371
Richards Developmental,-2987,-750,0.08173116647935579
Richards Developmental,-987,-800,0.06703153289194425
Richards Developmental,-2353,-2247,0.0798360839661015
Richards Developmental,-3259,-964,0.06949767528818321
Richards Developmental,-3656,-2794,0.01961430403314357
Richards Developmental,-2635,-3456,0.040786857856827896
Richards Developmental,-1870,-2594,0.02663587455795692
Richards Developmental,-2234,-1192,0.0700638865950541
Richards Developmental,-3280,-3077,0.060537329837710555
Richards Developmental,-2077,-1660,0.055324912797594564
Richards Developmental,-3435,-2361,0.07665415204113973
Richards Developmental,-3176,-3513,0.046420933231497
Richards Developmental,-1595,-2192,0.04237305665971314
Richards Developmental,-1658,-3093,0.022927769212475593
Richards Developmental,-2669,-1374,0.08633048194388043
Richards Developmental,-3703,-2079,0.06347738818144723
Richards Developmental,-1221,-2600,0.012740408336499018
Richards Developmental,-1341,-3779,0.01620396343078795
Richards Developmental,-2391,-662,0.09223972454260582
Richards Developmental,-985,-614,0.07996876265746956
Richards Developmental,-3100,-1246,0.06959693271477047
Richards Developmental,-1530,-1043,0.09110608782330759
Richards Developmental,-3159,-1711,0.06480484090885097
Richards Developmental,-1327,-2412,0.025320851338870493
Richards Developmental,-1759,-2284,0.04197806411083166
Richards Developmental,-3488,-2267,0.07031940462358469
Richards Developmental,-1716,-3434,0.019785113203798735
Richards Developmental,-852,-3567,0.040819387533472154
Richards Developmental,-3761,-2482,0.04940422504893181
Richards Developmental,-3097,-935,0.06673997903775547
Richards Developmental,-1104,-1731,0.03758070739195678
Richards Developmental,-830,-1330,0.047825755653292196
Richards Developmental,-560,-1364,0.008908601748567974
Richards Developmental,-726,-1704,0.06329029504943048
Richards Developmental,-2845,-2771,0.09404351988348447
Richards Developmental,-3698,-1582,0.06138348741813722
Richards Developmental,-1278,-2879,0.03428676336694021
Richards Developmental,-3227,-3233,0.04676240750592696
Richards Developmental,-2468,-2930,0.07167780531012156
Richards Developmental,-1390,-3313,0.0149666669534625
Richards Developmental,-2620,-1965,0.09764589522945596
Richards Developmental,-1497,-3188,0.013803299350053685
Richards Developmental,-3318,-1430,0.07501826744687665
Richards Developmental,-675,-2046,0.0453015418966463
Richards Developmental,-4286,-861,0.08876791156383199
Richards Developmental,-2614,-1281,0.06351069947432506
Richards Developmental,-665,-990,0.05424691117330396
Richards Developmental,-3708,-2576,0.05760868763541481
Richards Developmental,-2741,-3206,0.0841347731854189
Richards Developmental,-1267,-1761,0.030437465642330422
Richards Developmental,-2729,-1964,0.07538206696091922
Richards Developmental,-1393,-3624,0.0059230541552561106
Richards Developmental,-1094,-675,0.09901370260195327
Richards Developmental,-3275,-2580,0.06818680675550165
Richards Developmental,-2906,-3547,0.056771600749777815
Richards Developmental,-553,-618,0.030281178888456294
Richards Developmental,-1822,-3247,0.03158884461643707
Richards Developmental,-3595,-2080,0.06225508791053806
Richards Developmental,-1916,-1754,0.06159186738226438
Richards Developmental,-882,-1050,0.06555839995304744
Richards Developmental,-1218,-2289,0.02871694154923731
Richards Developmental,-2831,-1341,0.06768958218009474
Richards Developmental,-1805,-1507,0.08376501009549979
Richards Developmental,-3106,-1867,0.08174033572137196
Richards Developmental,-1693,-1135,0.07516819834425661
Richards Developmental,-1120,-3347,0.01840399145836609
Richards Developmental,-621,-2015,0.04610125143565749
Richards Developmental,-3380,-2206,0.07653162321036404
Richards Developmental,-845,-2883,0.0032682844828613306
Richards Developmental,-2775,-1187,0.05877169062942078
Richards Developmental,-1323,-1978,0.017006167417045914
Richards Developmental,-2302,-2589,0.08908379051309061
Richards Developmental,-2420,-3582,0.06138636770528247
Richards Developmental,-2256,-3429,0.017055981967434075
Richards Developmental,-1961,-915,0.055470082346517235
Richards Developmental,-2039,-3307,0.05086719688027304
Richards Developmental,-2193,-2528,0.09513876194254144
Richards Developmental,-1106,-1855,0.02925479066635442
Richards Developmental,-1062,-2943,0.02458821565018736
Richards Developmental,-2292,-1533,0.07123088623627757
Richards Developmental,-2883,-1186,0.06233053062824258
Richards Developmental,-561,-1426,0.02405938982569182
Richards Developmental,-1827,-3806,0.02835965011848786
Richards Developmental,-2396,-1097,0.06645610842242289
Richards Developmental,-3961,-802,0.04808431676282762
Richards Developmental,-1602,-2876,0.02984239016925873
Richards Developmental,-2627,-2648,0.07575950697572327
Richards Developmental,-688,-3413,0.04734999428908339
Richards Developmental,-1274,-2444,0.014310727303389684
Richards Developmental,-2286,-912,0.07181422983728394
Richards Developmental,-1766,-3030,0.049782101794366804
Richards Developmental,-742,-3319,0.04671741027674546
Richards Developmental,-3444,-3293,0.0336707790728082
Richards Developmental,-1752,-1601,0.08067452563822787
Richards Developmental,-614,-1332,0.04038646631043294
Richards Developmental,-3534,-1366,0.08372547813850947
Richards Developmental,-3541,-2173,0.06766044504087655
Richards Developmental,-2621,-2027,0.09463213387212469
Richards Developmental,-3012,-3359,0.07174737948580878
Richards Developmental,-724,-1517,0.07445777208497595
Richards Developmental,-1264,-1450,0.07940685267281704
Richards Developmental,-613,-1208,0.047619654904501846
Richards Developmental,-1338,-3469,0.003570314311759075
Richards Developmental,-2472,-3364,0.06325843134092654
Richards Developmental,-1754,-1787,0.05095673767268499
Richards Developmental,-2938,-1278,0.05662898284349874
Richards Developmental,-3499,-3386,0.02735757889188649
Richards Developmental,-3156,-1463,0.0650228635991205
Richards Developmental,-3319,-1492,0.07872034144425681
Richards Developmental,-1370,-1200,0.10049411354622535
Richards Developmental,-1708,-2626,0.062080600379128034
Richards Developmental,-2785,-2181,0.09635440974181896
Richards Developmental,-2309,-3273,0.035149037974851693
Richards Developmental,-1989,-3773,0.010071331279314047
Richards Developmental,-850,-3318,0.02522615873426287
Richards Developmental,-3607,-3322,0.0329715667842056
Richards Developmental,-2838,-2087,0.09521818260242254
Richards Developmental,-2201,-3274,0.03036261536002162
Richards Developmental,-3230,-3543,0.02183563654414579
Richards Developmental,-2890,-1869,0.07751505960541895
Richards Developmental,-2634,-3332,0.039436026299937435
Richards Developmental,-1716,-3496,0.020843441581440608
Richards Developmental,-2556,-940,0.0679525173222098
Richards Developmental,-715,-585,0.01600294503691537
Richards Developmental,-2934,-843,0.0845712451205896
Richards Developmental,-2285,-788,0.06849347132597793
Richards Developmental,-1338,-3531,0.025653952625981344
Richards Developmental,-1150,-892,0.06469971883826202
Richards Developmental,-1533,-1292,0.0943525869941733
Richards Developmental,-2566,-1934,0.08863415426131696
Richards Developmental,-1280,-3065,0.015980760492087437
Richards Developmental,-3155,-1338,0.0765497799491532
Richards Developmental,-1690,-824,0.08090642623143035
Richards Developmental,-1800,-1010,0.07582708029684508
Richards Developmental,-1228,-3346,0.012641956488990705
Richards Developmental,-1474,-827,0.08490700421859858
Richards Developmental,-2027,-2126,0.07051618701499128
Richards Developmental,-2735,-2585,0.07939227936776946
Richards Developmental,-1099,-1172,0.07191538797860302
Richards Developmental,-939,-1391,0.06010980423759571
Richards Developmental,-1261,-1139,0.07816698283922704
Richards Developmental,-1058,-2508,0.005587214563640634
Richards Developmental,-3548,-2857,0.01772745756042829
Richards Developmental,-2940,-1527,0.07689555258498364
Richards Developmental,-566,-1985,0.06759265344619853
Richards Developmental,-2950,-2459,0.09747595943443718
Richards Developmental,-2244,-2124,0.0803783997111824
Richards Developmental,-687,-3227,0.03352377880437443
Richards Developmental,-2453,-1438,0.08409473997316734
Richards Developmental,-2307,-3086,0.044344883070767546
Richards Developmental,-1765,-2905,0.06871076490012455
Richards Developmental,-3115,-2799,0.10020634854244945
Richards Developmental,-1881,-3774,0.03952576789342499
Richards Developmental,-2893,-2180,0.06094239484873695
Richards Developmental,-1260,-1077,0.08004310094103086
Richards Developmental,-2950,-2521,0.08462770171860727
Richards Developmental,-1373,-1511,0.08849075508435394
Richards Developmental,-3711,-2948,0.02709722235684868
Richards Developmental,-3439,-2796,0.01966009480581117
Richards Developmental,-2291,-1471,0.08539953869362504
Richards Developmental,-625,-2450,0.036725793480277255
Richards Developmental,-894,-2292,0.03960488262007533
Richards Developmental,-3545,-2546,0.08649566945897776
Richards Developmental,-454,-1551,0.04953441747886393
Richards Developmental,-2576,-2991,0.0955199047784697
Richards Developmental,-3424,-1242,0.07657199568512461
Richards Developmental,-1605,-3124,0.031086733159976787
Richards Developmental,-2178,-913,0.06087195744817919
Richards Developmental,-3387,-2952,0.021034909841983918
Richards Developmental,-2959,-3453,0.05359810833217932
Richards Developmental,-1544,-2473,0.03797522363483821
Richards Developmental,-885,-1360,0.0668214640824462
Richards Developmental,-3551,-3168,0.040119786670789304
Richards Developmental,-2015,-883,0.06390205864845029
Richards Developmental,-1932,-3432,0.07290078386012168
Richards Developmental,-2188,-1969,0.08759590692073052
Richards Developmental,-1810,-2066,0.04412299804759748
Richards Developmental,-1878,-3463,0.054428564916886496
Richards Developmental,-1368,-1014,0.08525640569024137
Richards Developmental,-1258,-891,0.07742520857752995
Richards Developmental,-2725,-1591,0.08971676563281997
Richards Developmental,-1771,-3589,0.026162527000644517
Richards Developmental,-1547,-2783,0.03935172399259479
Richards Developmental,-1923,-2562,0.0412617333745877
Richards Developmental,-789,-2666,0.006377112645319052
Richards Developmental,-2624,-2338,0.06887551664385097
Richards Developmental,-2476,-3737,0.026716507457245443
Richards Developmental,-3546,-2670,0.023132023743060448
Richards Developmental,-3332,-2859,0.038968979633510106
Richards Developmental,-3040,-594,0.09351966187045208
Richards Developmental,-3799,-897,0.06920458751907271
Richards Developmental,-3419,-745,0.09686952986440227
Richards Developmental,-3554,-3416,0.02666986318586856
Richards Developmental,-1444,-3281,0.028574853367870877
Richards Developmental,-2301,-2465,0.06380367969274271
Richards Developmental,-2312,-3584,0.04088787245064722
Richards Developmental,-877,-615,0.043335464984060525
Richards Developmental,-2781,-1808,0.09230462903548942
Richards Developmental,-3171,-2954,0.09143381019380484
Richards Developmental,-1003,-2416,0.018972804916107727
Richards Developmental,-1373,-1573,0.0986240254707289
Richards Developmental,-2083,-2281,0.06634345307416555
Richards Developmental,-3049,-1588,0.09359625349275189
Richards Developmental,-2194,-2590,0.07163228013431958
Richards Developmental,-1496,-3125,0.02569507820661894
Richards Developmental,-2888,-1683,0.0914861485913588
Richards Developmental,-1546,-2659,0.04691424565251824
Richards Developmental,-2782,-1870,0.08564972056582855
Richards Developmental,-3498,-3261,0.046019231378608624
Richards Developmental,-851,-3505,0.03128971445078013
Richards Developmental,-1660,-3279,0.024425653755830806
Richards Developmental,-2517,-2401,0.09010448448291838
Richards Developmental,-3796,-586,0.06479917073364003
Richards Developmental,-1753,-1725,0.059038841133722736
Richards Developmental,-2723,-1405,0.0927155831741719
Richards Developmental,-2338,-756,0.08626027349435393
Richards Developmental,-686,-3164,0.04027741625733437
Richards Developmental,-3109,-2178,0.07031620267982405
Richards Developmental,-2567,-1996,0.09594829359591815
Richards Developmental,-3746,-991,0.041796001006354735
Richards Developmental,-2783,-2057,0.10325831450781588
Richards Developmental,-2452,-1376,0.089483657784730955
Richards Developmental,-2837,-2025,0.06812960592559948
Richards Developmental,-728,-1952,0.054197195537717735
Richards Developmental,-2734,-2523,0.0868134059173041
Richards Developmental,-1652,-2471,0.03206532293359414
Richards Developmental,-774,-1113,0.06361496891173944
Richards Developmental,-1759,-2346,0.03938649330646729
Richards Developmental,-3224,-2922,0.03798727982816309
Richards Developmental,-2231,-819,0.06431660416193181
Richards Developmental,-1959,-666,0.050321697036553134
Richards Developmental,-881,-988,0.08097836418988177
Richards Developmental,-3803,-1270,0.06529835682216797
Richards Developmental,-960,-3503,0.04699995324927389
Richards Developmental,-878,-677,0.08322880358494518
Richards Developmental,-3384,-2641,0.03896627804990943
Richards Developmental,-554,-680,0.03934476801414845
Richards Developmental,-1277,-2817,0.029270355240901103
Richards Developmental,-1259,-953,0.0787946913985476
Richards Developmental,-1989,-3711,0.03368092281468496
Richards Developmental,-3709,-2700,0.05252371872288819
Richards Developmental,-1819,-2936,0.07432565682383743
Richards Developmental,-1219,-2351,0.012793814551251448
Richards Developmental,-1809,-1942,0.07155133164858808
Richards Developmental,-1594,-2006,0.034616760030288934
Richards Developmental,-2013,-697,0.07211154475669222
Richards Developmental,-1273,-2382,0.011648289616720292
Richards Developmental,-3210,-1493,0.08724660292963818
Richards Developmental,-3809,-1891,0.050388860833050456
Richards Developmental,-3012,-3297,0.03522536466201709
Richards Developmental,-1752,-1663,0.08302913229565924
Richards Developmental,-1272,-2258,0.027034319218491865
Richards Developmental,-2784,-2119,0.0948635020514036
Richards Developmental,-1473,-764,0.09409933478061555
Richards Developmental,-3583,-899,0.06260215202123047
Richards Developmental,-1864,-1972,0.056287202598058556
Richards Developmental,-1762,-2595,0.03437969202269746
Richards Developmental,-622,-2202,0.023825242735315943
Richards Developmental,-2742,-3393,0.056943577741480025
Richards Developmental,-2089,-2902,0.06433572890983524
Richards Developmental,-1443,-3157,0.020259711033275674
Richards Developmental,-2304,-2776,0.07738999552226883
Richards Developmental,-1534,-1478,0.07730738867894073
Richards Developmental,-3657,-2918,0.029387832050079374
Richards Developmental,-3258,-778,0.08910469552798504
Richards Developmental,-2356,-2620,0.08198276866858105
Richards Developmental,-1441,-3033,0.007949444618101743
Richards Developmental,-1868,-2469,0.024976751730323557
Richards Developmental,-2177,-851,0.0667153274943226
Richards Developmental,-905,-3473,0.03880919675573165
Richards Developmental,-633,-3320,0.04164368096430557
Richards Developmental,-3697,-1519,0.0718720077990365
Richards Developmental,-2851,-3392,0.03638334124412476
Richards Developmental,-2849,-3205,0.04932697988126604
Richards Developmental,-1365,-703,0.08503845713015044
Richards Developmental,-2884,-1248,0.07747432210065985
Richards Developmental,-1651,-2347,0.024575295998484237
Richards Developmental,-2953,-2769,0.08898186666921647
Richards Developmental,-679,-2419,0.02687797791819284
Richards Developmental,-1210,-1482,0.08817857162687101
Richards Developmental,-1258,-829,0.0816927160282575
Richards Developmental,-2733,-2399,0.0769533289457026
Richards Developmental,-1418,-610,0.0962145674619698
Richards Developmental,-1600,-2627,0.05131953270591927
Richards Developmental,-1658,-3031,0.0283967144738404
Richards Developmental,-1167,-2632,0.01918693563516273
Richards Developmental,-1011,-3285,0.02624044055359097
Richards Developmental,-2562,-1499,0.08429968584075857
Richards Developmental,-4067,-677,0.08666870961085882
Richards Developmental,-1377,-1946,0.015554131201965415
Richards Developmental,-1610,-3684,0.022318741575444265
Richards Developmental,-1774,-3837,0.016251420490289936
Richards Developmental,-1432,-2101,0.034088342346563466
Richards Developmental,-2412,-2775,0.07789326921180748
Richards Developmental,-1387,-3002,0.024223274692071764
Richards Developmental,-787,-2480,0.01262940407040783
Richards Developmental,-3962,-927,0.05537192541795878
Richards Developmental,-1542,-2224,0.029515095970062258
Richards Developmental,-3591,-1707,0.0744180531882902
Richards Developmental,-825,-771,0.05581038755486925
Richards Developmental,-3438,-2672,0.020607832157832504
Richards Developmental,-1858,-1351,0.06785013415377857
Richards Developmental,-2895,-2428,0.08507504408774344
Richards Developmental,-1803,-1320,0.0936776319771743
Richards Developmental,-3634,-557,0.06926550468526686
Richards Developmental,-1646,-1788,0.054414596308625954
Richards Developmental,-938,-1329,0.08115111002366861
Richards Developmental,-2344,-1377,0.07478190665863635
Richards Developmental,-741,-3257,0.041313346326496636
Richards Developmental,-903,-3287,0.02880008674474112
Richards Developmental,-2081,-2094,0.07677496770346588
Richards Developmental,-845,-2821,0.01796369299155709
Richards Developmental,-1046,-1266,0.08208242150317623
Richards Developmental,-3204,-810,0.06577844708996843
Richards Developmental,-2204,-3647,0.014339265680038252
Richards Developmental,-2295,-1906,0.05067755859352417
Richards Developmental,-1743,-669,0.06856861320592748
Richards Developmental,-2314,-3770,0.016509049190008868
Richards Developmental,-1227,-3221,0.009702719986095565
Richards Developmental,-1163,-2197,0.0176090139087191
Richards Developmental,-2024,-1753,0.07837883309954193
Richards Developmental,-1171,-3004,0.0041598850124627135
Richards Developmental,-3374,-1647,0.05449543467721163
Richards Developmental,-3265,-1524,0.0736597132608891
Richards Developmental,-3526,-558,0.07893970423303928
Richards Developmental,-2578,-3177,0.0757512589792908
Richards Developmental,-1439,-2784,0.02359621651085962
Richards Developmental,-2336,-570,0.10837753772214312
Richards Developmental,-2945,-2024,0.08289285593552675
Richards Developmental,-2024,-1815,0.0659435623900136
Richards Developmental,-630,-3010,0.02546129594807285
Richards Developmental,-1065,-3192,0.020603069071573707
Richards Developmental,-1008,-2913,0.016566083203652937
Richards Developmental,-3427,-1491,0.07079806793608452
Richards Developmental,-880,-926,0.05014164451092051
Richards Developmental,-2776,-1311,0.07512699208712101
Richards Developmental,-2839,-2211,0.06758055880575052
Richards Developmental,-1114,-2663,0.019978520503405796
Richards Developmental,-718,-958,0.05593248627729666
Richards Developmental,-987,-738,0.06620620819929955
Richards Developmental,-1487,-2131,0.030213525074481995
Richards Developmental,-1375,-1760,0.04041470508805617
Richards Developmental,-1225,-3035,0.03347904026087055
Richards Developmental,-633,-3258,0.03862882775898985
Richards Developmental,-1377,-2008,0.017043735971988952
Richards Developmental,-3596,-2266,0.0801864870030592
Richards Developmental,-889,-1858,0.04814222529983181
Richards Developmental,-2899,-2863,0.08020922168418124
Richards Developmental,-2850,-3330,0.04615494335489094
Richards Developmental,-2132,-1752,0.06787517639056333
Richards Developmental,-1384,-2629,0.03801653172728288
Richards Developmental,-3331,-2797,0.038022898417580414
Richards Developmental,-2573,-2680,0.08413371487660518
Richards Developmental,-450,-1116,0.04559732615730512
Richards Developmental,-731,-2263,0.028835099719617938
Richards Developmental,-2581,-3488,0.0635744379138354
Richards Developmental,-1818,-2874,0.07052132856836221
Richards Developmental,-2556,-878,0.09614702660467989
Richards Developmental,-3322,-1803,0.08094152743042629
Richards Developmental,-828,-1144,0.053603620740480515
Richards Developmental,-1066,-3316,0.024816749909190625
Richards Developmental,-1155,-1327,0.07603496902256816
Richards Developmental,-3334,-3107,0.07090743556408186
Richards Developmental,-905,-3411,0.054419655440293785
Richards Developmental,-1930,-3245,0.057880213446704215
Richards Developmental,-732,-2325,0.010285848631260891
Richards Developmental,-1978,-2593,0.0814711472823278
Richards Developmental,-3419,-683,0.08057868753275028
Richards Developmental,-2410,-2526,0.037655549328140275
Richards Developmental,-773,-989,0.04983808783287916
Richards Developmental,-2676,-2120,0.09612946071887746
Richards Developmental,-1750,-1414,0.08098696507050741
Richards Developmental,-2201,-3336,0.03735498775099086
Richards Developmental,-688,-3351,0.049989117639975225
Richards Developmental,-3856,-1176,0.05327077143539205
Richards Developmental,-2084,-2405,0.07293350501963218
Richards Developmental,-1490,-2442,0.034306692208742426
Richards Developmental,-3760,-2420,0.053513663608165424
Richards Developmental,-453,-1489,0.03674532678601514
Richards Developmental,-2953,-2832,0.0940381381700017
Richards Developmental,-3645,-1737,0.05515671992583934
Richards Developmental,-3494,-2888,0.03701345557209938
Richards Developmental,-2464,-2557,0.03604433232269605
Richards Developmental,-937,-1142,0.058943376707168676
Richards Developmental,-1391,-3375,0.020871599411949576
Richards Developmental,-3311,-684,0.0888411928007328
Richards Developmental,-2555,-816,0.08419548427508408
Richards Developmental,-3640,-1240,0.07641857245909443
Richards Developmental,-1004,-2478,0.01362235260194361
Richards Developmental,-1322,-1915,0.024742322365890468
Richards Developmental,-1498,-3250,0.010562958924507461
Richards Developmental,-3267,-1772,0.07504184206098763
Richards Developmental,-3442,-3044,0.045632991074741794
Richards Developmental,-835,-1827,0.055222859669006266
Richards Developmental,-957,-3193,0.011820961944109892
Richards Developmental,-1868,-2407,0.039274802986829546
Richards Developmental,-897,-2665,-0.004200141587062986
Richards Developmental,-1287,-3811,-0.001927900038889152
Richards Developmental,-797,-3474,0.04669721317756895
Richards Developmental,-3267,-1710,0.0951714336668126
Richards Developmental,-2940,-1465,0.07959271907839975
Richards Developmental,-1317,-1356,0.08740827296225682
Richards Developmental,-1493,-2815,0.038266759921407587
Richards Developmental,-1385,-2754,0.01623475291288967
Richards Developmental,-1713,-3185,0.0363136491169338
Richards Developmental,-2183,-1472,0.08606804752656856
Richards Developmental,-568,-2109,0.03597218302758558
Richards Developmental,-1710,-2813,0.0532263872669768
Richards Developmental,-2079,-1908,0.07591699644820615
Richards Developmental,-2691,-3611,0.0383688340964774
Richards Developmental,-2070,-914,0.06559892151981968
Richards Developmental,-3050,-1712,0.08277831881889407
Richards Developmental,-1202,-612,0.07055265475831306
Richards Developmental,-798,-3536,0.042369885122035336
Richards Developmental,-2415,-3085,0.06488881138628284
Richards Developmental,-3391,-3387,0.030582781453969712
Richards Developmental,-2298,-2154,0.07930268635733344
Richards Developmental,-684,-2916,0.03385252648279259
Richards Developmental,-2516,-2339,0.07594913184517635
Richards Developmental,-1007,-2788,-0.011619541614853193
Richards Developmental,-3429,-1677,0.07235448647787228
Richards Developmental,-1228,-3283,0.008989919301627972
Richards Developmental,-3008,-2862,0.07086569321905412
Richards Developmental,-1431,-1914,0.02418712809971646
Richards Developmental,-2243,-2062,0.06637247239542796
Richards Developmental,-1535,-1541,0.08863114473830798
Richards Developmental,-1152,-1016,0.08543368142862899
Richards Developmental,-3281,-3201,0.062406821709073856
Richards Developmental,-3271,-2145,0.0792537399182567
Richards Developmental,-2096,-3648,0.055216671789662594
Richards Developmental,-3108,-2115,0.06970116107830795
Richards Developmental,-3165,-2332,0.06413336042384746
Richards Developmental,-1817,-2749,0.0514482651658226
Richards Developmental,-3324,-2051,0.07389900103760809
Richards Developmental,-898,-2727,0.020177554801701456
Richards Developmental,-1810,-2004,0.06514929230631096
Richards Developmental,-3202,-623,0.10389309110890027
Richards Developmental,-1928,-2997,0.06162050314948214
Richards Developmental,-572,-2544,0.0160169997635604
Richards Developmental,-1011,-3223,0.01666617654370539
Richards Developmental,-1657,-2969,0.04090374347909047
Richards Developmental,-1230,-3532,0.01677577223855245
Richards Developmental,-3268,-1896,0.08582343089774226
Richards Developmental,-2392,-724,0.08822530255896151
Richards Developmental,-2192,-2404,0.07872277055889092
Richards Developmental,-1931,-3370,0.056030666235094895
Richards Developmental,-1160,-1886,0.03857451241467054
Richards Developmental,-2992,-1247,0.07088485632083898
Richards Developmental,-2129,-1442,0.08196314604347177
Richards Developmental,-1119,-3222,0.022063791750297393
Richards Developmental,-2787,-2429,0.0786233869803899
Richards Developmental,-2512,-1904,0.08241304345737939
Richards Developmental,-3426,-1429,0.08326102816878525
Richards Developmental,-3061,-2831,0.09011709566697824
Richards Developmental,-501,-836,0.041329515016810495
Richards Developmental,-3851,-679,0.06965874823916086
Richards Developmental,-1533,-1354,0.09042404356343998
Richards Developmental,-1310,-611,0.06851466227896051
Richards Developmental,-1769,-3402,0.04020760436491719
Richards Developmental,-616,-1518,0.06064416520578651
Richards Developmental,-1772,-3651,0.041155922818669616
Richards Developmental,-2824,-658,0.09206092201028757
Richards Developmental,-723,-1455,0.05070658493871055
Richards Developmental,-2681,-2617,0.09613769939222708
Richards Developmental,-1767,-3154,0.05929385543323601
Richards Developmental,-1262,-1264,0.06650047225071687
Richards Developmental,-1213,-1730,0.045035419969712595
Richards Developmental,-3229,-3419,0.037113637103432476
Richards Developmental,-1974,-2158,0.06671773355140735
Richards Developmental,-1804,-1383,0.0843553244686265
Richards Developmental,-2365,-3490,0.052261328308684435
Richards Developmental,-3548,-2795,0.02208152057636395
Richards Developmental,-729,-2014,0.05144621746027424
Richards Developmental,-1104,-1669,0.03835110451234401
Richards Developmental,-3418,-559,0.08749251598907268
Richards Developmental,-3705,-2265,0.04157698507835135
Richards Developmental,-2400,-1532,0.08823749752983127
Richards Developmental,-2518,-2525,0.0882201091100531
Richards Developmental,-666,-1114,0.05176525148137941
Richards Developmental,-2351,-2061,0.09193639684477942
Richards Developmental,-1803,-1258,0.08494565774274228
Richards Developmental,-3322,-1865,0.07569744868652704
Richards Developmental,-1225,-2973,0.03002816303466789
Richards Developmental,-1431,-1976,0.04118395943763278
Richards Developmental,-2832,-1528,0.07738069515224047
Richards Developmental,-1394,-3748,0.0010877421496525985
Richards Developmental,-2732,-2275,0.08391030515964523
Richards Developmental,-2992,-1309,0.08733936232954242
Richards Developmental,-901,-3038,0.029254245745782642
Richards Developmental,-1203,-798,0.06595617290063754
Richards Developmental,-1006,-2726,0.0024843746905854336
Richards Developmental,-3230,-3481,0.030646453995391343
Richards Developmental,-1206,-1047,0.0625482905400696
Richards Developmental,-3337,-3418,0.02886288806754496
Richards Developmental,-558,-1177,0.058029636967422304
Richards Developmental,-1161,-1948,0.03492617240373856
Richards Developmental,-2678,-2368,0.06970762933046735
Richards Developmental,-1637,-918,0.061205473563060886
Richards Developmental,-1394,-3686,0.001991866467492026
Richards Developmental,-1906,-822,0.067383970958508
Richards Developmental,-2421,-3645,0.04861254012751369
Richards Developmental,-998,-1919,0.039998149555524484
Richards Developmental,-682,-2729,0.016748331040588274
Richards Developmental,-3604,-3012,0.03366303108273093
Richards Developmental,-1547,-2721,0.04378086550082408
Richards Developmental,-736,-2760,0.016076150418059015
Richards Developmental,-2721,-1218,0.08450204260022642
Richards Developmental,-1826,-3619,0.04153879055983088
Richards Developmental,-1220,-2538,0.01722921105267871
Richards Developmental,-1057,-2446,0.01257641202116392
Richards Developmental,-1327,-2350,0.00895887849684402
Richards Developmental,-1634,-607,0.06428830086619938
Richards Developmental,-3442,-3106,0.0575367472922025
Richards Developmental,-1551,-3218,0.024802486745487046
Richards Developmental,-2845,-2833,0.07981663111587817
Richards Developmental,-3582,-775,0.08486487520649863
Richards Developmental,-1816,-2625,0.01938872638253536
Richards Developmental,-3337,-3356,0.04836722759748978
Richards Developmental,-3065,-3203,0.03800216098670141
Richards Developmental,-1437,-2598,0.037420084856929395
Richards Developmental,-1812,-2190,0.028717036687812253
Richards Developmental,-681,-2667,0.017607515242350075
Richards Developmental,-667,-1238,0.07528618358703493
Richards Developmental,-1045,-1141,0.08143616570786079
Richards Developmental,-1098,-1048,0.07394735922529289
Richards Developmental,-1768,-3216,0.035505713125425886
Richards Developmental,-684,-2978,0.029187483876692302
Richards Developmental,-1263,-1388,0.09183341315177199
Richards Developmental,-3108,-2053,0.0629340791420256
Richards Developmental,-1594,-2068,0.04028089591808709
Richards Developmental,-934,-894,0.06153481011532286
Richards Developmental,-564,-1736,0.06466989628586697
Richards Developmental,-2077,-1722,0.07961789378877103
Richards Developmental,-961,-3690,0.04347755939720442
Richards Developmental,-3217,-2177,0.09022303878428885
Richards Developmental,-1490,-2504,0.03674257359365954
Richards Developmental,-2196,-2777,0.05542864638529904
Richards Developmental,-1162,-2072,0.01862025289501383
Richards Developmental,-1150,-830,0.07297282503837955
Richards Developmental,-1904,-574,0.08262220352062193
Richards Developmental,-2241,-1875,0.060120094661592446
Richards Developmental,-1173,-3191,0.020131355198762316
Richards Developmental,-2405,-2091,0.07149120961363895
Richards Developmental,-1446,-3468,0.009155448804018945
Richards Developmental,-1486,-2007,0.047308719955990605
Richards Developmental,-1984,-3214,0.05793956048856114
Richards Developmental,-2514,-2090,0.07693054342690993
Richards Developmental,-831,-1454,0.06694015920752801
Richards Developmental,-3013,-3421,0.07094374567444094
Richards Developmental,-3365,-715,0.0808148442014907
Richards Developmental,-3213,-1804,0.08189940846481357
Richards Developmental,-2413,-2899,0.07367687734145927
Richards Developmental,-1332,-2910,0.014800917532176716
Richards Developmental,-2939,-1403,0.08466338648468955
Richards Developmental,-612,-1146,0.05847164207067672
Richards Developmental,-2505,-1220,0.07426667698479368
Richards Developmental,-3212,-1680,0.09868835819844493
Richards Developmental,-1640,-1229,0.06722138969705878
Richards Developmental,-1930,-3183,0.07040151009850794
Richards Developmental,-2410,-2588,0.03715470169321673
Richards Developmental,-888,-1671,0.05246955987365212
Richards Developmental,-2397,-1221,0.08247724719159336
Richards Developmental,-1963,-1101,0.0645094338659654
Richards Developmental,-1866,-2221,0.04236334222765274
Richards Developmental,-1878,-3401,0.05204274406116782
Richards Developmental,-2663,-815,0.10137622667326798
Richards Developmental,-938,-1267,0.08150402646844841
Richards Developmental,-1714,-3248,0.031065541422559392
Richards Developmental,-3598,-2390,0.04874417132282337
Richards Developmental,-1170,-2942,0.009859846777037592
Richards Developmental,-3149,-717,0.09907777584867183
Richards Developmental,-2043,-3741,0.04443712989695514
Richards Developmental,-2120,-572,0.06659532784712778
Richards Developmental,-3635,-681,0.08253271624053886
Richards Developmental,-1382,-2505,0.021466303680207126
Richards Developmental,-1206,-1109,0.09422301544082257
Richards Developmental,-988,-924,0.07351899309871854
Richards Developmental,-1159,-1762,0.04089191918242481
Richards Developmental,-3112,-2488,0.055739169527461385
Richards Developmental,-2474,-3613,0.042984170597885285
Richards Developmental,-781,-1859,0.08193135350915211
Richards Developmental,-2298,-2217,0.08316492085089595
Richards Developmental,-1539,-1913,0.057295313040942125
Richards Developmental,-2127,-1255,0.08635841175493159
Richards Developmental,-2133,-1876,0.09729062140933965
Richards Developmental,-2186,-1783,0.06708574680155899
Richards Developmental,-3385,-2765,0.028811304886737568
Richards Developmental,-2255,-3304,0.03625979302104955
Richards Developmental,-2725,-1653,0.09029992608317892
Richards Developmental,-843,-2635,0.01069375223098254
Richards Developmental,-622,-2140,0.03301751925414066
Richards Developmental,-3646,-1800,0.05762938287172818
Richards Developmental,-2509,-1593,0.0720125186334692
Richards Developmental,-3040,-656,0.08519535896470358
Richards Developmental,-1557,-3839,0.0046053582293395096
Richards Developmental,-3205,-934,0.08672148538872076
Richards Developmental,-2686,-3114,0.0786337816056073
Richards Developmental,-2826,-907,0.07478774173410796
Richards Developmental,-1494,-2877,0.03489478258708932
Richards Developmental,-3060,-2644,0.07960137882675652
Richards Developmental,-1009,-3037,0.013128792329094419
Richards Developmental,-1430,-1852,0.042994221114598344
Richards Developmental,-1425,-1293,0.05126508828511557
Richards Developmental,-511,-1830,0.03584152536695438
Richards Developmental,-932,-645,0.06210058302020534
Richards Developmental,-1748,-1228,0.07634650131674942
Richards Developmental,-2561,-1437,0.08205205105711874
Richards Developmental,-3483,-1770,0.07046960937423312
Richards Developmental,-1649,-2161,0.0224405510378744
Richards Developmental,-2770,-690,0.08374815658702271
Richards Developmental,-555,-867,0.050748531312777595
Richards Developmental,-2932,-657,0.08853744578049952
Richards Developmental,-937,-1205,0.08432743476063743
Richards Developmental,-3641,-1302,0.07596769556088151
Richards Developmental,-1473,-702,0.09471292170293671
Richards Developmental,-1269,-1947,0.04860304439340844
Richards Developmental,-2078,-1784,0.0663905587577949
Richards Developmental,-2448,-941,0.0683332831329072
Richards Developmental,-1152,-1078,0.0846979487977868
Richards Developmental,-2613,-1157,0.0937849095566922
Richards Developmental,-2236,-1316,0.08438865119072755
Richards Developmental,-2933,-719,0.09233960552453363
Richards Developmental,-737,-2822,-1.0363938655687244e-4
Richards Developmental,-1042,-893,0.08283880567483504
Richards Developmental,-510,-1706,0.061743203565320065
Richards Developmental,-3110,-2302,0.07091960694602549
Richards Developmental,-1318,-1418,0.08561728351045311
Richards Developmental,-3061,-2768,0.07714128458366543
Richards Developmental,-3689,-712,0.07281368979522891
Richards Developmental,-1586,-1260,0.08765602894814895
Richards Developmental,-1260,-1015,0.06813729385027187
Richards Developmental,-2181,-1224,0.07411374456173406
Richards Developmental,-3317,-1368,0.07211221942274235
Richards Developmental,-1123,-3595,0.0030097050692139
Richards Developmental,-630,-2947,0.018977895232276665
Richards Developmental,-734,-2511,0.017153443795606904
Richards Developmental,-2421,-3707,0.04038685630856789
Richards Developmental,-2451,-1190,0.0748607299757122
Richards Developmental,-2360,-2931,0.07080236921892198
Richards Developmental,-1912,-1381,0.05513130412128378
Richards Developmental,-3438,-2609,0.02681456215602633
Richards Developmental,-627,-2637,0.037727370338476965
Richards Developmental,-3313,-933,0.08463650781678392
Richards Developmental,-1110,-2290,0.019962503088088127
Richards Developmental,-1231,-3594,-0.00295083673562032
Richards Developmental,-2717,-783,0.09824605968711975
Richards Developmental,-2501,-848,0.06584248034988076
Richards Developmental,-3797,-649,0.05877156582174756
Richards Developmental,-3161,-1960,0.06758683684717393
Richards Developmental,-2128,-1379,0.05883300017929849
Richards Developmental,-2019,-1256,0.05266183201427278
Richards Developmental,-2842,-2522,0.040091409896849894
Richards Developmental,-737,-2884,0.011353937951254195
Richards Developmental,-2942,-1651,0.07415661474618898
Richards Developmental,-510,-1768,0.041253871181024276
Richards Developmental,-1698,-1570,0.08180103572073122
Richards Developmental,-3543,-2298,0.05997707841680218
Richards Developmental,-3526,-620,0.07169907763829395
Richards Developmental,-1164,-2321,0.016533044866323614
Richards Developmental,-2934,-905,0.0791977776324007
Richards Developmental,-1271,-2196,0.0307791476460531
Richards Developmental,-2143,-2933,0.026101338512173736
Richards Developmental,-2363,-3241,0.02530780830643567
Richards Developmental,-2454,-1563,0.07443415329954114
Richards Developmental,-771,-802,0.049491009056505414
Richards Developmental,-3430,-1864,0.07498461829039586
Richards Developmental,-2198,-2963,0.02836235907666816
Richards Developmental,-1049,-1638,0.037594785694076066
Richards Developmental,-3264,-1399,0.06701423641467207
Richards Developmental,-1054,-2073,0.02019562509483258
Richards Developmental,-1720,-3869,0.025049921991677007
Richards Developmental,-2996,-1682,0.0825123882234787
Richards Developmental,-1498,-3312,0.02688568613751672
Richards Developmental,-2559,-1251,0.07559358707040303
Richards Developmental,-1172,-3129,0.008091893964595032
Richards Developmental,-2681,-2679,0.07937642433437887
Richards Developmental,-3066,-3328,0.060315986590639525
Richards Developmental,-1554,-3467,0.022148049429993828
Richards Developmental,-505,-1271,0.07963047042783063
Richards Developmental,-3157,-1587,0.06990206520220071
Richards Developmental,-1265,-1574,0.0678465665533114
Richards Developmental,-1865,-2097,0.05957912127336894
Richards Developmental,-2363,-3303,0.03705414896250141
Richards Developmental,-3151,-903,0.0719465910529269
Richards Developmental,-1061,-2819,0.00982809024011598
Richards Developmental,-3388,-3076,0.052133602587210545
Richards Developmental,-3377,-1958,0.05147552521300196
Richards Developmental,-3637,-868,0.06671078698303035
Richards Developmental,-3758,-2171,0.05377788125520831
Richards Developmental,-1441,-2971,0.023815228286631684
Richards Developmental,-3749,-1301,0.09472689253673501
Richards Developmental,-1979,-2717,0.07159730041586758
Richards Developmental,-3905,-647,0.06786407487589294
Richards Developmental,-3201,-561,0.08958090154269895
Richards Developmental,-1320,-1667,0.06627506079092774
Richards Developmental,-1935,-3743,0.023427468212283004
Richards Developmental,-1879,-3588,0.042125535658503216
Richards Developmental,-940,-1515,0.05971318366041811
Richards Developmental,-896,-2541,0.02082032070629035
Richards Developmental,-2184,-1596,0.0724010428339889
Richards Developmental,-4016,-957,0.05370327010801684
Richards Developmental,-2447,-817,0.0995969936315278
Richards Developmental,-1223,-2786,0.026054778959303637
Richards Developmental,-575,-2855,0.013533647255718956
Richards Developmental,-1386,-2878,0.025333737733611833
Richards Developmental,-1554,-3529,0.015330227252969314
Richards Developmental,-3490,-2391,0.08556114121790871
Richards Developmental,-2633,-3208,0.06226129865887538
Richards Developmental,-2123,-882,0.05243302521378648
Richards Developmental,-1656,-2844,0.0535105965435954
Richards Developmental,-3209,-1369,0.07854196200954529
Richards Developmental,-2239,-1689,0.06597816416177459
Richards Developmental,-1224,-2911,0.019821311140850145
Richards Developmental,-3274,-2456,0.08338253450264276
Richards Developmental,-2416,-3210,0.058404187176267885
Richards Developmental,-1655,-2782,0.05509510455377531
Richards Developmental,-1418,-672,0.09287208126573922
Richards Developmental,-2841,-2460,0.05638162295377962
Richards Developmental,-2285,-850,0.07494974395511896
Richards Developmental,-829,-1206,0.07902921406923356
Richards Developmental,-1811,-2128,0.04915868742719241
Richards Developmental,-1971,-1909,0.08396750408416954
Richards Developmental,-3601,-2701,0.022283823334996664
Richards Developmental,-2403,-1843,0.10071313513835212
Richards Developmental,-2560,-1313,0.07940252416173232
Richards Developmental,-1978,-2655,0.06981219009031142
Richards Developmental,-2355,-2496,0.08823274838083779
Richards Developmental,-4177,-800,0.027041499674054836
Richards Developmental,-2229,-633,0.09058929403176968
Richards Developmental,-612,-1083,0.032455524443219766
Richards Developmental,-3702,-2016,0.0714591501632803
Richards Developmental,-1440,-2846,0.03386062640694358
Richards Developmental,-3541,-2111,0.06278506218415085
Richards Developmental,-1771,-3527,0.03585973465540833
Richards Developmental,-3528,-744,0.09166770136842883
Richards Developmental,-1008,-2975,0.014250567352988477
Richards Developmental,-2617,-1592,0.07438304953829235
Richards Developmental,-3122,-3545,0.036169253381967456
Richards Developmental,-3054,-2085,0.08286451228164157
Richards Developmental,-1168,-2756,0.014888766463308584
Richards Developmental,-2175,-664,0.06236885888754311
Richards Developmental,-4285,-799,0.10158628439804615
Richards Developmental,-3962,-989,0.030599346410140255
Richards Developmental,-2185,-1658,0.06922027823783783
Richards Developmental,-3749,-1239,0.06326083623647694
Richards Developmental,-3748,-1177,0.04983628217655327
Richards Developmental,-2744,-3517,0.031432355839420514
Richards Developmental,-2906,-3485,0.03787996646686152
Richards Developmental,-2349,-1874,0.09121411201781668
Richards Developmental,-842,-2573,0.00550051820063073
Richards Developmental,-2989,-936,0.06931358157794638
Richards Developmental,-2877,-564,0.08096252808300207
Richards Developmental,-3096,-873,0.06960569743038501
Richards Developmental,-1661,-3341,0.012196862885503437
Richards Developmental,-2733,-2461,0.08835929219980476
Richards Developmental,-1980,-2841,0.0721530407098478
Richards Developmental,-2825,-782,0.09727633959091819
Richards Developmental,-508,-1582,0.07926189544977068
Richards Developmental,-1641,-1353,0.08854886998157423
Richards Developmental,-986,-676,0.0784852218257362
Richards Developmental,-1053,-2011,0.006384506253251758
Richards Developmental,-1330,-2661,0.026325700775910107
Richards Developmental,-1154,-1265,0.07475030065203653
Richards Developmental,-1980,-2779,0.09121888459514473
Richards Developmental,-2468,-2992,0.08773058529225598
Richards Developmental,-2834,-1652,0.09202093101508846
Richards Developmental,-3372,-1460,0.08276408812309692
Richards Developmental,-943,-1764,0.04561091132403071
Richards Developmental,-1876,-3215,0.06377053170273984
Richards Developmental,-2419,-3458,0.04265313936443195
Richards Developmental,-2567,-2059,0.08353852588259565
Richards Developmental,-3961,-864,0.06044370104148385
Richards Developmental,-780,-1672,0.05984875834007246
Richards Developmental,-2460,-2122,0.07154253899216068
Richards Developmental,-2884,-1310,0.06184390220496663
Richards Developmental,-1609,-3559,0.0057663245081505665
Richards Developmental,-3529,-931,0.05915377426074926
Richards Developmental,-3436,-2485,0.09006852247678142
Richards Developmental,-3494,-2826,0.023786404376024917
Richards Developmental,-1861,-1724,0.06557885690064175
Richards Developmental,-1688,-576,0.056594083376046
Richards Developmental,-1644,-1602,0.0836015790393767
Richards Developmental,-1917,-1941,0.06204607388580913
Richards Developmental,-1804,-1445,0.08286748650338432
Richards Developmental,-2525,-3271,0.04853683151820415
Richards Developmental,-2529,-3644,0.038027544933070895
Richards Developmental,-841,-2386,0.02641167400570507
Richards Developmental,-903,-3224,0.016625462160295867
Richards Developmental,-2573,-2618,0.07488624022935293
Richards Developmental,-1867,-2345,0.04220478663636695
Richards Developmental,-770,-678,0.06682589119557376
Richards Developmental,-3042,-842,0.07133567605707779
Richards Developmental,-720,-1145,0.08004037119978766
Richards Developmental,-1712,-3061,0.04011236169081096
Richards Developmental,-3595,-2142,0.0716974800166545
Richards Developmental,-1388,-3064,0.023072269593832198
Richards Developmental,-4016,-895,0.0715262824845344
Richards Developmental,-1694,-1197,0.07657464866701802
Richards Developmental,-2284,-725,0.05834700423048153
Richards Developmental,-2524,-3146,0.0871585312523426
Richards Developmental,-2737,-2834,0.04238023508545097
Richards Developmental,-2615,-1406,0.08291738522836871
Richards Developmental,-1691,-949,0.038415423659348066
Richards Developmental,-3604,-3074,0.0282277442574526
Richards Developmental,-3207,-1182,0.0619693838973952
Richards Developmental,-3425,-1305,0.06954535249002046
Richards Developmental,-670,-1487,0.0772239175398386
Richards Developmental,-3110,-2240,0.059943004378752635
Richards Developmental,-1548,-2907,0.025720149450961863
Richards Developmental,-1044,-1079,0.06538528148482659
Richards Developmental,-2744,-3579,0.026996850764638536
Richards Developmental,-1928,-3059,0.052947663626059446
Richards Developmental,-1865,-2159,0.05952099631005421
Richards Developmental,-2459,-2060,0.08739111579822169
Richards Developmental,-2529,-3706,0.025841729555280774
Richards Developmental,-1158,-1700,0.0361189669104756
Richards Developmental,-1427,-1542,0.08413589059890769
Richards Developmental,-2463,-2432,0.055288157270473384
Richards Developmental,-1539,-1975,0.04317848949781121
Richards Developmental,-2186,-1721,0.0792170642683981
Richards Developmental,-619,-1829,0.04754937571278586
Richards Developmental,-1756,-2035,0.016443740135027862
Richards Developmental,-3593,-1893,0.05856009722963931
Richards Developmental,-2670,-1498,0.0759216041530788
Richards Developmental,-1376,-1884,0.022806040990176454
Richards Developmental,-2092,-3213,0.038014547384490255
Richards Developmental,-3540,-2049,0.07042555319505123
Richards Developmental,-1365,-765,0.11200835919708345
Richards Developmental,-632,-3134,0.013080094571734577
Richards Developmental,-2945,-1962,0.08680490905189209
Richards Developmental,-2663,-753,0.08054143004042467
Richards Developmental,-3328,-2424,0.0868307908585758
Richards Developmental,-2519,-2649,0.043761332713081344
Richards Developmental,-957,-3255,0.027848979453582737
Richards Developmental,-2022,-1629,0.0759413898870763
Richards Developmental,-1423,-1107,0.08023754798825916
Richards Developmental,-3658,-3042,0.029098333087959685
Richards Developmental,-3221,-2611,0.04884874310775074
Richards Developmental,-1012,-3348,0.032129287190515846
Richards Developmental,-1048,-1452,0.08560136763641601
Richards Developmental,-2149,-3492,0.026603152290981952
Richards Developmental,-2300,-2403,0.073636300115129
Richards Developmental,-849,-3256,0.02166522209890763
Richards Developmental,-627,-2699,0.020241918910804263
Richards Developmental,-840,-2324,0.027064167899218852
Richards Developmental,-4231,-831,0.07793060865247745
Richards Developmental,-2843,-2584,0.07687319628922637
Richards Developmental,-3067,-3390,0.05551322647812974
Richards Developmental,-1422,-1045,0.07605758739284213
Richards Developmental,-1652,-2409,0.05809133061105867
Richards Developmental,-2137,-2311,0.07836509654341253
Richards Developmental,-1153,-1140,0.07822639642067214
Richards Developmental,-2623,-2276,0.07784668957994312
Richards Developmental,-2146,-3243,0.024713762705452308
Richards Developmental,-559,-1239,0.06759072646617491
Richards Developmental,-500,-712,0.05006836235333635
Richards Developmental,-3256,-592,0.0726781323110427
Richards Developmental,-2740,-3144,0.09599428927293516
Richards Developmental,-1608,-3435,0.013069261723453247
Richards Developmental,-1015,-3658,0.030336554089564913
Richards Developmental,-1820,-3060,0.05332055291989099
Richards Developmental,-3811,-2140,0.03028283567977704
Richards Developmental,-1388,-3126,0.005031309268657941
Richards Developmental,-2289,-1285,0.0835291935602959
Richards Developmental,-2672,-1685,0.06987947608215003
Richards Developmental,-3051,-1774,0.08556161182964073
Richards Developmental,-1231,-3656,0.008322121849789692
Richards Developmental,-1319,-1543,0.09121699893963742
Richards Developmental,-2042,-3617,0.063449243332064
Richards Developmental,-1718,-3620,0.03313201149707308
Richards Developmental,-886,-1485,0.05748812909008334
Richards Developmental,-2506,-1345,0.08539965531641702
Richards Developmental,-853,-3691,0.050545353472294954
Richards Developmental,-3959,-616,0.05825506209223394
Richards Developmental,-963,-3814,0.04544436060046904
Richards Developmental,-992,-1297,0.08109520152702324
Richards Developmental,-1149,-768,0.08326487851380313
Richards Developmental,-935,-956,0.07160519831223003
Richards Developmental,-1600,-2689,0.04340811226954107
Richards Developmental,-1115,-2787,0.011797713370784654
Richards Developmental,-785,-2231,0.034659003057513904
Richards Developmental,-2137,-2249,0.0803243579588633
Richards Developmental,-988,-862,0.09582059690418201
Richards Developmental,-2947,-2148,0.07297393401956326
Richards Developmental,-1313,-921,0.06330107751416655
Richards Developmental,-1000,-2105,0.010566001072438297
Richards Developmental,-1478,-1199,0.05912845260020558
Richards Developmental,-1039,-582,0.07195058635876857
Richards Developmental,-1043,-1017,0.06010810220870963
Richards Developmental,-3804,-1332,0.05760110779180601
Richards Developmental,-2257,-3553,0.01717686077166604
Richards Developmental,-3316,-1244,0.04438937208256066
Richards Developmental,-3441,-2920,0.042971451351159026
Richards Developmental,-1274,-2506,0.011051599919585445
Richards Developmental,-2570,-2307,0.07283497979590102
Richards Developmental,-1226,-3159,0.012014480831329735
Richards Developmental,-2575,-2866,0.07061482411668162
Richards Developmental,-2508,-1531,0.08106536732354296
Richards Developmental,-2738,-2958,0.04960454504695956
Richards Developmental,-883,-1174,0.07029932293958478
Richards Developmental,-3750,-1426,0.06412298722052333
Richards Developmental,-1916,-1816,0.0550934047464824
Richards Developmental,-3644,-1613,0.05928575350524881
Richards Developmental,-3606,-3260,0.01961386511455218
Richards Developmental,-1175,-3377,0.015373814046582543
Richards Developmental,-2823,-596,0.10705027301602096
Richards Developmental,-2991,-1185,0.06561005890687001
Richards Developmental,-3495,-2951,0.03707538341383472
Richards Developmental,-2791,-2864,0.0608568516682922
Richards Developmental,-1016,-3720,0.030187644102924807
Richards Developmental,-1530,-981,0.072956394021141
Richards Developmental,-2241,-1813,0.06877513000783274
Richards Developmental,-1111,-2415,0.005012551411168742
Richards Developmental,-1391,-3437,0.009549802132882028
Richards Developmental,-2297,-2092,0.08245426751839259
Richards Developmental,-3376,-1833,0.061819451188328184
Richards Developmental,-619,-1891,0.032850060475947684
Richards Developmental,-2347,-1688,0.07138007450562571
Richards Developmental,-2788,-2491,0.08337270680828708
Richards Developmental,-613,-1270,0.06082179826466133
Richards Developmental,-3698,-1644,0.05887909168775746
Richards Developmental,-1821,-3184,0.06020580252860769
Richards Developmental,-3688,-587,0.08698543486706078
Richards Developmental,-2401,-1656,0.07507497509658702
Richards Developmental,-2041,-3493,0.04226377665452759
Richards Developmental,-3104,-1681,0.07533616589105982
Richards Developmental,-2791,-2802,0.06428128576344172
Richards Developmental,-746,-3754,0.03973751467296263
Richards Developmental,-607,-586,0.03175437128423175
Richards Developmental,-1914,-1630,0.06501819739786259
Richards Developmental,-1882,-3836,0.04158294354648999
Richards Developmental,-1534,-1416,0.09900916807956359
Richards Developmental,-3538,-1801,0.0739013844322834
Richards Developmental,-618,-1767,0.0707592601647951
Richards Developmental,-2094,-3399,0.062407071760466226
Richards Developmental,-683,-2854,0.01622419251666385
Richards Developmental,-2452,-1314,0.08301589088562081
Richards Developmental,-2300,-2341,0.06510672211457817
Richards Developmental,-1063,-3068,0.008477032933880232
Richards Developmental,-722,-1331,0.04844696153443867
Richards Developmental,-3263,-1337,0.08111459203863772
Richards Developmental,-1986,-3462,0.06734939307149415
Richards Developmental,-3647,-1862,0.06733140551757207
Richards Developmental,-2074,-1349,0.07761502031109045
Richards Developmental,-1869,-2531,0.01865769513885998
Richards Developmental,-960,-3566,0.053795554902882806
Richards Developmental,-776,-1362,0.03817486769622852
Richards Developmental,-2206,-3771,0.023897740799136327
Richards Developmental,-2683,-2865,0.048037795720562576
Richards Developmental,-507,-1457,0.03944269584463335
Richards Developmental,-2248,-2621,0.0836391866539467
Richards Developmental,-1664,-3714,0.04289969644293416
Richards Developmental,-3175,-3389,0.053789313676879724
Richards Developmental,-616,-1581,0.06376954910825203
Richards Developmental,-3547,-2733,0.012165348465385695
Richards Developmental,-3821,-3072,0.04951586596358645
Richards Developmental,-1172,-3066,0.01661009459418844
Richards Developmental,-2411,-2713,0.06812159853125323
Richards Developmental,-2240,-1751,0.07881133231622826
Richards Developmental,-3276,-2642,0.05761416617784054
Richards Developmental,-1817,-2687,0.027490508351212736
Richards Developmental,-1826,-3681,0.044629701688784426
Richards Developmental,-3743,-680,0.0650581025340283
Richards Developmental,-3753,-1736,0.05122897690878922
Richards Developmental,-3284,-3450,0.023416883969026414
Richards Developmental,-2303,-2714,0.085306881028825
Richards Developmental,-2032,-2623,0.07695729331422069
Richards Developmental,-1002,-2291,0.024578209167515574
Richards Developmental,-3220,-2487,0.07472684061762888
Richards Developmental,-1124,-3719,0.00286670913567727
Richards Developmental,-2361,-3117,0.044719709592415044
Richards Developmental,-2121,-634,0.08494431372920874
Richards Developmental,-2561,-1375,0.08712347742321735
Richards Developmental,-2716,-721,0.09094627694954784
Richards Developmental,-1264,-1512,0.09071296934656818
Richards Developmental,-1717,-3558,0.025997858737049725
Richards Developmental,-1112,-2539,0.011398086660007974
Richards Developmental,-3101,-1370,0.08921256122683155
Richards Developmental,-1851,-668,0.08389089112124364
Richards Developmental,-3657,-2980,0.02455418785708774
Richards Developmental,-1599,-2503,0.046393035090296436
Richards Developmental,-3154,-1276,0.06626297876619269
Richards Developmental,-2727,-1777,0.08438511806678502
Richards Developmental,-1435,-2411,0.01577815099590247
Richards Developmental,-1207,-1171,0.0715014695756616
Richards Developmental,-1048,-1514,0.0565823198586671
Richards Developmental,-3757,-2109,0.03197190002951315
Richards Developmental,-745,-3692,0.015196558958677095
Richards Developmental,-3366,-777,0.08645130643342043
Richards Developmental,-989,-987,0.053599661841932406
Richards Developmental,-1976,-2406,0.05010483848412031
Richards Developmental,-1664,-3652,0.03429286929769225
Richards Developmental,-1708,-2688,0.039753968040950424
Richards Developmental,-3637,-930,0.07864180547638351
Richards Developmental,-3653,-2545,0.05729232259723495
Richards Developmental,-3696,-1395,0.07337332678901445
Richards Developmental,-2631,-3083,0.08614406851955785
Richards Developmental,-1379,-2132,0.020768025457798614
Richards Developmental,-3425,-1367,0.04005224113249159
Richards Developmental,-1611,-3808,0.028826682740544438
Richards Developmental,-3006,-2676,0.08215596222237556
Richards Developmental,-2141,-2746,0.08269671727097418
Richards Developmental,-626,-2513,0.020378250775406406
Richards Developmental,-1690,-762,0.09049974291770008
Richards Developmental,-3478,-1211,0.08101735350080128
Richards Developmental,-2139,-2498,0.07680456225751389
Richards Developmental,-1169,-2818,0.01117681740840272
Richards Developmental,-3754,-1798,0.05180797940762186
Richards Developmental,-3327,-2362,0.0966908050231508
Richards Developmental,-1438,-2722,0.037591850806519
Richards Developmental,-2947,-2210,0.08019336644273507
Richards Developmental,-1612,-3870,0.010638477357115012
Richards Developmental,-2097,-3710,0.04535268299814679
Richards Developmental,-1209,-1357,0.09594036388119682
Richards Developmental,-2125,-1069,0.06828914294463807
Richards Developmental,-3116,-2923,0.08999541600865463
Richards Developmental,-1216,-2103,0.026364788664196163
Richards Developmental,-3331,-2735,0.028977212038384548
Richards Developmental,-717,-772,0.05859962467562706
Richards Developmental,-1549,-2970,0.04065117113672535
Richards Developmental,-2572,-2494,0.07167521518601953
Richards Developmental,-2122,-758,0.0777595541655925
Richards Developmental,-847,-3070,0.0232146224353883
Richards Developmental,-2073,-1287,0.07549395421413815
Richards Developmental,-959,-3441,0.03467676082665867
Richards Developmental,-1283,-3376,0.025067863802247473
Richards Developmental,-3050,-1650,0.07654815141513786
Richards Developmental,-3278,-2891,0.01236281278851288
Richards Developmental,-1974,-2220,0.04989832610744663
Richards Developmental,-3120,-3296,0.0356439348399018
Richards Developmental,-3151,-966,0.05567424259036351
Richards Developmental,-3056,-2271,0.06562314847919659
Richards Developmental,-2993,-1371,0.0830499243134663
Richards Developmental,-1334,-3096,0.020599879029347956
Richards Developmental,-2418,-3334,0.047322935297279906
Richards Developmental,-1478,-1261,0.08170436351878753
Richards Developmental,-777,-1424,0.04979782759487457
Richards Developmental,-2798,-3548,0.03114941006967846
Richards Developmental,-668,-1363,0.03659224258808243
Richards Developmental,-3326,-2300,0.0736558425584229
Richards Developmental,-2470,-3178,0.1039691881244928
Richards Developmental,-2778,-1497,0.08197357462208095
Richards Developmental,-2739,-3020,0.07939424502357856
Richards Developmental,-3259,-902,0.07116586230227985
Richards Developmental,-2687,-3300,0.06600588695600965
Richards Developmental,-1988,-3587,0.055358574733718566
Richards Developmental,-1638,-1042,0.06835499740027647
Richards Developmental,-789,-2604,0.006153603438161057
Richards Developmental,-834,-1765,0.03827230474607683
Richards Developmental,-2904,-3298,0.06646099619869204
Richards Developmental,-2514,-2152,0.0894856006522654
Richards Developmental,-3432,-1988,0.08297791161616119
Richards Developmental,-1481,-1572,0.09953474016350912
Richards Developmental,-1659,-3155,0.03658160684615079
Richards Developmental,-961,-3628,0.04104649764615341
Richards Developmental,-823,-584,0.036009526110741555
Richards Developmental,-2682,-2741,0.048009060306944726
Richards Developmental,-3391,-3324,0.01673926952413153
Richards Developmental,-3003,-2365,0.10067732996322407
Richards Developmental,-1597,-2317,0.03184577566789028
Richards Developmental,-1590,-1633,0.06443463867985794
Richards Developmental,-1472,-640,0.0812493547635847
Richards Developmental,-1745,-855,0.0938512798530318
Richards Developmental,-1004,-2540,0.017484588118204407
Richards Developmental,-3148,-655,0.0968257309703254
Richards Developmental,-2080,-1970,0.06877575497693109
Richards Developmental,-1270,-2071,0.010725204985216251
Richards Developmental,-1853,-854,0.08250107699898657
Richards Developmental,-1603,-3000,0.023451014284453203
Richards Developmental,-2151,-3740,0.019035673484660606
Richards Developmental,-3713,-3135,0.05247309915430591
Richards Developmental,-2718,-908,0.08543052456497131
Richards Developmental,-1101,-1420,0.09478383079407256
Richards Developmental,-3603,-2950,0.03589384165794347
Richards Developmental,-1429,-1728,0.05963069188571442
Richards Developmental,-2355,-2434,0.07604718555390204
Richards Developmental,-3433,-2112,0.07312483107367414
Richards Developmental,-2512,-1966,0.07833987433543976
Richards Developmental,-2886,-1434,0.07436229110462421
Richards Developmental,-3162,-2022,0.07621138173149906
Richards Developmental,-1165,-2445,0.0029052870383772175
Richards Developmental,-894,-2355,0.03207754660259654
Richards Developmental,-1046,-1328,0.07542782929688606
Richards Developmental,-2527,-3457,0.07563411778860915
Richards Developmental,-2722,-1343,0.08041127286135648
Richards Developmental,-2840,-2273,0.061034482047600175
Richards Developmental,-3705,-2327,0.06749947118255267
Richards Developmental,-1541,-2162,0.03690920631391516
Richards Developmental,-3113,-2613,0.06408966611034501
Richards Developmental,-509,-1644,0.05806118229511703
Richards Developmental,-718,-896,0.05397594729102481
Richards Developmental,-941,-1640,0.06623664361072752
Richards Developmental,-1608,-3497,0.014628445372439826
Richards Developmental,-2469,-3054,0.09438055964924597
Richards Developmental,-1372,-1449,0.08991051128721816
Richards Developmental,-1654,-2658,0.06811914686334128
Richards Developmental,-3169,-2829,0.0664063860116508
Richards Developmental,-3119,-3172,0.030750706470040856
Richards Developmental,-2633,-3270,0.05702920314503253
Richards Developmental,-2788,-2554,0.07669498892841438
Richards Developmental,-3329,-2610,0.05128919175908951
Richards Developmental,-2769,-565,0.09934660712384896
Richards Developmental,-2126,-1131,0.07531763882601823
Richards Developmental,-2132,-1814,0.07676100829701468
Richards Developmental,-3755,-1923,0.04602684618508382
Richards Developmental,-3474,-776,0.10121977781596081
Richards Developmental,-2581,-3426,0.06362141752145405
Richards Developmental,-1112,-2477,0.010052514265612246
Richards Developmental,-3640,-1178,0.0652967966973015
Richards Developmental,-2838,-2149,0.09222884499513302
Richards Developmental,-3650,-2172,0.07419819188768342
Richards Developmental,-1911,-1319,0.07926589269094955
Richards Developmental,-1115,-2850,0.026676830040093052
Richards Developmental,-3434,-2237,0.06565273905647477
Richards Developmental,-2289,-1222,0.08562807730173515
Richards Developmental,-1751,-1538,0.08734359498067099
Richards Developmental,-795,-3225,0.033664802443858666
Richards Developmental,-1370,-1263,0.1000458996552483
Richards Developmental,-2181,-1286,0.07621830796404572
Richards Developmental,-1384,-2692,0.03527881479876126
Richards Developmental,-1364,-641,0.09138729684378075
Richards Developmental,-2028,-2188,0.06183262372540979
Richards Developmental,-1098,-1110,0.08455438551661837
Richards Developmental,-1393,-3561,0.020339663662719512
Richards Developmental,-1108,-2104,0.017161701729146488
Richards Developmental,-2731,-2212,0.10830957564991517
Richards Developmental,-1595,-2130,0.045421269941901724
Richards Developmental,-3493,-2764,0.03553869922167885
Richards Developmental,-623,-2264,0.021960595197373728
Richards Developmental,-3600,-2639,0.05012137781836172
Richards Developmental,-2609,-847,0.09716389805047347
Richards Developmental,-3820,-3010,0.024442726468194773
Richards Developmental,-1437,-2536,0.03972579468983646
Richards Developmental,-2093,-3275,0.03174287122109405
Richards Developmental,-3589,-1458,0.09674560730040052
Richards Developmental,-1159,-1824,0.03487032842586478
Richards Developmental,-1635,-670,0.07327771882863465
Richards Developmental,-3706,-2451,0.04361145449527597
Richards Developmental,-2247,-2435,0.06285617212159517
Richards Developmental,-3370,-1212,0.06532103671533925
Richards Developmental,-1148,-705,0.08312511481100253
Richards Developmental,-1969,-1661,0.06418607483922979
Richards Developmental,-772,-927,0.05642841669744496
Richards Developmental,-3219,-2363,0.0799837793629164
Richards Developmental,-2418,-3396,0.05506848856789465
Richards Developmental,-2513,-2028,0.09020658227986672
Richards Developmental,-1220,-2476,0.011046907927762417
Richards Developmental,-2350,-1999,0.08076556216037552
Richards Developmental,-2689,-3424,0.04234772748955434
Richards Developmental,-3645,-1675,0.061467878170243725
Richards Developmental,-1118,-3160,0.0076614076842959344
Richards Developmental,-1809,-1880,0.0647074016512793
Richards Developmental,-998,-1856,0.03196325019800973
Richards Developmental,-2680,-2555,0.08390863490790632
Richards Developmental,-1531,-1106,0.07814260740618265
Richards Developmental,-2555,-754,0.08274372657704446
Richards Developmental,-1229,-3408,0.007210523059489327
Richards Developmental,-2739,-3082,0.08756329411360311
Richards Developmental,-1655,-2720,0.06187131972104458
Richards Developmental,-2249,-2683,0.06850495594186777
Richards Developmental,-2948,-2272,0.07800574746842587
Richards Developmental,-1913,-1506,0.06252735840615772
Richards Developmental,-1765,-2967,0.060090086051178965
Richards Developmental,-1488,-2256,0.021931380649376178
Richards Developmental,-2034,-2809,0.09281653971764298
Richards Developmental,-1425,-1355,0.07997432110931622
Richards Developmental,-2783,-1994,0.08903454967470675
Richards Developmental,-2771,-814,0.0972943226268167
Richards Developmental,-2687,-3238,0.06339834101329188
Richards Developmental,-2451,-1252,0.08442129396717553
Richards Developmental,-1528,-857,0.08829432331136515
Richards Developmental,-3217,-2114,0.07995661550741835
Richards Developmental,-2080,-2032,0.06727202039593377
Richards Developmental,-3316,-1181,0.0893891385403008
Richards Developmental,-895,-2417,0.026420008621725055
Richards Developmental,-502,-898,0.04433708557969111
Richards Developmental,-2235,-1254,0.07435191427581571
Richards Developmental,-1118,-3098,0.0033419248796488915
Richards Developmental,-2568,-2183,0.08106706816871323
Richards Developmental,-2446,-755,0.0914923860576834
Richards Developmental,-931,-583,0.03931972145154028
Richards Developmental,-3223,-2736,0.02643262852443569
Richards Developmental,-3852,-741,0.07878868990589541
Richards Developmental,-3326,-2238,0.07309349856573567
Richards Developmental,-995,-1546,0.06043568418898919
Richards Developmental,-2456,-1687,0.08155454306100733
Richards Developmental,-624,-2388,0.014130399247591241
Richards Developmental,-3703,-2141,0.06926253164924404
Richards Developmental,-2042,-3679,0.03402110766896728
Richards Developmental,-832,-1516,0.06508217658174704
Richards Developmental,-1914,-1568,0.015695058990701546
Richards Developmental,-850,-3380,0.04528441242917862
Richards Developmental,-1650,-2223,0.029343026984663956
Richards Developmental,-1863,-1910,0.0703022471235285
Richards Developmental,-3046,-1215,0.07223478163592048
Richards Developmental,-848,-3132,0.015325145711750726
Richards Developmental,-3421,-870,0.09503679794124356
Richards Developmental,-1933,-3556,0.06383474715596496
Richards Developmental,-908,-3721,0.03768476736654143
Richards Developmental,-3602,-2887,0.023904248398385813
Richards Developmental,-2901,-3050,0.06547607794645023
Richards Developmental,-1855,-1040,0.06998341709546939
Richards Developmental,-743,-3506,0.04750640038294361
Richards Developmental,-2068,-728,0.08192873789541202
Richards Developmental,-1921,-2313,0.035790429160180506
Richards Developmental,-3273,-2331,0.08116032824927798
Richards Developmental,-1906,-760,0.05960695572875549
Richards Developmental,-2457,-1811,0.08284509086244878
Richards Developmental,-2777,-1435,0.07843198759656707
Richards Developmental,-4013,-646,0.07013968958947246
Richards Developmental,-2242,-1938,0.06882779356105707
Richards Developmental,-2035,-2872,0.08090683932365617
Richards Developmental,-2846,-2957,0.08841547398686048
Richards Developmental,-3223,-2798,0.0298677275004635
Richards Developmental,-3550,-3043,0.047888778169604004
Richards Developmental,-1051,-1825,0.027602485007431704
Richards Developmental,-891,-2044,0.03036810868742805
Richards Developmental,-3282,-3325,0.05538683715906166
Richards Developmental,-1165,-2383,0.011302915918397612
Richards Developmental,-3067,-3452,0.061098656741520804
Richards Developmental,-3695,-1271,0.0689004024591296
Richards Developmental,-1983,-3152,0.05229812080415286
Richards Developmental,-1211,-1606,0.05739843780664712
Richards Developmental,-1859,-1537,0.07731545308541841
Richards Developmental,-1042,-831,0.0747891253489645
Richards Developmental,-3371,-1274,0.07481885431457293
Richards Developmental,-2291,-1409,0.0839850660660409
Richards Developmental,-995,-1608,0.03922864973280765
Richards Developmental,-1877,-3339,0.05350250493376836
Richards Developmental,-3805,-1518,0.05973420789532767
Richards Developmental,-1060,-2695,0.011140386928903324
Richards Developmental,-1371,-1387,0.08480808914027801
Richards Developmental,-1214,-1916,0.02821767045215766
Richards Developmental,-3761,-2544,0.054975753874889455
Richards Developmental,-3052,-1899,0.07295879937083005
Richards Developmental,-3432,-2050,0.07107635359927338
Richards Developmental,-2895,-2366,0.06155784132140611
Richards Developmental,-1961,-853,0.07777424237155695
Richards Developmental,-2931,-595,0.09642534682030729
Richards Developmental,-2796,-3299,0.05388022581767887
Richards Developmental,-3581,-651,0.09357157219328716
Richards Developmental,-3153,-1152,0.0795976113358314
Richards Developmental,-4069,-801,0.04486530284610814
Richards Developmental,-1214,-1854,0.03973842568454117
Richards Developmental,-2526,-3333,0.07868715126854581
Richards Developmental,-940,-1453,0.06405783514246882
Richards Developmental,-2837,-1963,0.09797463508449056
Richards Developmental,-1040,-644,0.08950528376351517
Richards Developmental,-3003,-2427,0.0918825679052747
Richards Developmental,-3364,-653,0.09153972478692378
Richards Developmental,-880,-863,0.07104405458141078
Richards Developmental,-1057,-2384,0.023900738429020775
Richards Developmental,-2523,-3084,0.092574388792526
Richards Developmental,-1445,-3406,0.018605229349084138
Richards Developmental,-1910,-1133,0.07105613596985406
Richards Developmental,-2259,-3677,0.01384982714819892
Richards Developmental,-1336,-3344,0.01949662668942359
Richards Developmental,-3753,-1674,0.08000328454672906
Richards Developmental,-2029,-2312,0.057026231776039715
Richards Developmental,-1922,-2438,0.044769811419849606
Richards Developmental,-2521,-2836,0.1011488907255996
Richards Developmental,-1879,-3526,0.056338416125276305
Richards Developmental,-3103,-1556,0.07268174992173895
Richards Developmental,-794,-3163,0.027124446160240845
Richards Developmental,-1864,-2034,0.048601161502561024
Richards Developmental,-2352,-2185,0.07679461643986868
Richards Developmental,-3695,-1333,0.06097527878836963
Richards Developmental,-1476,-1013,0.0762015702797984
Richards Developmental,-1925,-2686,0.060352254237616226
Richards Developmental,-2466,-2805,0.11317830488848116
Richards Developmental,-3203,-748,0.08976424828878367
Richards Developmental,-3759,-2296,0.07275007028525934
Richards Developmental,-1420,-858,0.07917602936262212
Richards Developmental,-2790,-2740,0.0812776658388579
Richards Developmental,-2348,-1750,0.08165409932622365
Richards Developmental,-3482,-1584,0.07671346397031832
Richards Developmental,-1639,-1105,0.07178649883294694
Richards Developmental,-3530,-993,0.057075056169442986
Richards Developmental,-1799,-885,0.08166909307936258
Richards Developmental,-2408,-2340,0.05648448635630106
Richards Developmental,-1325,-2164,0.022291051974122407
Richards Developmental,-2738,-2896,0.027296965740229065
Richards Developmental,-1426,-1479,0.06892754556690456
Richards Developmental,-955,-3006,0.011294509227977312
Richards Developmental,-3154,-1214,0.07980409714875053
Richards Developmental,-780,-1734,0.06544318430338097
Richards Developmental,-899,-2852,0.005578545153671913
Richards Developmental,-738,-3009,0.01750082463712796
Richards Developmental,-2620,-1903,0.07871950103118605
Richards Developmental,-1481,-1510,0.08735266652849857
Richards Developmental,-3392,-3449,0.018359500806965856
Richards Developmental,-615,-1456,0.05151000564681367
Richards Developmental,-2619,-1779,0.0842361714268199
Richards Developmental,-1762,-2657,0.03135684698631212
Richards Developmental,-1278,-2941,0.028858679906333645
Richards Developmental,-1749,-1290,0.07639663173290392
Richards Developmental,-2628,-2773,0.07707161368809443
Richards Developmental,-680,-2543,0.027562230562069814
Richards Developmental,-3804,-1394,0.048836021385871675
Richards Developmental,-3010,-3111,0.09238071158964811
Richards Developmental,-3492,-2640,0.024511606053285923
Richards Developmental,-4122,-707,0.048168636149111696
Richards Developmental,-2295,-1844,0.04700768544396018
Richards Developmental,-2608,-722,0.09475583581479866
Richards Developmental,-1175,-3439,0.007815020347709617
Richards Developmental,-2724,-1467,0.08587221588987506
Richards Developmental,-2067,-665,0.06475283536090352
Richards Developmental,-2780,-1684,0.0910925198039605
Richards Developmental,-3310,-622,0.1063773804649337
Richards Developmental,-1701,-1881,0.0661322542757358
Richards Developmental,-3529,-869,0.06203138071591975
Richards Developmental,-1257,-767,0.06592069720489716
Richards Developmental,-950,-2571,0.01474955332335514
Richards Developmental,-3446,-3479,0.010067604087795168
Richards Developmental,-2231,-881,0.10106082180131958
Richards Developmental,-3375,-1771,0.0728937807074353
Richards Developmental,-1106,-1918,0.02573645770352613
Richards Developmental,-887,-1609,0.06972946123784608
Richards Developmental,-3173,-3202,0.06021354733832435
Richards Developmental,-1638,-980,0.07720500376900016
Richards Developmental,-2409,-2464,0.06022864188337898
Richards Developmental,-2457,-1873,0.09223114581689851
Richards Developmental,-778,-1548,0.06811243869701368
Richards Developmental,-3260,-1027,0.06277689964337146
Richards Developmental,-2294,-1720,0.08209767521225246
Richards Developmental,-1392,-3499,0.017265902398659418
Richards Developmental,-3605,-3136,0.04670787055889879
Richards Developmental,-2408,-2402,0.05470251518823949
Richards Developmental,-1268,-1885,0.03794266721497355
Richards Developmental,-2039,-3369,0.06186919509872611
Richards Developmental,-2608,-660,0.08329109936420745
Richards Developmental,-3094,-686,0.10495007827665598
Richards Developmental,-2613,-1219,0.06829935047816818
Richards Developmental,-1828,-3868,0.029684480755630516
Richards Developmental,-2880,-875,0.09647110842529741
Richards Developmental,-1773,-3775,0.04003403851139345
Richards Developmental,-2835,-1776,0.09071074269450821
Richards Developmental,-661,-617,0.03143635059466114
Richards Developmental,-1553,-3342,0.016093218778114857
Richards Developmental,-904,-3349,0.036316104982881334
Richards Developmental,-879,-739,0.06810590112738427
Richards Developmental,-1607,-3373,0.02023253504131567
Richards Developmental,-3270,-2021,0.07656259499941497
Richards Developmental,-3367,-963,0.0822905245235163
Richards Developmental,-1051,-1763,0.02551151413674886
Richards Developmental,-1591,-1757,0.05587378266613274
Richards Developmental,-3047,-1339,0.08052789996851104
Richards Developmental,-3745,-867,0.06594403329690776
Richards Developmental,-3275,-2518,0.07830689511133201
Richards Developmental,-3052,-1836,0.07434669860488653
Richards Developmental,-1484,-1821,0.050906116921498115
Richards Developmental,-1874,-3029,0.06889546313501167
Richards Developmental,-3314,-1057,0.057626971513459024
Richards Developmental,-2296,-1968,0.08240475234946702
Richards Developmental,-3751,-1488,0.05639351363864746
Richards Developmental,-2625,-2462,0.08673186017510182
Richards Developmental,-2288,-1098,0.07710692352931747
Richards Developmental,-2349,-1812,0.09824275535876467
Richards Developmental,-569,-2233,0.015382447854501533
Richards Developmental,-2625,-2400,0.0777778236016988
Richards Developmental,-508,-1519,0.04943279856325472
Richards Developmental,-1484,-1883,0.03999004367388301
Richards Developmental,-1986,-3400,0.07091471079064063
Richards Developmental,-1697,-1508,0.09223136517958448
Richards Developmental,-838,-2138,0.04507041232086499
Richards Developmental,-2636,-3518,0.03789110170384047
Richards Developmental,-3386,-2890,0.027103843167700245
Richards Developmental,-1271,-2133,0.03167058056599777
Richards Developmental,-1314,-1046,0.07323923421450922
Richards Developmental,-3853,-865,0.07240501197640395
Richards Developmental,-2794,-3113,0.07745981028891008
Richards Developmental,-2085,-2467,0.08247409671023843
Richards Developmental,-3590,-1583,0.06653922346639664
Richards Developmental,-3002,-2241,0.06106130609321227
Richards Developmental,-1097,-986,0.07925045969324279
Richards Developmental,-2405,-2029,0.10249989671775064
Richards Developmental,-2302,-2527,0.09699117327331001
Richards Developmental,-1364,-579,0.07873879007803256
Richards Developmental,-953,-2882,0.010708729915135634
Richards Developmental,-2414,-2961,0.045896467954549644
Richards Developmental,-3534,-1428,0.08316688126568145
Richards Developmental,-2583,-3674,0.013879084215771581
Richards Developmental,-1987,-3525,0.039697349986312844
Richards Developmental,-2626,-2586,0.07804348562804457
Richards Developmental,-3497,-3137,0.05221533698610528
Richards Developmental,-447,-868,0.021178753201702295
Richards Developmental,-2250,-2745,0.08700270589441571
Richards Developmental,-2729,-2026,0.08802909980202216
Richards Developmental,-1336,-3282,0.024534083422976846
Richards Developmental,-1933,-3494,0.05977211790539147
Richards Developmental,-824,-646,0.05587963982811435
Richards Developmental,-3499,-3323,0.0316865737602646
Richards Developmental,-3160,-1897,0.06220293790983715
Richards Developmental,-3374,-1585,0.06808443054780274
Richards Developmental,-2901,-2987,0.08529903208428655
Richards Developmental,-3588,-1396,0.06630648356554039
Richards Developmental,-2456,-1749,0.07072146930288836
Richards Developmental,-1378,-2070,0.026631138498047616
Richards Developmental,-3379,-2144,0.06591086037844125
Richards Developmental,-776,-1299,0.0632364797591933
Richards Developmental,-1107,-1980,0.009940014411278883
Richards Developmental,-1500,-3498,0.022088148032774285
Richards Developmental,-1419,-734,0.09580614696601712
Richards Developmental,-2946,-2086,0.0652023181893958
Richards Developmental,-2259,-3739,0.005199753529807005
Richards Developmental,-563,-1674,0.07620859200744609
Richards Developmental,-1329,-2599,0.014488741789679911
Richards Developmental,-3328,-2486,0.07059521321306872
Richards Developmental,-2511,-1842,0.08299341716512533
Richards Developmental,-2311,-3521,0.02792990674923186
Richards Developmental,-571,-2482,0.01359427600191132
Richards Developmental,-1641,-1291,0.09375891156669736
Richards Developmental,-3552,-3292,0.035075522803066556
Richards Developmental,-1854,-978,0.06073468837494418
Richards Developmental,-2253,-3056,0.05634728987760035
Richards Developmental,-1540,-2038,0.03598961119622934
Richards Developmental,-505,-1209,0.0799124512968851
Richards Developmental,-2736,-2709,0.0488146635672882
Richards Developmental,-3122,-3482,0.05119765710943355
Richards Developmental,-3447,-3541,5.760741349897097e-4
Richards Developmental,-3215,-1928,0.09610787307517013
Richards Developmental,-3335,-3170,0.05509947515967652
Richards Developmental,-2518,-2587,0.07904145845706625
Richards Developmental,-1321,-1729,0.043130219937381475
Richards Developmental,-3228,-3295,0.04751562612407627
Richards Developmental,-3333,-2983,0.02394621680122562
Richards Developmental,-1479,-1324,0.08039425968095189
Richards Developmental,-2770,-627,0.09188060005262161
Richards Developmental,-1312,-859,0.0757945468072846
Richards Developmental,-3266,-1648,0.07410754387904421
Richards Developmental,-3760,-2358,0.06943185145641433
Richards Developmental,-1121,-3471,0.01761686483873713
Richards Developmental,-3427,-1553,0.06584702126940246
Richards Developmental,-1746,-979,0.0653416147175626
Richards Developmental,-2637,-3642,0.03354911644447142
Richards Developmental,-1605,-3186,0.04474038717830507
Richards Developmental,-1705,-2378,0.05165999751764433
Richards Developmental,-1808,-1817,0.08016745147746482
Richards Developmental,-1814,-2377,0.030317359702764363
Richards Developmental,-4176,-676,0.07513069213911704
Richards Developmental,-3587,-1272,0.08124236499615414
Richards Developmental,-1420,-796,0.07693461962434245
Richards Developmental,-2572,-2556,0.07884174968597087
Richards Developmental,-2629,-2835,0.07845879064316504
Richards Developmental,-1526,-609,0.08009711930236041
Richards Developmental,-3435,-2299,0.04906689254595874
Richards Developmental,-3170,-2892,0.0631448462246694
Richards Developmental,-2085,-2529,0.08821008629079259
Richards Developmental,-1179,-3874,0.013161674048794078
Richards Developmental,-1797,-637,0.06574374616405985
Richards Developmental,-2076,-1535,0.073993697141304
Richards Developmental,-3329,-2548,0.06369730538123133
Richards Developmental,-557,-1053,0.02290378268726588
Richards Developmental,-3638,-992,0.05897136507999241
Richards Developmental,-2889,-1745,0.08976394816627796
Richards Developmental,-2527,-3519,0.05405745490854881
Richards Developmental,-2686,-3176,0.09714263069697282
Richards Developmental,-2309,-3335,0.03231357674787652
Richards Developmental,-828,-1081,0.05156797564411514
Richards Developmental,-1981,-2965,0.0603597377925143
Richards Developmental,-1591,-1695,0.07967855214232115
Richards Developmental,-2096,-3586,0.04642110746532151
Richards Developmental,-2203,-3522,0.01910923701377963
Richards Developmental,-1499,-3374,0.014435952369062727
Richards Developmental,-1637,-856,0.08023743786226435
Richards Developmental,-3053,-2023,0.07836480977771723
Richards Developmental,-3586,-1210,0.04958467347306819
Richards Developmental,-1746,-1041,0.09344835238377894
Richards Developmental,-1010,-3161,0.02923815938341448
Richards Developmental,-733,-2449,0.02571243759229351
Richards Developmental,-2145,-3119,0.01596472777503019
Richards Developmental,-3850,-555,0.06156921384246844
Richards Developmental,-2176,-789,0.06972549199451229
Richards Developmental,-3168,-2643,0.05541363609623985
Richards Developmental,-3535,-1490,0.0684847761592723
Richards Developmental,-800,-3723,0.02112425210196324
Richards Developmental,-1852,-730,0.062361164582625944
Richards Developmental,-1646,-1850,0.06712271621957248
Richards Developmental,-662,-741,0.03702174688019985
Richards Developmental,-3096,-811,0.10076611091868959
Richards Developmental,-2735,-2647,0.07741102464816672
Richards Developmental,-1821,-3122,0.06982502397597792
Richards Developmental,-500,-774,0.013583161265248667
Richards Developmental,-791,-2853,0.016281062135502136
Richards Developmental,-2144,-2995,0.02733670383706424
Richards Developmental,-1148,-643,0.08677879359842805
Richards Developmental,-1434,-2225,0.016393752974947592
Richards Developmental,-891,-1982,0.04771554807449396
Richards Developmental,-731,-2201,0.03783668771274716
Richards Developmental,-2715,-597,0.08727108413908974
Richards Developmental,-1340,-3717,0.003232596213028134
Richards Developmental,-827,-957,0.04682688241695709
Richards Developmental,-2253,-3118,0.045980690918729694
Richards Developmental,-2689,-3487,0.029559632300535932
Richards Developmental,-2404,-1967,0.09065468468952059
Richards Developmental,-2504,-1158,0.05861768227687693
Richards Developmental,-2310,-3397,0.0291852779769584
Richards Developmental,-795,-3288,0.041427060359089274
Richards Developmental,-1428,-1604,0.07675312529054598
Richards Developmental,-1442,-3095,0.010485099943433662
Richards Developmental,-3659,-3166,0.04521792938654218
Richards Developmental,-2091,-3151,0.04336770023929962
Richards Developmental,-3320,-1616,0.08065850264518634
Richards Developmental,-2623,-2213,0.09563202545674969
Richards Developmental,-2844,-2708,0.05835197460022308
Richards Developmental,-2033,-2747,0.08653999610692116
Richards Developmental,-2242,-2000,0.05408082273846916
Richards Developmental,-2283,-663,0.07755335009255573
Richards Developmental,-2238,-1565,0.076237747461038
Richards Developmental,-1335,-3158,0.00884850719536115
Richards Developmental,-676,-2170,0.024889284414347887
Richards Developmental,-620,-1953,0.0644406671929136
Richards Developmental,-1580,-639,0.06635999481546331
Richards Developmental,-2398,-1284,0.08920962958807697
Richards Developmental,-3752,-1550,0.04129795289375303
Richards Developmental,-3593,-1955,0.07952315905271852
Richards Developmental,-2339,-818,0.06788713174426572
Richards Developmental,-2741,-3269,0.061452327220432396
Richards Developmental,-3149,-779,0.08489707570124458
Richards Developmental,-2399,-1408,0.07891201317357376
Richards Developmental,-2677,-2244,0.08623641716956292
Richards Developmental,-3552,-3230,0.025745435829812646
Richards Developmental,-2949,-2397,0.07246275630306423
Richards Developmental,-1315,-1170,0.07334017039953113
Richards Developmental,-2134,-2001,0.07677511884822517
Richards Developmental,-2087,-2716,0.07268552889447019
Richards Developmental,-1205,-922,0.0697408290385685
Richards Developmental,-2076,-1597,0.08489109591123215
Richards Developmental,-2187,-1845,0.09137488433934761
Richards Developmental,-3590,-1645,0.060510499310612906
Richards Developmental,-2094,-3461,0.06731277420482817
Richards Developmental,-1483,-1759,0.05064864457949218
Richards Developmental,-1818,-2812,0.07321437424806732
Richards Developmental,-3063,-3017,0.04680618969086381
Richards Developmental,-907,-3659,0.04064326667859132
Richards Developmental,-715,-648,0.061880400706942715
Richards Developmental,-994,-1484,0.0644272765285615
Richards Developmental,-1688,-638,0.08638526209129883
Richards Developmental,-3653,-2483,0.05349301549687245
Richards Developmental,-2510,-1717,0.08886053398095657
Richards Developmental,-1905,-698,0.09271266505166773
Richards Developmental,-3488,-2205,0.07533910852185699
Richards Developmental,-2138,-2436,0.06897777439394555
Richards Developmental,-2140,-2560,0.07241091150243556
Richards Developmental,-2406,-2153,0.08022411855886492
Richards Developmental,-944,-1888,0.03917022956676153
Richards Developmental,-2197,-2901,0.03106646763663576
Richards Developmental,-1528,-795,0.10694272121169171
Richards Developmental,-3906,-710,0.054735443098349684
Richards Developmental,-2944,-1900,0.07950329699371662
Richards Developmental,-609,-773,0.023673545950512784
Richards Developmental,-2688,-3362,0.04476362558572218
Richards Developmental,-1958,-604,0.08625124417935529
Richards Developmental,-3689,-650,0.07115731223386827
Richards Developmental,-2986,-687,0.09181651659459851
Richards Developmental,-3544,-2422,0.057843621652743746
Richards Developmental,-3906,-772,0.07636617296210926
Richards Developmental,-4122,-770,0.03818281114836526
Richards Developmental,-2677,-2182,0.08543511272323576
Richards Developmental,-2176,-726,0.06943594502928077
Richards Developmental,-2362,-3179,0.02338170248657262
Richards Developmental,-2826,-844,0.09894299213476704
Richards Developmental,-1312,-797,0.08173862115101181
Richards Developmental,-1922,-2376,0.044937622432736676
Richards Developmental,-3053,-1961,0.06154662775897979
Richards Developmental,-2726,-1715,0.07302487023553199
Richards Developmental,-1156,-1451,0.07841652644058522
Richards Developmental,-1704,-2253,0.04865182182772532
Richards Developmental,-3000,-2117,0.0814035199115425
Richards Developmental,-1281,-3190,0.009204882774157028
Richards Developmental,-3712,-3073,0.0421139251743141
Richards Developmental,-3095,-749,0.08330899524428753
Richards Developmental,-3487,-2143,0.08254499417638186
Richards Developmental,-1769,-3340,0.028367610077895372
Richards Developmental,-2195,-2715,0.08859195411916933
Richards Developmental,-2082,-2157,0.08566554350621997
Richards Developmental,-883,-1236,0.07995730507647902
Richards Developmental,-717,-834,0.07135564848832608
Richards Developmental,-1155,-1389,0.07051624443812185
Richards Developmental,-2402,-1781,0.08813589513265073
Richards Developmental,-1913,-1444,0.08209908469727518
Richards Developmental,-2297,-2030,0.09964210291792501
Richards Developmental,-1584,-1012,0.08135235580721488
Richards Developmental,-4232,-893,0.0543677778289168
Richards Developmental,-2894,-2304,0.07060689329349572
Richards Developmental,-790,-2728,0.008628464170947855
Richards Developmental,-1276,-2693,0.018265108926454235
Richards Developmental,-3325,-2113,0.06344540806824418
Richards Developmental,-1423,-1169,0.09558044981764395
Richards Developmental,-1010,-3099,0.020282502742684713
Richards Developmental,-716,-710,0.060070739337227314
Richards Developmental,-3480,-1397,0.08201981110476277
Richards Developmental,-1053,-1949,0.028751461366630066
Richards Developmental,-2569,-2245,0.08698568497777877
Richards Developmental,-2450,-1128,0.05310336794592717
Richards Developmental,-1990,-3835,0.03611591620423282
Richards Developmental,-3277,-2766,0.03010738764787206
Richards Developmental,-3271,-2207,0.06898100315853506
Richards Developmental,-2250,-2807,0.051618040006926685
Richards Developmental,-2228,-571,0.08489116925008561
Richards Developmental,-2190,-2218,0.062062922016989736
Richards Developmental,-726,-1766,0.07649118628234254
Richards Developmental,-3004,-2489,0.08342363764259719
Richards Developmental,-1096,-861,0.06043026078506303
Richards Developmental,-1663,-3590,0.02413267058918274
Richards Developmental,-2146,-3181,0.013970591126485202
Richards Developmental,-1050,-1701,0.047592525544494946
Richards Developmental,-3433,-2174,0.07551149873241694
Richards Developmental,-3045,-1153,0.051394709782851336
Richards Developmental,-3212,-1617,0.08481427101448845
Richards Developmental,-2036,-3058,0.049838213510381285
Richards Developmental,-769,-616,0.03812095100218835
Richards Developmental,-729,-2077,0.050958699323277346
Richards Developmental,-833,-1578,0.07822343726083654
Richards Developmental,-2942,-1713,0.0775671014230146
Richards Developmental,-1266,-1698,0.06827060460749199
Richards Developmental,-2414,-3023,0.056922477846456446
Richards Developmental,-2067,-603,0.059289423161132795
Richards Developmental,-889,-1795,0.038762463976438
Richards Developmental,-1071,-3813,0.0206796410764553
Richards Developmental,-1269,-2009,0.02501226911825967
Richards Developmental,-1856,-1227,0.09514254624529914
Richards Developmental,-2675,-1995,0.07212300043569696
Richards Developmental,-3389,-3200,0.05042204029127907
Richards Developmental,-634,-3382,0.04444434344570046
Richards Developmental,-2833,-1590,0.06065659588850364
Richards Developmental,-2957,-3267,0.08653711212719628
Richards Developmental,-1915,-1692,0.07289339222362429
Richards Developmental,-1857,-1289,0.0841910288884526
Richards Developmental,-2501,-785,0.09165072899664796
Richards Developmental,-1691,-887,0.06257940561184987
Richards Developmental,-1764,-2843,0.0817382491813223
Richards Developmental,-2202,-3398,0.04571405902803609
Richards Developmental,-1052,-1887,0.029419031809833462
Richards Developmental,-943,-1826,0.04049549378651879
Richards Developmental,-1653,-2534,0.0511441593013261
Richards Developmental,-952,-2696,0.006130453835092149
Richards Developmental,-2578,-3115,0.0952960041962867
Richards Developmental,-1807,-1693,0.06871526490119265
Richards Developmental,-2097,-3772,0.03368445123068149
Richards Developmental,-3107,-1929,0.08342737153929891
Richards Developmental,-2356,-2558,0.05256144923319099
Richards Developmental,-2416,-3148,0.06237090984492143
Richards Developmental,-1047,-1390,0.08615253799345023
Richards Developmental,-1543,-2348,0.027945844164402295
Richards Developmental,-2899,-2801,0.09708709622152326
Richards Developmental,-2790,-2678,0.07719943604363452
Richards Developmental,-1867,-2283,0.04809199719526512
Richards Developmental,-2345,-1439,0.07447254672957278
Richards Developmental,-1827,-3744,0.04672017805320146
Richards Developmental,-999,-2043,0.03122823592602947
Richards Developmental,-997,-1794,0.02991403855751741
Richards Developmental,-2199,-3087,0.03331431623039936
Richards Developmental,-1319,-1605,0.06957462649658686
Richards Developmental,-1693,-1073,0.07611742503904309
Richards Developmental,-786,-2293,0.038409543265110424
Richards Developmental,-1105,-1793,0.0384336656560145
Richards Developmental,-3157,-1525,0.07398153276682734
Richards Developmental,-3114,-2737,0.08057462357243864
Richards Developmental,-730,-2139,0.04569909488348656
Richards Developmental,-2520,-2712,0.06960438796853421
Richards Developmental,-2093,-3337,0.056135323326787945
Richards Developmental,-1333,-3034,0.009579619320366925
Richards Developmental,-3064,-3079,0.020290238467517888
Richards Developmental,-1151,-954,0.07780082046432715
Richards Developmental,-1489,-2380,0.033057203959251213
Richards Developmental,-635,-3445,0.04189272548254082
Richards Developmental,-721,-1207,0.0785859980512476
Richards Developmental,-1482,-1634,0.07470123030859942
Richards Developmental,-665,-1052,0.03132549563496394
Richards Developmental,-3532,-1241,0.06428320183585154
Richards Developmental,-2897,-2615,0.058239363839846764
Richards Developmental,-3208,-1245,0.06055586386943787
Richards Developmental,-778,-1486,0.07293931009060584
Richards Developmental,-2472,-3427,0.06838470328643342
Richards Developmental,-1479,-1386,0.07717129900001622
Richards Developmental,-2997,-1744,0.08509265311752712
Richards Developmental,-775,-1237,0.08346091589671807
Richards Developmental,-1102,-1483,0.07688589477036391
Richards Developmental,-2522,-2960,0.09100775191301891
Richards Developmental,-674,-1984,0.04212480962656105
Richards Developmental,-895,-2479,0.013629967257961187
Richards Developmental,-4013,-584,0.046991679335712605
Richards Developmental,-1643,-1539,0.08850099402461482
Richards Developmental,-2022,-1567,0.09173221023714062
Richards Developmental,-824,-709,0.08192790574232946
Richards Developmental,-899,-2789,0.012253407723375465
Richards Developmental,-1043,-955,0.07403102033361565
Richards Developmental,-1977,-2468,0.06708452918200587
Richards Developmental,-1815,-2501,0.02596439084458571
Richards Developmental,-2411,-2650,0.04845707090323069
Richards Developmental,-2071,-1100,0.09021486897561941
Richards Developmental,-2196,-2839,0.04341897256798391
Richards Developmental,-2661,-629,0.09702923152791042
Richards Developmental,-3551,-3105,0.05789283202858146
Richards Developmental,-2123,-820,0.07586975089978949
Richards Developmental,-3336,-3294,0.03260586609502204
Richards Developmental,-1920,-2189,0.045653860309503566
Richards Developmental,-1368,-1076,0.05318343161709438
Richards Developmental,-3283,-3388,0.03247983069895584
Richards Developmental,-3311,-746,0.08325228481406556
Richards Developmental,-3960,-740,0.07068809279303992
Richards Developmental,-1960,-791,0.061447329461408656
Richards Developmental,-1582,-763,0.09137322151703496
Richards Developmental,-956,-3131,0.014664688226819336
Richards Developmental,-4125,-1080,0.006177107948876527
Richards Developmental,-3485,-1894,0.06331476348866089
Richards Developmental,-2521,-2898,0.09164709649321855
Richards Developmental,-2131,-1690,0.06424390080751312
Richards Developmental,-1333,-2972,0.012172923145047962
Richards Developmental,-2554,-692,0.09632258718075892
Richards Developmental,-3599,-2577,0.0714086495811008
Richards Developmental,-2896,-2490,0.054453615881991976
Richards Developmental,-2393,-849,0.08858982279173065
Richards Developmental,-1446,-3530,0.020148505893399678
Richards Developmental,-999,-1981,0.0328138092947832
Richards Developmental,-2900,-2925,0.08015967465372184
Richards Developmental,-2565,-1872,0.07845568836597155
Richards Developmental,-3121,-3358,0.056005882640517965
Richards Developmental,-3654,-2607,0.05527504341983702
Richards Developmental,-3584,-961,0.061484656481932284
Richards Developmental,-1496,-3063,0.03111367959550561
Richards Developmental,-2890,-1931,0.08009735083462577
Richards Developmental,-1063,-3005,0.007182138721738056
Richards Developmental,-2012,-573,0.0658415693998144
Richards Developmental,-1714,-3310,0.013463872151322331
Richards Developmental,-996,-1732,0.04800322482085238
Richards Developmental,-2044,-3804,0.030513867723034924
Richards Developmental,-3041,-780,0.08423916794480955
Richards Developmental,-2526,-3395,0.06232002266398193
Richards Developmental,-2892,-2118,0.06462864657713399
Richards Developmental,-2182,-1348,0.0738184704442507
Richards Developmental,-2630,-2959,0.10176749306311075
Richards Developmental,-1120,-3284,0.015371350388041452
Richards Developmental,-1745,-917,0.07838585040833916
Richards Developmental,-3218,-2301,0.08225376647689835
Richards Developmental,-2960,-3577,0.0366308747354183
Richards Developmental,-2840,-2336,0.06665258560775734
Richards Developmental,-1068,-3565,0.012958286723325288
Richards Developmental,-2997,-1806,0.07484552390245272
Richards Developmental,-1166,-2507,0.024528376894754282
Richards Developmental,-1331,-2785,0.030340328333158625
Richards Developmental,-2671,-1623,0.07520084401887463
Richards Developmental,-2524,-3209,0.08215380703673675
Richards Developmental,-2782,-1932,0.07829199877762759
Richards Developmental,-1097,-923,0.07816706320816845
Richards Developmental,-1013,-3472,0.03425122365593515
Richards Developmental,-2836,-1901,0.09150817502532256
Richards Developmental,-2367,-3676,0.03897051911529893
Richards Developmental,-671,-1611,0.06090954185142018
Richards Developmental,-727,-1828,0.060441285970223746
Richards Developmental,-1489,-2318,0.024346346189847115
Richards Developmental,-2632,-3145,0.07853936413323376
Richards Developmental,-2244,-2186,0.08039796537517396
Richards Developmental,-2393,-786,0.0793345592883409
Richards Developmental,-1226,-3097,0.020978965437671165
Richards Developmental,-2832,-1466,0.07824504716291486
Richards Developmental,-3437,-2547,0.06476518355334279
Richards Developmental,-1321,-1791,0.034884144700670916
Richards Developmental,-3321,-1741,0.070404044975171845
Richards Developmental,-3099,-1183,0.07313806213089782
Richards Developmental,-4069,-863,0.04506882475699486
Richards Developmental,-2283,-601,0.08042308597120305
Richards Developmental,-2559,-1189,0.05354446109081748
Richards Developmental,-1970,-1785,0.04783376080835519
Richards Developmental,-3094,-624,0.08027862420689691
Richards Developmental,-504,-1147,0.03373537145220777
Richards Developmental,-3484,-1832,0.077453972400774
Richards Developmental,-851,-3442,0.03728648481001297
Richards Developmental,-2847,-3019,0.07848076980839375
Richards Developmental,-2671,-1561,0.09122617642230582
Richards Developmental,-1820,-2998,0.05243368106305868
Richards Developmental,-3549,-2919,0.03749132479273444
Richards Developmental,-673,-1860,0.07230851004221671
Richards Developmental,-3333,-2921,0.005108784099507213
Richards Developmental,-2199,-3150,0.03052445197565258
Richards Developmental,-455,-1613,0.031818723048292044
Richards Developmental,-1202,-674,0.08731013697463269
Richards Developmental,-2629,-2897,0.10175706982852756
Richards Developmental,-3064,-3141,0.04360615224544791
Richards Developmental,-3386,-2827,0.03757610392552933
Richards Developmental,-3709,-2762,0.02686845799661524
Richards Developmental,-2016,-946,0.0711052412263013
Richards Developmental,-2401,-1594,0.06619814010136968
Richards Developmental,-2951,-2645,0.08756710933150179
Richards Developmental,-563,-1612,0.07939478901151242
Richards Developmental,-564,-1799,0.027045820503103835
Richards Developmental,-2730,-2150,0.07201772945888278
Richards Developmental,-792,-2915,6.503184702142256e-4
Richards Developmental,-3002,-2303,0.08109323792313544
Richards Developmental,-732,-2387,0.021988425875658774
Richards Developmental,-1585,-1136,0.07531728041865222
Richards Developmental,-1580,-577,0.08068972022333397
Richards Developmental,-632,-3196,0.023457680923512553
Richards Developmental,-2131,-1628,0.055585260168927356
Richards Developmental,-615,-1394,0.04870425876753011
Richards Developmental,-1326,-2226,0.018774368107611017
Richards Developmental,-2407,-2216,0.06700930549484037
Richards Developmental,-662,-679,0.06811973943623886
Richards Developmental,-3174,-3327,0.062380502750913225
Richards Developmental,-1217,-2165,0.021871882225947263
Richards Developmental,-2673,-1809,0.08464358590638088
Richards Developmental,-3225,-2984,0.08088346356488527
Richards Developmental,-1702,-2067,0.027523235586922476
Richards Developmental,-1284,-3562,0.016419702786609633
Richards Developmental,-2147,-3305,0.04478757746617086
Richards Developmental,-2352,-2123,0.08368758358095899
Richards Developmental,-3383,-2517,0.07525761054850703
Richards Developmental,-1216,-2041,0.010539360610177656
Richards Developmental,-3005,-2551,0.05732068120743247
Richards Developmental,-1582,-825,0.09502244186080273
Richards Developmental,-2507,-1407,0.08719700259353189
Richards Developmental,-1757,-2098,0.024105702018096656
Richards Developmental,-2575,-2804,0.0987032496692258
Richards Developmental,-2030,-2375,0.07209626380387167
Richards Developmental,-2685,-3052,0.0943289182663287
Richards Developmental,-1049,-1576,0.0598391685999035
Richards Developmental,-3167,-2581,0.05054376435371638
Richards Developmental,-3273,-2393,0.08306041529516026
Richards Developmental,-3256,-654,0.09536140558065484
Richards Developmental,-3320,-1678,0.08414663944818779
Richards Developmental,-1367,-952,0.07380085372321188
Richards Developmental,-945,-2012,0.034408658167743855
Richards Developmental,-1931,-3308,0.06527742317696107
Richards Developmental,-1339,-3593,0.016962539319886033
Richards Developmental,-1643,-1477,0.08183457617121019
Richards Developmental,-1016,-3783,0.042904824626059726
Richards Developmental,-1536,-1665,0.07228334024835766
Richards Developmental,-1909,-1071,0.07179756268808699
Richards Developmental,-2466,-2743,0.09797841609659556
Richards Developmental,-3371,-1336,0.07908002177720284
Richards Developmental,-892,-2106,0.023748181262133225
Richards Developmental,-2205,-3709,0.015085433774491147
Richards Developmental,-1859,-1475,0.07669358885360504
Richards Developmental,-1698,-1632,0.07513269095555185
Richards Developmental,-2730,-2088,0.08723258132046104
Richards Developmental,-1426,-1417,0.06248810372047599
Richards Developmental,-4231,-769,0.09130720909597814
Richards Developmental,-618,-1705,0.07288709494286162
Richards Developmental,-2288,-1160,0.06597058985644948
Richards Developmental,-1268,-1823,0.041625059133030565
Richards Developmental,-1763,-2781,0.07117334927318977
Richards Developmental,-3486,-2081,0.07235371047324338
Richards Developmental,-2852,-3578,0.03615368169778588
Richards Developmental,-3500,-3510,0.019613022889126197
Richards Developmental,-2234,-1130,0.08139904830555864
Richards Developmental,-690,-3599,0.06023330560292395
Richards Developmental,-2889,-1807,0.08813370447763086
Richards Developmental,-3319,-1554,0.0711963889033405
Richards Developmental,-3284,-3512,0.02982144315089351
Richards Developmental,-1337,-3407,0.03582462093678042
Richards Developmental,-1491,-2566,0.05438347644682866
Richards Developmental,-3105,-1743,0.08353804239289561
Richards Developmental,-3694,-1209,0.056866563042313356
Richards Developmental,-1875,-3153,0.07149639127987835
Richards Developmental,-1324,-2040,0.01895637907385793
Richards Developmental,-1770,-3465,0.02614274651644613
Richards Developmental,-1747,-1103,0.08720315360004183
Richards Developmental,-941,-1577,0.07089100553481228
Richards Developmental,-1341,-3842,0.015243733494525694
Richards Developmental,-2553,-567,0.0811392344449152
Richards Developmental,-2622,-2089,0.08054145572346474
Richards Developmental,-2074,-1411,0.09203868897100369
Richards Developmental,-3606,-3198,0.04178545685448999
Richards Developmental,-2571,-2431,0.1140178700085523
Richards Developmental,-1310,-673,0.10648068846330255
Richards Developmental,-1635,-732,0.08850823559942816
Richards Developmental,-2515,-2277,0.07027838004631674
Richards Developmental,-3598,-2452,0.0733644058573393
Richards Developmental,-3389,-3138,0.06499527802096836
Richards Developmental,-3055,-2147,0.0795980950831606
Richards Developmental,-1005,-2602,0.013830585851649806
Richards Developmental,-2204,-3585,0.002834057585247282
Richards Developmental,-2951,-2583,0.08516011737551314
Richards Developmental,-2779,-1622,0.08784194769973892
Richards Developmental,-3597,-2328,0.05929337549895873
Richards Developmental,-3168,-2705,0.06804681589679872
Richards Developmental,-3544,-2484,0.07881631543197656
Richards Developmental,-2553,-630,0.08964575130021522
Richards Developmental,-1272,-2320,0.017263877289996454
Richards Developmental,-3649,-2110,0.05192454707225125
Richards Developmental,-1911,-1257,0.07521287031063933
Richards Developmental,-3048,-1464,0.06984704608999534
Richards Developmental,-2082,-2219,0.07171945232817989
Richards Developmental,-2893,-2242,0.06716117889373995
Richards Developmental,-2789,-2616,0.07912946014521051
Richards Developmental,-2294,-1782,0.057949911069123325
Richards Developmental,-2293,-1657,0.08923154276439417
Richards Developmental,-2622,-2151,0.0784257453589673
Richards Developmental,-2570,-2369,0.07011019116048199
Richards Developmental,-3428,-1615,0.06586824819285278
Richards Developmental,-3381,-2392,0.07872962297101047
Richards Developmental,-1551,-3156,0.03973750661091913
Richards Developmental,-3755,-1861,0.04968446758336929
Richards Developmental,-1536,-1603,0.08077102053801688
Richards Developmental,-2562,-1562,0.08382838415815799
Richards Developmental,-3486,-2019,0.06113946649975435
Richards Developmental,-607,-649,0.05523888092503275
Richards Developmental,-1550,-3094,0.04122304901738473
Richards Developmental,-3540,-1987,0.06005121149349284
Richards Developmental,-3431,-1926,0.06213665543288929
Richards Developmental,-3636,-743,0.08801304851591837
Richards Developmental,-1611,-3746,0.03744007040369242
Richards Developmental,-2290,-1347,0.07014512447544073
Richards Developmental,-2417,-3272,0.05560536361819217
Richards Developmental,-2041,-3555,0.07711631626526702
Richards Developmental,-2937,-1154,0.05909615856528391
Richards Developmental,-1255,-580,0.06032901133119581
Richards Developmental,-685,-3040,0.03147022385000027
Richards Developmental,-2091,-3089,0.02832991784205781
Richards Developmental,-2340,-880,0.08118546578090838
Richards Developmental,-663,-803,0.03130953867606244
Richards Developmental,-954,-2944,0.023578224534210462
Richards Developmental,-2148,-3368,0.04739016194492547
Richards Developmental,-2777,-1373,0.07288946569913532
Richards Developmental,-1109,-2228,0.012255293950990183
Richards Developmental,-3339,-3542,0.03268355869673324
Richards Developmental,-1975,-2282,0.047056948672657375
Richards Developmental,-3055,-2209,0.06590911986543896
Richards Developmental,-953,-2820,-0.003783559312222455
Richards Developmental,-2126,-1193,0.07964079652528676
Richards Developmental,-1588,-1385,0.09013540020249615
Richards Developmental,-772,-864,0.07742954494925694
Richards Developmental,-2742,-3331,0.068758645498395
Richards Developmental,-2200,-3212,0.025124406146372097
Richards Developmental,-3279,-2953,0.014951677162047053
Richards Developmental,-2230,-695,0.0671657959016143
Richards Developmental,-2465,-2681,0.04922354008427694
Richards Developmental,-1975,-2344,0.02868841599452618
Richards Developmental,-3163,-2146,0.07832088620862826
Richards Developmental,-3648,-2048,0.06215245436941569
Richards Developmental,-3111,-2364,0.06617701728074701
Richards Developmental,-2664,-877,0.10141869015671044
Richards Developmental,-687,-3289,0.05056494251570545
Richards Developmental,-1660,-3217,0.02168121872049042
Richards Developmental,-3367,-901,0.07563265867084912
Richards Developmental,-3908,-958,0.052028235971194284
Richards Developmental,-2366,-3552,0.05664609401937497
Richards Developmental,-1596,-2255,0.02882887376938785
Richards Developmental,-1965,-1288,0.07704166580645624
Richards Developmental,-2151,-3678,0.007195862313291307
Richards Developmental,-3712,-3011,0.02647328626176408
Richards Developmental,-1968,-1598,0.05802004336341508
Richards Developmental,-2579,-3239,0.047009122476986395
Richards Developmental,-3652,-2421,0.07138551686404293
Richards Developmental,-2303,-2652,0.09607210141498741
Richards Developmental,-3800,-959,0.07524558100682277
Richards Developmental,-1532,-1230,0.10282525051147642
Richards Developmental,-3701,-1892,0.06455246310736888
Richards Developmental,-2515,-2214,0.09169041854436805
Richards Developmental,-1205,-984,0.07372042252352762
Richards Developmental,-3014,-3546,0.04500071743223541
Richards Developmental,-1040,-706,0.07954275490721845
Richards Developmental,-2563,-1624,0.08375427541681311
Richards Developmental,-1665,-3776,0.0240337544558568
Richards Developmental,-565,-1861,0.03635755514907485
Richards Developmental,-2136,-2187,0.0675577028441872
Richards Developmental,-932,-708,0.07306696252205701
Richards Developmental,-1531,-1168,0.0887481610465273
Richards Developmental,-1064,-3130,0.02483506682820988
Richards Developmental,-1110,-2352,0.005855826964338305
Richards Developmental,-1485,-1945,0.06002849338971099
Richards Developmental,-1537,-1789,0.06413347774550561
Richards Developmental,-3111,-2426,0.0621125940554626
Richards Developmental,-1374,-1697,0.07625179187607521
Richards Developmental,-3654,-2669,0.04907905329494676
Richards Developmental,-1477,-1137,0.05540695638599802
Richards Developmental,-2933,-781,0.08432769220239811
Richards Developmental,-2343,-1191,0.08542205197321148
Richards Developmental,-3806,-1581,0.05966013172212356
Richards Developmental,-3642,-1427,0.05280223367555591
Richards Developmental,-2014,-759,0.07815351739672155
Richards Developmental,-2366,-3614,0.03326023966133204
Richards Developmental,-1636,-794,0.08641586604138789
Richards Developmental,-842,-2510,-0.0036470891361563285
Richards Developmental,-1798,-761,0.08751982701488097
Richards Developmental,-626,-2575,0.022345965495636902
Richards Developmental,-906,-3535,0.05642834452772846
Richards Developmental,-1718,-3682,0.04543654438890975
Richards Developmental,-1339,-3655,0.008893136741187121
Richards Developmental,-3312,-809,0.06983700636945933
Richards Developmental,-3387,-3014,0.04502441030759517
Richards Developmental,-1379,-2194,0.014965818832015296
Richards Developmental,-3596,-2204,0.04850805876492961
Richards Developmental,-1164,-2259,0.015864474005304427
Richards Developmental,-1606,-3311,0.02525783534814849
Richards Developmental,-1649,-2099,0.037115093915796704
Richards Developmental,-2019,-1318,0.07599903321455166
Richards Developmental,-2679,-2430,0.06834788037891389
Richards Developmental,-3852,-803,0.061976261000134245
Richards Developmental,-1964,-1226,0.07236088277296263
Richards Developmental,-2985,-563,0.08344331127412714
Richards Developmental,-740,-3133,0.03998881403159965
Richards Developmental,-3553,-3354,0.04351771515927784
Richards Developmental,-671,-1673,0.0709717382886405
Richards Developmental,-1760,-2470,0.05154778924915268
Richards Developmental,-725,-1579,0.054225990960531434
Richards Developmental,-1812,-2252,0.01978145885533636
Richards Developmental,-2021,-1505,0.06581670573781603
Richards Developmental,-2353,-2309,0.07544046868522178
Richards Developmental,-2138,-2374,0.08431164876732401
Richards Developmental,-2354,-2371,0.07690636775753902
Richards Developmental,-3690,-774,0.09120632397694607
Richards Developmental,-1499,-3436,0.02330882068187614
Richards Developmental,-2037,-3120,0.04676662137849802
Richards Developmental,-3313,-871,0.0776841907468832
Richards Developmental,-3485,-1956,0.07714091571691882
Richards Developmental,-2474,-3551,0.04830781955376082
Richards Developmental,-2251,-2870,0.06262012008049002
Richards Developmental,-3056,-2333,0.08227762844252215
Richards Developmental,-3336,-3232,0.06089769348089358
Richards Developmental,-678,-2357,0.021177445762999847
Richards Developmental,-2995,-1557,0.06477227021662649
Richards Developmental,-2248,-2559,0.08612587595541242
Richards Developmental,-1381,-2381,0.03105589059326179
Richards Developmental,-1279,-3003,0.007705805431520302
Richards Developmental,-1702,-2005,0.049483350686168395
Richards Developmental,-1706,-2440,0.04607055101950769
Richards Developmental,-2086,-2591,0.06768296432113075
Richards Developmental,-3041,-718,0.09251169328014686
Richards Developmental,-3655,-2732,0.041824440265515864
Richards Developmental,-3264,-1462,0.07720735110081352
Richards Developmental,-996,-1670,0.05899942419324972
Richards Developmental,-3539,-1925,0.07924946091825817
Richards Developmental,-1757,-2160,0.025054916669534924
Richards Developmental,-2678,-2306,0.07829374793150026
Richards Developmental,-3049,-1526,0.07954790025853982
Richards Developmental,-2506,-1282,0.08200024509073782
Richards Developmental,-2072,-1162,0.07164257802489161
Richards Developmental,-2013,-635,0.06299905238728125
Richards Developmental,-990,-1049,0.07420344064528847
Richards Developmental,-3162,-2084,0.06133493384847173
Richards Developmental,-3378,-2082,0.07187477748398997
Richards Developmental,-2955,-3018,0.074117291828246
Richards Developmental,-2135,-2063,0.08628420106802391
Richards Developmental,-1910,-1195,0.07604501067177304
Richards Developmental,-2841,-2398,0.08110650044465025
Richards Developmental,-2040,-3431,0.06049171425367618
Richards Developmental,-3210,-1431,0.08429009591765327
Richards Developmental,-2189,-2093,0.06385923133968723
Richards Developmental,-1647,-1974,0.04445554334576855
Richards Developmental,-2463,-2495,0.053573076013414225
Richards Developmental,-1122,-3533,0.013958634474187145
Richards Developmental,-617,-1643,0.06999254950517382
Richards Developmental,-1230,-3470,0.014444415747744833
Richards Developmental,-1366,-828,0.08908118584088925
Richards Developmental,-3007,-2800,0.0874312948195907
Richards Developmental,-2088,-2840,0.09378800469118957
Richards Developmental,-3700,-1830,0.05737104786607351
Richards Developmental,-3743,-618,0.06745167865035458
Richards Developmental,-1689,-700,0.08292580218178018
Richards Developmental,-1585,-1074,0.06951859875771453
Richards Developmental,-796,-3350,0.04239642456256604
Richards Developmental,-1926,-2811,0.06958028946437378
Richards Developmental,-2025,-1877,0.0829495144010698
Richards Developmental,-1806,-1631,0.0822169969889134
Richards Developmental,-2892,-2055,0.07934129151742095
Richards Developmental,-3537,-1676,0.06934952007572874
Richards Developmental,-1587,-1323,0.09639685889063716
Richards Developmental,-1318,-1480,0.08349958418281433
Richards Developmental,-1060,-2757,0.010094894988096792
Richards Developmental,-3480,-1459,0.06557102708560716
Richards Developmental,-1389,-3189,0.016705936004492966
Richards Developmental,-2312,-3646,0.025025632408764195
Richards Developmental,-2565,-1810,0.09434479325204187
Richards Developmental,-3812,-2202,0.04804797885341096
Richards Developmental,-3904,-585,0.06966646814351458
Richards Developmental,-2023,-1691,0.06975011393029751
Richards Developmental,-3704,-2203,0.06273509237012966
Richards Developmental,-2090,-3026,0.05458054892242083
Richards Developmental,-2574,-2742,0.09093640049659876
Richards Developmental,-2083,-2343,0.06952896015316698
Richards Developmental,-3707,-2514,0.06551158518872512
Richards Developmental,-3854,-990,0.05651537764942692
Richards Developmental,-723,-1393,0.029882810740365973
Richards Developmental,-846,-2945,0.012146927052129594
Richards Developmental,-1814,-2439,0.02417691269674531
Richards Developmental,-2245,-2310,0.07259664425854652
Richards Developmental,-2027,-2064,0.05577348085598856
Richards Developmental,-1871,-2718,0.04601183636212647
Richards Developmental,-2239,-1627,0.07420907943000507
Richards Developmental,-834,-1703,0.05490194370160911
Richards Developmental,-1657,-2906,0.03265803057120288
Richards Developmental,-2793,-3051,0.08332574213875134
Richards Developmental,-506,-1395,0.029619422424733435
Richards Developmental,-2183,-1410,0.08322607731121773
Richards Developmental,-1390,-3251,0.025187856272430677
Richards Developmental,-2180,-1161,0.094150948606208
Richards Developmental,-728,-1890,0.06929700838571726
Richards Developmental,-1383,-2567,0.03700782046594704
Richards Developmental,-1603,-2938,0.044999841755907016
Richards Developmental,-1758,-2222,0.03667201074466604
Richards Developmental,-2130,-1566,0.07901520861624688
Richards Developmental,-1095,-799,0.0648304184227156
Richards Developmental,-3440,-2858,0.03368345121570199
Richards Developmental,-2254,-3180,0.03416612755586672
Richards Developmental,-2956,-3080,0.0733713033077737
Richards Developmental,-3113,-2550,0.05457021602266254
Richards Developmental,-1934,-3618,0.039639081725234254
Richards Developmental,-3163,-2208,0.0700191067647664
Richards Developmental,-1476,-1075,0.08113113368057326
Richards Developmental,-1985,-3338,0.07355625832414177
Richards Developmental,-3439,-2734,0.039878371097983964
Richards Developmental,-3756,-1985,0.04500139412575019
Richards Developmental,-2902,-3174,0.07340105210264383
Richards Developmental,-2619,-1841,0.08368540182488748
Richards Developmental,-2937,-1216,0.08146015023673668
Richards Developmental,-2576,-2928,0.10593654303616301
Richards Developmental,-1806,-1569,0.07116760250507705
Richards Developmental,-2018,-1194,0.07478252653728258
Richards Developmental,-958,-3317,0.03251526300062958
Richards Developmental,-1066,-3378,0.017680795563563667
Richards Developmental,-2454,-1500,0.09856154672822316
Richards Developmental,-3068,-3514,0.044233576503031516
Richards Developmental,-2607,-598,0.08939865284574872
Richards Developmental,-1222,-2724,0.01084756343790804
Richards Developmental,-3445,-3417,0.021902704312060595
Richards Developmental,-2031,-2499,0.08488176423028522
Richards Developmental,-1972,-1971,0.07843916012448747
Richards Developmental,-3535,-1552,0.07007889990696396
Richards Developmental,-2407,-2278,0.07918976778377737
Richards Developmental,-3483,-1708,0.08050253543316688
Richards Developmental,-3418,-621,0.10221358492418518
Richards Developmental,-837,-2075,0.04431003145136714
Richards Developmental,-2954,-2894,0.09121039100602671
Richards Developmental,-3118,-3047,0.031182660424523362
Richards Developmental,-1147,-581,0.08629246657097979
Richards Developmental,-1211,-1544,0.056191479970962646
Richards Developmental,-888,-1733,0.04518250143751912
Richards Developmental,-2337,-632,0.08270250579868164
Richards Developmental,-2834,-1714,0.08462600739620575
Richards Developmental,-2879,-751,0.07962615259363826
Richards Developmental,-554,-742,0.010438625864208517
Richards Developmental,-1797,-699,0.07475554984018007
Richards Developmental,-1436,-2474,0.019840720463705802
Richards Developmental,-664,-928,0.040988543924966536
Richards Developmental,-4176,-738,0.07753130329949363
Richards Developmental,-2075,-1473,0.05806056214181941
Richards Developmental,-1445,-3343,0.029182759634116172
Richards Developmental,-1977,-2530,0.06097091945662851
Richards Developmental,-1926,-2873,0.06931683499472688
Richards Developmental,-1322,-1853,0.02590420157683601
Richards Developmental,-1768,-3278,0.03823705263468945
Richards Developmental,-738,-2946,0.023865356467799845
Richards Developmental,-2021,-1443,0.07165653988879017
Richards Developmental,-2198,-3025,0.036769896260496926
Richards Developmental,-2830,-1279,0.08105677413739774
Richards Developmental,-2143,-2871,0.04919211399900694
Richards Developmental,-4014,-709,0.04365641959161258
Richards Developmental,-3043,-967,0.07242551163797012
Richards Developmental,-3601,-2763,0.03354757209724399
Richards Developmental,-2579,-3301,0.03961414746272986
Richards Developmental,-948,-2323,0.03664326150096406
Richards Developmental,-3479,-1273,0.051107986771479624
Richards Developmental,-958,-3379,0.036374942401936824
Richards Developmental,-690,-3537,0.0451281589567159
Richards Developmental,-1873,-2966,0.05712652504138052
Richards Developmental,-1056,-2322,0.011090529018234496
Richards Developmental,-2398,-1346,0.08980555015507016
Richards Developmental,-685,-3102,0.03569484320192942
Richards Developmental,-3429,-1740,0.049926684054608456
Richards Developmental,-1856,-1165,0.05959513379121849
Richards Developmental,-1592,-1820,0.05506115787416198
Richards Developmental,-3281,-3139,0.06187573638629636
Richards Developmental,-2954,-2956,0.018964538121692773
Richards Developmental,-2722,-1280,0.02497242958259869
Richards Developmental,-3218,-2239,0.05925802605663212
Richards Developmental,-950,-2509,0.012111189524932613
Richards Developmental,-1905,-636,0.07191420429633473
Richards Developmental,-3323,-1989,0.07681530743261074
Richards Developmental,-886,-1547,0.059395904521467924
Richards Developmental,-3204,-872,0.07742200980157828
Richards Developmental,-1853,-916,0.10789990230852772
Richards Developmental,-3479,-1335,0.07555484698677002
Richards Developmental,-689,-3475,0.03410124255015744
Richards Developmental,-1870,-2656,0.03806581498451375
Richards Developmental,-2886,-1496,0.07181498667617972
Richards Developmental,-1647,-1912,0.06382440395672653
Richards Developmental,-3005,-2614,0.07451299840762281
Richards Developmental,-1988,-3649,0.0544190795420843
Richards Developmental,-2799,-3610,0.031367497888399834
Richards Developmental,-2245,-2248,0.0829807739621761
Richards Developmental,-1376,-1822,0.041114637479034974
Richards Developmental,-1599,-2565,0.047856451720584975
Richards Developmental,-1158,-1637,0.03548823598211502
Richards Developmental,-3066,-3265,0.039020039750212746
Richards Developmental,-1495,-3001,0.02615398399549912
Richards Developmental,-3334,-3045,0.05927466821074065
Richards Developmental,-1068,-3502,0.019916598583003667
Richards Developmental,-1100,-1296,0.0668014682564455
Richards Developmental,-2825,-720,0.07883672754785079
Richards Developmental,-1487,-2193,0.04517980626056249
Richards Developmental,-1537,-1727,0.05108645098949062
Richards Developmental,-2960,-3515,0.05905845133558489
Richards Developmental,-3443,-3169,0.051606981621112255
Richards Developmental,-2257,-3491,0.026951561057030587
Richards Developmental,-719,-1020,0.07332687098237077
Richards Developmental,-3172,-3140,0.09146561103093206
Richards Developmental,-1743,-731,0.07826978458327818
Richards Developmental,-2631,-3021,0.0857802459254425
Richards Developmental,-1208,-1295,0.060575010593573175
Richards Developmental,-2230,-757,0.059535300662923965
Richards Developmental,-2582,-3612,0.02468983890640565
Richards Developmental,-2564,-1686,0.06264251072920414
Richards Developmental,-944,-1950,0.03979144846516111
Richards Developmental,-560,-1301,0.04424641342565537
Richards Developmental,-2145,-3057,0.01822570068862471
Richards Developmental,-567,-2047,0.05489583154544746
Richards Developmental,-3158,-1649,0.0735328022540843
Richards Developmental,-1256,-642,0.09525304347548938
Richards Developmental,-1215,-1979,0.02605071708599238
Richards Developmental,-1553,-3404,0.018494055601477252
Richards Developmental,-1751,-1476,0.07274103572519396
Richards Developmental,-2851,-3454,0.05473422696849922
Richards Developmental,-2149,-3554,0.041187093354032894
Richards Developmental,-2520,-2774,0.09515006748666231
Richards Developmental,-2140,-2622,0.08980921825273097
Richards Developmental,-2141,-2684,0.07625932089259453
Richards Developmental,-1545,-2597,0.05216835857264558
Richards Developmental,-2258,-3615,0.01605612236385978
Richards Developmental,-3959,-678,0.0715793652013542
Richards Developmental,-608,-711,0.05738287709632668
Richards Developmental,-793,-3039,0.017426489799384784
Richards Developmental,-1007,-2851,0.017111800562345444
Richards Developmental,-2308,-3149,0.053561819837470576
Richards Developmental,-503,-1085,0.03229731467862297
Richards Developmental,-2499,-599,0.10821778490551925
Richards Developmental,-1421,-920,0.046659951038824574
Richards Developmental,-1311,-735,0.09324396840007114
Richards Developmental,-2662,-691,0.08275309292212019
Richards Developmental,-1286,-3749,0.002642866277677125
Richards Developmental,-3366,-839,0.08155691621249166
Richards Developmental,-2445,-631,0.09369083268031184
Richards Developmental,-2313,-3708,0.027951779719710815
Richards Developmental,-798,-3598,0.05028079133022825
Richards Developmental,-2189,-2031,0.07043216968536396
Richards Developmental,-2776,-1249,0.08124018901310794
Richards Developmental,-2419,-3520,0.05852392258375444
Richards Developmental,-2898,-2677,0.08894877758812349
Richards Developmental,-1380,-2257,0.010029071545442289
Richards Developmental,-2500,-723,0.07399578341950802
Richards Developmental,-2634,-3394,0.036928732623534494
Richards Developmental,-788,-2542,0.01421034484148262
Richards Developmental,-1284,-3500,0.004566795744742183
Richards Developmental,-673,-1797,0.05266902986099885
Richards Developmental,-2672,-1747,0.09457563761732432
Richards Developmental,-3383,-2579,0.04979465455250644
Richards Developmental,-1443,-3219,0.020006756952373604
Richards Developmental,-3543,-2360,0.07011052689855787
Richards Developmental,-3420,-808,0.09271827327831383
Richards Developmental,-2948,-2335,0.09858550849618807
Richards Developmental,-2835,-1839,0.0885947839496363
Richards Developmental,-2038,-3182,0.04539362992889555
Richards Developmental,-3377,-1895,0.07063300442311254
Richards Developmental,-1908,-947,0.061306677053419883
Richards Developmental,-2668,-1312,0.07039753335289602
Richards Developmental,-1920,-2251,0.052714043320753065
Richards Developmental,-1919,-2127,0.059655615068860746
Richards Developmental,-664,-865,0.07191229758766929
Richards Developmental,-2988,-812,0.09222055410920456
Richards Developmental,-2079,-1846,0.06786697670012083
Richards Developmental,-2998,-1930,0.07520092785977736
Richards Developmental,-2455,-1625,0.08556814790981207
Richards Developmental,-1266,-1636,0.05412331911018646
Richards Developmental,-2030,-2437,0.09788053172806813
Richards Developmental,-1069,-3689,0.01529884871234892
Richards Developmental,-735,-2636,0.01734504390569902
Richards Developmental,-1313,-983,0.07417234361178901
Richards Developmental,-2667,-1250,0.0704669624923349
Richards Developmental,-2459,-1998,0.09683427570084635
Richards Developmental,-2666,-1126,0.06626216217146136
Richards Developmental,-1710,-2875,0.0507284348303851
Richards Developmental,-2580,-3363,0.05536341622019325
Richards Developmental,-2308,-3211,0.036206946590680814
Richards Developmental,-1438,-2660,0.04197407117070058
Richards Developmental,-1983,-3090,0.06262132103495197
Richards Developmental,-2721,-1156,0.06827639937784093
Richards Developmental,-3325,-2176,0.07688025475758571
Richards Developmental,-2716,-659,0.10130269531063021
Richards Developmental,-1495,-2939,0.02456538605436815
Richards Developmental,-3169,-2767,0.06496510779954592
Richards Developmental,-1552,-3280,0.04003092727494391
Richards Developmental,-2846,-2895,0.08171637280622163
Richards Developmental,-3752,-1612,0.04946384528267493
Richards Developmental,-3491,-2516,0.07115303993490374
Richards Developmental,-3472,-590,0.06892414166984916
Richards Developmental,-1261,-1201,0.06913991470447775
Richards Developmental,-1493,-2753,0.04078827404047276
Richards Developmental,-3226,-3109,0.0673458769530837
Richards Developmental,-2827,-969,0.07593849769973268
Richards Developmental,-2891,-1993,0.08141876449268078
Richards Developmental,-3644,-1551,0.05935505726149701
Richards Developmental,-610,-897,0.06825687359718156
Richards Developmental,-3105,-1805,0.07844804497108716
Richards Developmental,-1070,-3751,0.008000142199179716
Richards Developmental,-1529,-919,0.08180832133504617
Richards Developmental,-2087,-2654,0.07362248546767941
Richards Developmental,-1862,-1848,0.082732325220137
Richards Developmental,-1601,-2752,0.04644216732115995
Richards Developmental,-1056,-2260,0.01642118191386748
Richards Developmental,-1059,-2633,0.012886799369669029
Richards Developmental,-2728,-1902,0.0895480966525337
Richards Developmental,-3262,-1213,0.053365766351546745
Richards Developmental,-990,-1111,0.05505978822049819
Richards Developmental,-2684,-2927,0.047909567141192
Richards Developmental,-3229,-3357,0.04138409291459701
Richards Developmental,-677,-2295,0.019580470705013883
Richards Developmental,-2852,-3516,0.04147362799306176
Richards Developmental,-3490,-2454,0.07192668392476327
Richards Developmental,-1538,-1851,0.06869711372499794
Richards Developmental,-2465,-2619,0.030295245518076608
Richards Developmental,-3750,-1364,0.09575278158171313
Richards Developmental,-3762,-2606,0.04485535742818551
Richards Developmental,-882,-1112,0.0670352086820887
Richards Developmental,-720,-1082,0.08908542751733493
Richards Developmental,-1719,-3745,0.03832601576095353
Richards Developmental,-2509,-1655,0.08572080331557487
Richards Developmental,-1161,-2010,0.020620233601041663
Richards Developmental,-1492,-2690,0.0611150267162769
Richards Developmental,-1801,-1134,0.10268508618587938
Richards Developmental,-1475,-889,0.07275259288925255
Richards Developmental,-3766,-3041,0.04506387106613979
Richards Developmental,-775,-1175,0.07957020128286674
Richards Developmental,-3532,-1179,0.04462052551242675
Richards Developmental,-879,-801,0.0537302360774517
Richards Developmental,-2413,-2837,0.07554485859631202
Richards Developmental,-735,-2698,0.007835044278661163
Richards Developmental,-1971,-1847,0.0791219877710039
Richards Developmental,-935,-1018,0.06279160175052324
Richards Developmental,-3117,-2985,0.09555011550459624
Richards Developmental,-1606,-3249,0.01845889027030867
Richards Developmental,-691,-3661,0.03519357768184947
Richards Developmental,-2787,-2367,0.06486933087500722
Richards Developmental,-2517,-2463,0.09501943760262112
Richards Developmental,-3421,-932,0.06765172677538538
Richards Developmental,-1927,-2935,0.07230233740401376
Richards Developmental,-3043,-904,0.07315803639697768
Richards Developmental,-1807,-1755,0.0646322106536224
Richards Developmental,-3378,-2020,0.07357539618615075
Richards Developmental,-3164,-2270,0.07724517362034304
Richards Developmental,-782,-1921,0.0697450874460185
Richards Developmental,-3659,-3104,0.04396609812572584
Richards Developmental,-2664,-939,0.10020027950296208
Richards Developmental,-3364,-591,0.08660407007912801
Richards Developmental,-1433,-2163,0.03903208801363649
Richards Developmental,-1642,-1415,0.09037555267624318
Richards Developmental,-770,-740,0.06697004935854006
Richards Developmental,-1069,-3627,0.013762145164339948
Richards Developmental,-837,-2013,0.03599170410199533
Richards Developmental,-1223,-2848,0.028796534481193875
Richards Developmental,-1385,-2816,0.01964261835845671
Richards Developmental,-2958,-3329,0.08279593680721532
Richards Developmental,-826,-895,0.04824489708837884
Richards Developmental,-1117,-3036,0.008434554930823943
Richards Developmental,-1472,-578,0.06799843092764807
Richards Developmental,-2610,-909,0.0737324985976339
Richards Developmental,-844,-2697,0.010466616953825642
Richards Developmental,-787,-2418,0.01041351628968995
Richards Developmental,-3224,-2860,0.02861255754229987
Richards Developmental,-2609,-784,0.10610212277660794
Richards Developmental,-1527,-733,0.08675827125701918
Richards Developmental,-2399,-1470,0.056859981272193244
Richards Developmental,-1801,-1072,0.07471091224002138
Richards Developmental,-3636,-805,0.10022169585265406
Richards Developmental,-1742,-606,0.0741320000807398
Richards Developmental,-3116,-2861,0.08660098218850548
Richards Developmental,-1650,-2285,0.028599672311887467
Richards Developmental,-1013,-3410,0.030662721783654118
Richards Developmental,-562,-1550,0.07994935986332581
Richards Developmental,-3958,-554,0.058840457432243407
Richards Developmental,-4014,-771,0.06279122682205021
Richards Developmental,-2462,-2370,0.07732795038947302
Richards Developmental,-674,-1922,0.04767649442945375
Richards Developmental,-2254,-3242,0.04608279295115346
Richards Developmental,-2292,-1595,0.07763717919944378
Richards Developmental,-1982,-3027,0.07734213830161846
Richards Developmental,-946,-2137,0.018743416103506758
Richards Developmental,-2743,-3455,0.04334672201223187
Richards Developmental,-962,-3752,0.0523462729243267
Richards Developmental,-1002,-2354,0.03135660246956541
Richards Developmental,-2018,-1132,0.0686283138033448
Richards Developmental,-2237,-1503,0.06878804197996774
Richards Developmental,-884,-1298,0.06765462118120666
Richards Developmental,-1001,-2229,0.024899094756137316
Richards Developmental,-1548,-2845,0.02128452192395619
Richards Developmental,-3599,-2515,0.057490376260553325
Richards Developmental,-3309,-560,0.07537012992233948
Richards Developmental,-2342,-1129,0.06682739583346164
Richards Developmental,-1984,-3276,0.05150244954193352
Richards Developmental,-2661,-566,0.09277049676011917
Richards Developmental,-1699,-1694,0.07341111513189008
Richards Developmental,-2986,-625,0.10898911230109115
Richards Developmental,-2073,-1225,0.07435173588268357
Richards Developmental,-2795,-3237,0.06919604920288068
Richards Developmental,-1798,-823,0.08014227670910197
Richards Developmental,-2350,-1936,0.08841414944797592
Richards Developmental,-3058,-2458,0.07453360374777013
Richards Developmental,-2187,-1907,0.08300641264403343
Richards Developmental,-1713,-3123,0.038071791553301995
Richards Developmental,-900,-2976,0.030518256101026514
Richards Developmental,-1380,-2319,0.020973467250133486
Richards Developmental,-3798,-773,0.07220381085464851
Richards Developmental,-885,-1423,0.06474505165845537
Richards Developmental,-839,-2200,0.03926049969428162
Richards Developmental,-1800,-948,0.0463904644511489
Richards Developmental,-2095,-3523,0.081443188891257845
Richards Developmental,-1694,-1259,0.06683441336150582
Richards Developmental,-1434,-2287,0.018163987591829772
Richards Developmental,-947,-2261,0.025391753210138576
Richards Developmental,-2338,-694,0.07006342209922509
Richards Developmental,-1692,-1011,0.07201642535055466
Richards Developmental,-2885,-1372,0.07888560369728512
Richards Developmental,-744,-3568,0.03900955240203556
Richards Developmental,-1117,-2974,0.0024798592148376278
Richards Developmental,-2025,-1940,0.08345433209638542
Richards Developmental,-781,-1796,0.07342770207681999
Richards Developmental,-3587,-1334,0.0699545896790199
Richards Developmental,-1387,-2940,0.03341406939068883
Richards Developmental,-628,-2761,0.03421578768233559
Richards Developmental,-2033,-2685,0.09355451384944644
Richards Developmental,-1041,-769,0.07000357246102332
Richards Developmental,-1330,-2723,0.020995165451821216
Richards Developmental,-1704,-2191,0.03276906466489818
Richards Developmental,-1825,-3557,0.03909085443468807
Richards Developmental,-1483,-1696,0.06492253500125124
Richards Developmental,-2237,-1440,0.07379929228722637
Richards Developmental,-1335,-3220,0.019087020908080357
Richards Developmental,-1695,-1321,0.07534724519966714
Richards Developmental,-3651,-2359,0.06737748112691226
Richards Developmental,-991,-1235,0.0746836144420721
Richards Developmental,-2203,-3460,0.037120318238562044
Richards Developmental,-672,-1735,0.051939640622339994
Richards Developmental,-3009,-2986,0.07453679136987862
Richards Developmental,-2252,-2994,0.05219827178115316
Richards Developmental,-2724,-1529,0.07370930946580169
Richards Developmental,-2785,-2243,0.09169011999225134
Richards Developmental,-3221,-2549,0.07274225633040794
Richards Developmental,-3702,-1954,0.045496137323928584
Richards Developmental,-1281,-3252,0.014685942514490444
Richards Developmental,-3009,-3049,0.04226062989483795
Richards Developmental,-3093,-562,0.07291001033752949
Richards Developmental,-2903,-3236,0.07145196967710585
Richards Developmental,-1100,-1234,0.08051162207917728
Richards Developmental,-1480,-1448,0.09040128971854096
Richards Developmental,-2473,-3489,0.05882229399265208
Richards Developmental,-3537,-1738,0.06052153773501193
Richards Developmental,-555,-804,0.03368685565027284
Richards Developmental,-2236,-1378,0.07029240350774607
Richards Developmental,-2959,-3391,0.06060298386330519
Richards Developmental,-677,-2232,0.02874585428057244
Richards Developmental,-2467,-2867,0.08213956073652698
Richards Developmental,-1815,-2563,0.013784731085343185
Richards Developmental,-506,-1333,0.041393538217013526
Richards Developmental,-1103,-1607,0.04733770429846497
Richards Developmental,-3174,-3264,0.05560358035856272
Richards Developmental,-1855,-1102,0.07167968228251477
Richards Developmental,-2879,-813,0.10428700131712768
Richards Developmental,-1598,-2441,0.04550725015319826
Richards Developmental,-2626,-2524,0.0802222979448452
Richards Developmental,-1861,-1662,0.06582566403555588
Richards Developmental,-2469,-3116,0.1033783300393008
Richards Developmental,-783,-1983,0.05789223928679267
Richards Developmental,-1802,-1196,0.07854516665618638
Richards Developmental,-2898,-2739,0.07952606570847343
Richards Developmental,-1219,-2414,0.02669956554417989
Richards Developmental,-2305,-2900,0.06998120203257133
Richards Developmental,-1486,-2069,0.03177033972665612
Richards Developmental,-1116,-2912,0.015460682895831829
Richards Developmental,-2471,-3240,0.0762727093074129
Richards Developmental,-792,-2977,0.024156596074143583
Richards Developmental,-2461,-2246,0.08392331228988781
Richards Developmental,-3384,-2703,0.025795570179518876
Richards Developmental,-722,-1269,0.08023626358890877
Richards Developmental,-2957,-3204,0.08267374711710525
Richards Developmental,-3392,-3511,0.004672414958590582
Richards Developmental,-1852,-792,0.07150810860397802
Richards Developmental,-773,-1051,0.08054891747713572
Richards Developmental,-1257,-704,0.10215771609888291
Richards Developmental,-1440,-2908,0.0425003410754007
Richards Developmental,-1663,-3528,0.017853063403303504
Richards Developmental,-2999,-1992,0.08578935321073802
Richards Developmental,-3107,-1991,0.08425628124777841
Richards Developmental,-1123,-3657,0.0052112066127908835
Richards Developmental,-2881,-937,0.08515449371808598
Richards Developmental,-2896,-2553,0.03246256934687192
Richards Developmental,-3323,-1927,0.0719911780300179
Richards Developmental,-2849,-3268,0.031857440610115806
Richards Developmental,-1541,-2100,0.02532237557486461
Richards Developmental,-3119,-3234,0.023518795155689068
Richards Developmental,-993,-1359,0.08063927160595588
Richards Developmental,-3222,-2674,0.044541239317394676
Richards Developmental,-1701,-1943,0.0433973088186911
Richards Developmental,-1756,-1973,0.04797927848554372
Richards Developmental,-3706,-2389,0.06136609231237332
Richards Developmental,-991,-1173,0.08249435932754164
Richards Developmental,-3474,-838,0.07926622463151692
Richards Developmental,-3594,-2018,0.060698129708827556
Richards Developmental,-799,-3660,0.032269346445069985
Richards Developmental,-4068,-739,0.051339032890295636
Richards Developmental,-1282,-3314,0.01739264201732256
Richards Developmental,-1371,-1325,0.0845138294772683
Richards Developmental,-2358,-2806,0.059578119717962896
Richards Developmental,-3375,-1709,0.07506498397201179
Richards Developmental,-1065,-3254,0.016850561544670073
Richards Developmental,-1967,-1474,0.05345763595136582
Richards Developmental,-1666,-3838,0.03214415025070286
Richards Developmental,-2256,-3367,0.03470619646467374
Richards Developmental,-740,-3195,0.049189939880560335
Richards Developmental,-1589,-1571,0.08224024264641878
Richards Developmental,-3648,-1986,0.052828770198066796
Richards Developmental,-1593,-1944,0.06667362063112539
Richards Developmental,-3744,-804,0.09746795179910796
Richards Developmental,-3227,-3171,0.06364004122944517
Richards Developmental,-3060,-2706,0.06894537532992595
Richards Developmental,-2179,-1099,0.07248838765508814
Richards Developmental,-2577,-3053,0.09398921924582736
Richards Developmental,-1936,-3867,0.0261619407308908
Richards Developmental,-1475,-951,0.06083346739314359
Richards Developmental,-1374,-1635,0.0643099179339957
Richards Developmental,-1328,-2475,0.026960164365069983
Richards Developmental,-2944,-1837,0.06202775476841568
Richards Developmental,-3211,-1555,0.07514778052283465
Richards Developmental,-1550,-3032,0.02753365557017117
Richards Developmental,-1644,-1664,0.0932137381062181
Richards Developmental,-2015,-821,0.07485596395517696
Richards Developmental,-1719,-3807,0.023678700388995763
Richards Developmental,-1424,-1231,0.0612938494372407
Richards Developmental,-2135,-2125,0.08511812379180812
Richards Developmental,-3746,-929,0.06784520072501538
Richards Developmental,-2251,-2932,0.044833866775600514
Richards Developmental,-2988,-874,0.08217826364491694
Richards Developmental,-2528,-3581,0.03815691479822539
Richards Developmental,-2779,-1559,0.08571163303279698
Richards Developmental,-1711,-2999,0.04553858343518487
Richards Developmental,-3104,-1618,0.08046854481068304
Richards Developmental,-892,-2168,0.018947939301594774
Richards Developmental,-2727,-1840,0.086633924248443
Richards Developmental,-3390,-3262,0.04087504257121284
Richards Developmental,-2780,-1746,0.08219204003033521
Richards Developmental,-796,-3412,0.037441498196914266
Richards Developmental,-1972,-2033,0.08310688462562664
Richards Developmental,-1715,-3372,0.01238169636583307
Richards Developmental,-2995,-1619,0.07937469353709921
Richards Developmental,-1860,-1599,0.07035119964500106
Richards Developmental,-2732,-2337,0.0877450192154066
Richards Developmental,-1544,-2410,0.031169167826098493
Richards Developmental,-2617,-1654,0.09062123493103744
Richards Developmental,-3317,-1306,0.0775204767056533
Richards Developmental,-2347,-1626,0.07589607572947848
Richards Developmental,-3766,-2979,0.01904456183723037
Richards Developmental,-1015,-3596,0.03012683894059942
Richards Developmental,-1581,-701,0.07897995690413487
Richards Developmental,-3269,-1959,0.07920266477950058
Richards Developmental,-1748,-1166,0.08138463356309407
Richards Developmental,-3160,-1835,0.06362490767884087
Richards Developmental,-1176,-3564,0.006529899379776424
Richards Developmental,-561,-1488,0.0568836248746057
Richards Developmental,-1602,-2814,0.039054440111218405
Richards Developmental,-1435,-2349,0.023249084594885498
Richards Developmental,-2192,-2342,0.09312417603182993
Richards Developmental,-1586,-1198,0.06409570087208871
Richards Developmental,-847,-3007,0.006797300735251491
Richards Developmental,-3101,-1308,0.0761879386526648
Richards Developmental,-2616,-1468,0.08111600275658243
Richards Developmental,-3444,-3231,0.05932730216170368
Richards Developmental,-836,-1951,0.04521192531777385
Richards Developmental,-3001,-2179,0.08092009562442985
Richards Developmental,-949,-2447,0.003659092083425443
Richards Developmental,-1326,-2288,0.012571791928211347
Richards Developmental,-1316,-1232,0.08621790582390074
Richards Developmental,-1280,-3128,0.01400123969733938
Richards Developmental,-1645,-1726,0.053797745580966394
Richards Developmental,-1925,-2748,0.06576248233850773
Richards Developmental,-2035,-2934,0.08758752697827375
Richards Developmental,-3000,-2054,0.06134432652080131
Richards Developmental,-3262,-1275,0.06425068607636626
Richards Developmental,-2887,-1558,0.09329341154502052
Richards Developmental,-1875,-3091,0.08206057962352602
Richards Developmental,-2299,-2279,0.08558236295594124
Richards Developmental,-3148,-593,0.09811933859649516
Richards Developmental,-1062,-2881,0.02093496035015375
Richards Developmental,-3257,-716,0.07533144042133359
Richards Developmental,-1597,-2379,0.04668508830830369
Richards Developmental,-3445,-3355,0.032219095029362474
Richards Developmental,-3656,-2856,0.010406102088335256
Richards Developmental,-3634,-619,0.06905461987817431
Richards Developmental,-1382,-2443,0.025006478975985458
Richards Developmental,-3102,-1432,0.06741313371359262
Richards Developmental,-3436,-2423,0.07660208226997921
Richards Developmental,-3165,-2395,0.06411339884832155
Richards Developmental,-1592,-1882,0.07161688771480722
Richards Developmental,-1707,-2564,0.05697651758699164
Richards Developmental,-1527,-671,0.09285406808866155
Richards Developmental,-2090,-2964,0.06489738109583072
Richards Developmental,-3538,-1863,0.06532668716016286
Richards Developmental,-3643,-1489,0.06965118234294793
Richards Developmental,-2831,-1404,0.08151856077079052
Richards Developmental,-784,-2169,0.05565367715876374
Richards Injury-Response,-566,-1923,0.08149123777371901
Richards Injury-Response,-1176,-3501,0.08955235881997499
Richards Injury-Response,-2718,-845,0.05728471413627133
Richards Injury-Response,-2935,-968,0.04879472927957053
Richards Injury-Response,-3742,-556,0.030848847095519147
Richards Injury-Response,-2669,-1436,0.05382194581858482
Richards Injury-Response,-3214,-1866,0.04196149254222563
Richards Injury-Response,-2396,-1159,0.048978575511146955
Richards Injury-Response,-734,-2574,0.11375607234767468
Richards Injury-Response,-3527,-682,0.06134946027952194
Richards Injury-Response,-2306,-3024,0.08063919106253667
Richards Injury-Response,-2843,-2646,0.04377691960604774
Richards Injury-Response,-3854,-928,0.04455499928483998
Richards Injury-Response,-2829,-1155,0.047636546189398304
Richards Injury-Response,-3851,-617,0.06136181564740656
Richards Injury-Response,-946,-2074,0.09415560326385303
Richards Injury-Response,-1963,-1039,0.043544247837266084
Richards Injury-Response,-3758,-2233,0.03749503578776195
Richards Injury-Response,-3380,-2268,0.06748939111386024
Richards Injury-Response,-1707,-2502,0.08336552936509216
Richards Injury-Response,-1696,-1384,0.10160864581398675
Richards Injury-Response,-3156,-1400,0.04776096751482438
Richards Injury-Response,-947,-2199,0.08930405665898086
Richards Injury-Response,-2797,-3486,0.0663213372582439
Richards Injury-Response,-2690,-3549,0.0658560499855142
Richards Injury-Response,-1174,-3315,0.09182356701476704
Richards Injury-Response,-2952,-2707,0.0638257825193662
Richards Injury-Response,-3279,-3015,0.06917222314052487
Richards Injury-Response,-3473,-714,0.06910845262002084
Richards Injury-Response,-2786,-2305,0.04536975234572739
Richards Injury-Response,-1263,-1326,0.05754572709454377
Richards Injury-Response,-1114,-2725,0.0348150379776045
Richards Injury-Response,-2190,-2156,0.04944861381339248
Richards Injury-Response,-1796,-575,0.04538951909932597
Richards Injury-Response,-2246,-2372,0.0657172012801103
Richards Injury-Response,-2121,-696,0.041497179303262896
Richards Injury-Response,-1173,-3253,0.07930072187364764
Richards Injury-Response,-1824,-3495,0.11069067220737772
Richards Injury-Response,-3373,-1523,0.05848286880330697
Richards Injury-Response,-667,-1176,0.038399442744159545
Richards Injury-Response,-742,-3381,0.10102876015214303
Richards Injury-Response,-2941,-1589,0.04332912765801984
Richards Injury-Response,-1917,-1879,0.05204670986339653
Richards Injury-Response,-3699,-1706,0.05239103862409919
Richards Injury-Response,-1966,-1350,0.04608903964358929
Richards Injury-Response,-3176,-3451,0.05458517144745839
Richards Injury-Response,-897,-2603,0.06215238564315249
Richards Injury-Response,-2829,-1217,0.0390330602407942
Richards Injury-Response,-725,-1642,0.06274613130444393
Richards Injury-Response,-3589,-1520,0.05949629731454467
Richards Injury-Response,-1222,-2662,0.047064609294740704
Richards Injury-Response,-1968,-1536,0.04792075623469837
Richards Injury-Response,-1880,-3650,0.07180198386356645
Richards Injury-Response,-558,-1115,0.030093571594267635
Richards Injury-Response,-2344,-1315,0.053102813560878565
Richards Injury-Response,-743,-3443,0.09830364029879837
Richards Injury-Response,-3907,-896,0.0513212161710111
Richards Injury-Response,-1156,-1513,0.05277436596396638
Richards Injury-Response,-1213,-1792,0.06947326353641757
Richards Injury-Response,-2582,-3550,0.07597727205798925
Richards Injury-Response,-844,-2759,0.09560149975691214
Richards Injury-Response,-1709,-2751,0.07071668712566968
Richards Injury-Response,-2905,-3422,0.05586653768223333
Richards Injury-Response,-1059,-2570,0.024307559342764858
Richards Injury-Response,-3767,-3103,0.06956366559163954
Richards Injury-Response,-3330,-2673,0.04815764564633418
Richards Injury-Response,-1283,-3438,0.06161187615198181
Richards Injury-Response,-3528,-806,0.061841441968927185
Richards Injury-Response,-3278,-2828,0.07128045335436019
Richards Injury-Response,-1217,-2227,0.04321721788217034
Richards Injury-Response,-1711,-2937,0.08630203137811925
Richards Injury-Response,-1503,-3809,0.06809710061995713
Richards Injury-Response,-830,-1268,0.04069658908286776
Richards Injury-Response,-1653,-2596,0.08175571104841978
Richards Injury-Response,-3338,-3480,0.05470325598879011
Richards Injury-Response,-3121,-3420,0.08758664891993742
Richards Injury-Response,-2943,-1775,0.03823947435780696
Richards Injury-Response,-2998,-1868,0.04692636330275139
Richards Injury-Response,-1700,-1819,0.051615705530167796
Richards Injury-Response,-902,-3162,0.10859066367313086
Richards Injury-Response,-2359,-2868,0.08112740212837061
Richards Injury-Response,-1583,-888,0.045636315167467995
Richards Injury-Response,-621,-2078,0.06002036882619198
Richards Injury-Response,-3382,-2455,0.04073524506077007
Richards Injury-Response,-2458,-1935,0.07014284537292849
Richards Injury-Response,-1067,-3440,0.08505224155570318
Richards Injury-Response,-993,-1422,0.04195576949691272
Richards Injury-Response,-2311,-3459,0.0800738790354928
Richards Injury-Response,-3268,-1834,0.04299613831047831
Richards Injury-Response,-1275,-2630,0.03802484109510658
Richards Injury-Response,-1492,-2628,0.09527522825563879
Richards Injury-Response,-784,-2107,0.07750833492960124
Richards Injury-Response,-1369,-1138,0.042814548062444155
Richards Injury-Response,-1966,-1412,0.05053922060839873
Richards Injury-Response,-1153,-1202,0.049897288263540465
Richards Injury-Response,-2068,-790,0.04715855008797602
Richards Injury-Response,-676,-2108,0.07712297586458057
Richards Injury-Response,-1101,-1358,0.07216732711117282
Richards Injury-Response,-3744,-742,0.04498107282657424
Richards Injury-Response,-3650,-2234,0.043679157784456274
Richards Injury-Response,-669,-1425,0.04583907923095104
Richards Injury-Response,-2357,-2682,0.050922120159533485
Richards Injury-Response,-1858,-1413,0.06621842289682033
Richards Injury-Response,-2306,-2962,0.10388324955448669
Richards Injury-Response,-2507,-1469,0.04998047788597934
Richards Injury-Response,-2361,-3055,0.0771348490821479
Richards Injury-Response,-3592,-1769,0.04837504342573268
Richards Injury-Response,-1823,-3371,0.09408692439453518
Richards Injury-Response,-3602,-2825,0.05990484885775141
Richards Injury-Response,-3276,-2704,0.0545028456938587
Richards Injury-Response,-906,-3597,0.07837207640723995
Richards Injury-Response,-3482,-1646,0.03697947272938003
Richards Injury-Response,-3114,-2675,0.04912025789068181
Richards Injury-Response,-2305,-2838,0.06827590372916847
Richards Injury-Response,-3496,-3075,0.06600446248007642
Richards Injury-Response,-570,-2358,0.10526977469538061
Richards Injury-Response,-1919,-2065,0.044770564646592195
Richards Injury-Response,-1876,-3277,0.08597006237368257
Richards Injury-Response,-1699,-1756,0.05061238138693612
Richards Injury-Response,-2026,-2002,0.0442475164835049
Richards Injury-Response,-3802,-1208,0.04694252737837487
Richards Injury-Response,-1824,-3433,0.10470199681871536
Richards Injury-Response,-3642,-1365,0.0671717106873134
Richards Injury-Response,-3580,-588,0.06715521364034811
Richards Injury-Response,-1766,-3092,0.10943606618748428
Richards Injury-Response,-2797,-3423,0.07058113510137372
Richards Injury-Response,-1432,-2039,0.10458368386738048
Richards Injury-Response,-2184,-1534,0.065181707687121
Richards Injury-Response,-2500,-661,0.06556383919629535
Richards Injury-Response,-2614,-1344,0.05012816090204382
Richards Injury-Response,-3756,-2047,0.0692849540307263
Richards Injury-Response,-1907,-884,0.03189432857717456
Richards Injury-Response,-3047,-1401,0.049603790218233426
Richards Injury-Response,-3226,-3046,0.06892792747585698
Richards Injury-Response,-3497,-3199,0.07130479028052127
Richards Injury-Response,-1395,-3810,0.06081065073847042
Richards Injury-Response,-2887,-1621,0.050697571795095264
Richards Injury-Response,-679,-2481,0.10009745064534763
Richards Injury-Response,-2346,-1502,0.05104296177549607
Richards Injury-Response,-3213,-1742,0.08334014783423582
Richards Injury-Response,-682,-2792,0.09925345942952771
Richards Injury-Response,-1640,-1167,0.056329403132362454
Richards Injury-Response,-3215,-1990,0.05368750656142218
Richards Injury-Response,-3011,-3235,0.08209278391499639
Richards Injury-Response,-3489,-2329,0.051535852892070605
Richards Injury-Response,-1744,-793,0.04917364073693234
Richards Injury-Response,-836,-1889,0.09504237135047498
Richards Injury-Response,-2878,-626,0.05697722340033977
Richards Injury-Response,-1881,-3712,0.05468045972799879
Richards Injury-Response,-2343,-1253,0.05986001172247438
Richards Injury-Response,-668,-1300,0.03884400778300498
Richards Injury-Response,-1107,-2042,0.037037134004607654
Richards Injury-Response,-831,-1392,0.037070822795342004
Richards Injury-Response,-2523,-3022,0.05754100528671796
Richards Injury-Response,-841,-2448,0.07248504379495531
Richards Injury-Response,-2448,-879,0.06682262411506226
Richards Injury-Response,-2148,-3430,0.08430079428579258
Richards Injury-Response,-2994,-1495,0.04995835396748054
Richards Injury-Response,-2793,-2988,0.051794291063883086
Richards Injury-Response,-1648,-2037,0.06784944433968886
Richards Injury-Response,-1208,-1233,0.049027835740700076
Richards Injury-Response,-1662,-3466,0.07679645346395118
Richards Injury-Response,-1772,-3713,0.07248173808329442
Richards Injury-Response,-1760,-2408,0.07325189180865498
Richards Injury-Response,-1447,-3592,0.07150400537531393
Richards Injury-Response,-2017,-1070,0.0472382534664498
Richards Injury-Response,-1428,-1666,0.06589282593956415
Richards Injury-Response,-3907,-834,0.062406906053778854
Richards Injury-Response,-3372,-1398,0.04990255102894618
Richards Injury-Response,-2568,-2121,0.05677287612682136
Richards Injury-Response,-3546,-2608,0.0570825215304261
Richards Injury-Response,-3581,-713,0.048769567305959036
Richards Injury-Response,-933,-832,0.028577756738351515
Richards Injury-Response,-3166,-2519,0.05720902702447789
Richards Injury-Response,-1661,-3403,0.07481196521266179
Richards Injury-Response,-3799,-835,0.04685534921337342
Richards Injury-Response,-3058,-2520,0.04623128402089076
Richards Injury-Response,-2848,-3143,0.06749410057751246
Richards Injury-Response,-4015,-833,0.04247249496841028
Richards Injury-Response,-1121,-3409,0.08943175684305651
Richards Injury-Response,-1005,-2664,0.03616741455584213
Richards Injury-Response,-2878,-689,0.05433004178101844
Richards Injury-Response,-3118,-3110,0.09832625296335457
Richards Injury-Response,-2794,-3175,0.06782494794629391
Richards Injury-Response,-800,-3785,0.09287942888687067
Richards Injury-Response,-2142,-2808,0.062719821382387
Richards Injury-Response,-1589,-1509,0.05017377141889724
Richards Injury-Response,-2020,-1380,0.0603573119557875
Richards Injury-Response,-2391,-600,0.054221123130654
Richards Injury-Response,-3062,-2893,0.06433765343083565
Richards Injury-Response,-1969,-1723,0.03858906043080364
Richards Injury-Response,-2792,-2926,0.056932678757473154
Richards Injury-Response,-2667,-1188,0.040206970284379195
Richards Injury-Response,-2346,-1564,0.05150088974800679
Richards Injury-Response,-3481,-1522,0.05248761273258959
Richards Injury-Response,-2069,-852,0.059500881194149424
Richards Injury-Response,-1929,-3121,0.0627096941651319
Richards Injury-Response,-1705,-2316,0.09105079929396312
Richards Injury-Response,-2796,-3361,0.04672985155652597
Richards Injury-Response,-1167,-2569,0.02968552670258394
Richards Injury-Response,-825,-833,0.049756827989194174
Richards Injury-Response,-1703,-2129,0.06184833846493955
Richards Injury-Response,-1429,-1790,0.07499544693583893
Richards Injury-Response,-1203,-736,0.049005251795197546
Richards Injury-Response,-1755,-1911,0.052338569173712046
Richards Injury-Response,-2088,-2778,0.050403103092901066
Richards Injury-Response,-790,-2791,0.10604248840404025
Richards Injury-Response,-1872,-2780,0.054652888634315985
Richards Injury-Response,-1315,-1108,0.045323127575404895
Richards Injury-Response,-3216,-2052,0.05569910001279402
Richards Injury-Response,-3209,-1307,0.0676116177155998
Richards Injury-Response,-786,-2356,0.09563683745183017
Richards Injury-Response,-949,-2385,0.10055006325940383
Richards Injury-Response,-955,-3069,0.10121971710319688
Richards Injury-Response,-3282,-3263,0.06727535436081365
Richards Injury-Response,-3159,-1773,0.051680901512037095
Richards Injury-Response,-2445,-569,0.05037258334878801
Richards Injury-Response,-3582,-837,0.05196668192718
Richards Injury-Response,-1545,-2535,0.08368008853391444
Richards Injury-Response,-2124,-944,0.0275124966082526
Richards Injury-Response,-3381,-2330,0.044615641175269435
Richards Injury-Response,-2680,-2492,0.04664030313478973
Richards Injury-Response,-2618,-1716,0.04025960995569407
Richards Injury-Response,-2848,-3081,0.06360721248091149
Richards Injury-Response,-900,-2914,0.1101618346105515
Richards Injury-Response,-629,-2885,0.10011423033569265
Richards Injury-Response,-827,-1019,0.034336330529949
Richards Injury-Response,-3166,-2457,0.06094925196023754
Richards Injury-Response,-573,-2668,0.11258071155631731
Richards Injury-Response,-3270,-2083,0.04974814040325509
Richards Injury-Response,-1324,-2102,0.05102145413888442
Richards Injury-Response,-3441,-2982,0.06994452166271317
Richards Injury-Response,-793,-3101,0.1331456242557129
Richards Injury-Response,-2029,-2250,0.07439784198562711
Richards Injury-Response,-3008,-2924,0.06353962124614518
Richards Injury-Response,-933,-770,0.059380233410419855
Richards Injury-Response,-2446,-693,0.05215846463537101
Richards Injury-Response,-629,-2823,0.10193824271865533
Richards Injury-Response,-908,-3784,0.08663659267602433
Richards Injury-Response,-3014,-3483,0.05671545133154954
Richards Injury-Response,-2462,-2308,0.05093520999074834
Richards Injury-Response,-2773,-938,0.0630557707400799
Richards Injury-Response,-2674,-1871,0.0531621131286959
Richards Injury-Response,-1095,-737,0.045255112819684654
Richards Injury-Response,-2038,-3244,0.06453545374492126
Richards Injury-Response,-1749,-1352,0.04688101015187117
Richards Injury-Response,-2402,-1718,0.05080726089021374
Richards Injury-Response,-3697,-1457,0.04352034546034113
Richards Injury-Response,-3491,-2578,0.05748341937781477
Richards Injury-Response,-2475,-3675,0.07264836135051052
Richards Injury-Response,-2675,-2058,0.05465563542579903
Richards Injury-Response,-4339,-830,0.06979528504168664
Richards Injury-Response,-3542,-2236,0.03899127960841482
Richards Injury-Response,-1045,-1204,0.04739471736757994
Richards Injury-Response,-3430,-1802,0.06694403642440086
Richards Injury-Response,-3011,-3173,0.07484469597561827
Richards Injury-Response,-1113,-2601,0.03166967994828675
Richards Injury-Response,-739,-3071,0.11811102052607804
Richards Injury-Response,-893,-2230,0.10011584243904198
Richards Injury-Response,-3475,-900,0.05165723194593003
Richards Injury-Response,-3708,-2638,0.02903645379218281
Richards Injury-Response,-1924,-2624,0.06511701998171704
Richards Injury-Response,-2364,-3428,0.08729918958672794
Richards Injury-Response,-3171,-3016,0.06924834869589008
Richards Injury-Response,-2907,-3609,0.050991054452049225
Richards Injury-Response,-637,-3693,0.03247626350050947
Richards Injury-Response,-3797,-711,0.04918964460794366
Richards Injury-Response,-3700,-1768,0.03819361959141075
Richards Injury-Response,-680,-2605,0.10842061069238802
Richards Injury-Response,-3102,-1494,0.049298147533579736
Richards Injury-Response,-2129,-1504,0.04814947866387419
Richards Injury-Response,-2128,-1317,0.07814112494586425
Richards Injury-Response,-833,-1641,0.058737885175514565
Richards Injury-Response,-902,-3100,0.10791072506817853
Richards Injury-Response,-3476,-962,0.04651374275172808
Richards Injury-Response,-1936,-3805,0.05030148650315261
Richards Injury-Response,-609,-835,0.02930814840907247
Richards Injury-Response,-1604,-3062,0.07515272736545253
Richards Injury-Response,-2175,-602,0.04480362784804823
Richards Injury-Response,-1761,-2533,0.07687849942818972
Richards Injury-Response,-2367,-3738,0.05140520493905086
Richards Injury-Response,-2404,-1905,0.07745362245343644
Richards Injury-Response,-952,-2758,0.06505982825744955
Richards Injury-Response,-3810,-2015,0.01767008697959571
Richards Injury-Response,-2193,-2466,0.04355105053871117
Richards Injury-Response,-1332,-2847,0.08713121337582039
Richards Injury-Response,-2736,-2772,0.07964543446951532
Richards Injury-Response,-3057,-2396,0.05416858173411994
Richards Injury-Response,-2616,-1530,0.05787347618995588
Richards Injury-Response,-2247,-2497,0.04871950616831512
Richards Injury-Response,-1960,-729,0.049327713000877446
Richards Injury-Response,-1934,-3680,0.05641971097155753
Richards Injury-Response,-1210,-1419,0.04990033503833993
Richards Injury-Response,-3496,-3013,0.04354503837594258
Richards Injury-Response,-3220,-2425,0.03731250912792916
Richards Injury-Response,-3272,-2269,0.04799106721881449
Richards Injury-Response,-3063,-2955,0.08817228545804462
Richards Injury-Response,-670,-1549,0.06774575407726884
Richards Injury-Response,-3691,-898,0.0541098652294591
Richards Injury-Response,-2939,-1340,0.050661216834168105
Richards Injury-Response,-1204,-860,0.04424419126282535
Richards Injury-Response,-951,-2634,0.037301665514511945
Richards Injury-Response,-2195,-2653,0.04947340671617523
Richards Injury-Response,-2636,-3580,0.07439824649992823
Richards Injury-Response,-4067,-615,0.06810184365586806
Richards Injury-Response,-2771,-752,0.053220389824134184
Richards Injury-Response,-3203,-685,0.06714193360382714
Richards Injury-Response,-1329,-2537,0.022235470218566762
Richards Injury-Response,-2628,-2710,0.05269457907625248
Richards Injury-Response,-2510,-1780,0.06854801243029211
Richards Injury-Response,-1421,-982,0.03706422496262678
Richards Injury-Response,-839,-2262,0.10098058393687498
Richards Injury-Response,-3647,-1924,0.028819752640443494
Richards Injury-Response,-1168,-2694,0.024754337117456164
Richards Injury-Response,-853,-3629,0.09242619016593202
Richards Injury-Response,-1754,-1849,0.05451823217197768
Richards Injury-Response,-3651,-2297,0.034489492453795026
Richards Injury-Response,-1125,-3844,0.07838508225673957
Richards Injury-Response,-1094,-613,0.04431898406195009
Richards Injury-Response,-3857,-1238,0.021832406852169306
Richards Injury-Response,-1170,-2880,0.05147791626480087
Richards Injury-Response,-3592,-1831,0.051196359451258625
Richards Injury-Response,-779,-1610,0.08206432905647171
Richards Injury-Response,-3660,-3229,0.06091460653051718
Richards Injury-Response,-1763,-2719,0.07391371573080659
Richards Injury-Response,-890,-1920,0.0937235555711804
Richards Injury-Response,-3493,-2702,0.07267349078204206
Richards Injury-Response,-3006,-2738,0.052423430803038754
Richards Injury-Response,-1367,-890,0.04285543461048047
Richards Injury-Response,-3046,-1277,0.05176105761653635
Richards Injury-Response,-2360,-2993,0.06336356534768259
Richards Injury-Response,-1850,-605,0.04503860379744755
Richards Injury-Response,-2684,-2990,0.04606830341254929
Richards Injury-Response,-848,-3194,0.10439085341931631
Richards Injury-Response,-2358,-2744,0.05989115443688829
Richards Injury-Response,-3500,-3448,0.04738795841924166
Richards Injury-Response,-2956,-3142,0.06314882169280107
Richards Injury-Response,-631,-3072,0.10790829257792003
Richards Injury-Response,-1277,-2755,0.048597840273820574
Richards Injury-Response,-3258,-840,0.051061903909584413
Richards Injury-Response,-2036,-2996,0.07667939097107179
Richards Injury-Response,-1862,-1786,0.05090546386310438
Richards Injury-Response,-942,-1702,0.0710996891241929
Richards Injury-Response,-2191,-2280,0.056638942069196646
Richards Injury-Response,-2032,-2561,0.06421240025404096
Richards Injury-Response,-1103,-1545,0.056034706636453144
Richards Injury-Response,-571,-2420,0.09151777805668333
Richards Injury-Response,-1014,-3534,0.09113529387502152
Richards Injury-Response,-3549,-2981,0.03778975562145753
Richards Injury-Response,-1157,-1575,0.05588891398999833
Richards Injury-Response,-2364,-3366,0.09561525896991456
Richards Injury-Response,-2460,-2184,0.044792183303268965
Richards Injury-Response,-2904,-3360,0.060923212956171924
Richards Injury-Response,-3172,-3078,0.06498730628994082
Richards Injury-Response,-3473,-652,0.07113721975333603
Richards Injury-Response,-1873,-2904,0.06303692917170772
Richards Injury-Response,-2683,-2803,0.06561076910450762
Richards Injury-Response,-624,-2326,0.10098383733384292
Richards Injury-Response,-4121,-645,0.05512834652575839
Richards Injury-Response,-1973,-2095,0.04570122985242288
Richards Injury-Response,-2772,-876,0.06017470824597773
Richards Injury-Response,-1923,-2500,0.0725878352716183
Richards Injury-Response,-2502,-910,0.07197229696994242
Richards Injury-Response,-3692,-960,0.03694256630482683
Richards Injury-Response,-3691,-836,0.04367503175104606
Richards Injury-Response,-1872,-2842,0.0732274125880823
Richards Injury-Response,-2471,-3302,0.012879830343854867
Richards Injury-Response,-2674,-1933,0.05611358685708774
Richards Injury-Response,-2994,-1433,0.055030297160942
Richards Injury-Response,-2394,-911,0.05539949991310936
Richards Injury-Response,-2150,-3616,0.06844159525183921
Richards Injury-Response,-1316,-1294,0.060977515508838925
Richards Injury-Response,-1583,-950,0.033147639115851626
Richards Injury-Response,-783,-2045,0.08746151648350761
Richards Injury-Response,-3150,-841,0.040743936955472154
Richards Injury-Response,-1588,-1447,0.05481106116488893
Richards Injury-Response,-3059,-2582,0.04407013372935574
Richards Injury-Response,-1813,-2315,0.059087939205260245
Richards Injury-Response,-3265,-1586,0.0440658131649341
Richards Injury-Response,-854,-3753,0.0976384909247673
Richards Injury-Response,-1918,-2003,0.048307716401369466
Richards Injury-Response,-3810,-1953,0.016026017722861406
Richards Injury-Response,-1823,-3309,0.1052770979031424
Richards Injury-Response,-3536,-1614,0.0480003819842013
Richards Injury-Response,-2558,-1127,0.06148441770071138
Richards Injury-Response,-1964,-1164,0.04733175444187912
Richards Injury-Response,-1275,-2568,0.034331836077638726
Richards Injury-Response,-1696,-1446,0.044173732521057454
Richards Injury-Response,-936,-1080,0.059976459271174606
Richards Injury-Response,-568,-2171,0.07445680373944448
Richards Injury-Response,-745,-3630,0.13538410743771742
Richards Injury-Response,-2134,-1939,0.058585908038211024
Richards Injury-Response,-2564,-1748,0.06175984983861922
Richards Injury-Response,-1212,-1668,0.08718975248985364
Richards Injury-Response,-2902,-3112,0.06417245959015147
Richards Injury-Response,-1981,-2903,0.05538234097947897
Richards Injury-Response,-1542,-2286,0.06949047995879096
Richards Injury-Response,-1177,-3626,0.09063423292971041
Richards Injury-Response,-3533,-1304,0.04546151969576884
Richards Injury-Response,-2987,-750,0.05063037898714311
Richards Injury-Response,-987,-800,0.04936070121812225
Richards Injury-Response,-2353,-2247,0.044384664900997475
Richards Injury-Response,-3259,-964,0.05308020471056238
Richards Injury-Response,-3656,-2794,0.043622137236280306
Richards Injury-Response,-2635,-3456,0.09951581201986777
Richards Injury-Response,-1870,-2594,0.0711736100217046
Richards Injury-Response,-2234,-1192,0.03987995315461379
Richards Injury-Response,-3280,-3077,0.06259751587292921
Richards Injury-Response,-2077,-1660,0.044347606355279096
Richards Injury-Response,-3435,-2361,0.07192987596232432
Richards Injury-Response,-3176,-3513,0.05859698880937213
Richards Injury-Response,-1595,-2192,0.0893227314955625
Richards Injury-Response,-1658,-3093,0.0984426151752521
Richards Injury-Response,-2669,-1374,0.05185736914860102
Richards Injury-Response,-3703,-2079,0.03625659358529451
Richards Injury-Response,-1221,-2600,0.03640379249283221
Richards Injury-Response,-1341,-3779,0.07486829472376517
Richards Injury-Response,-2391,-662,0.0586958168438096
Richards Injury-Response,-985,-614,0.05042447409340492
Richards Injury-Response,-3100,-1246,0.042491661047669826
Richards Injury-Response,-1530,-1043,0.04427900488442679
Richards Injury-Response,-3159,-1711,0.0508674968735517
Richards Injury-Response,-1327,-2412,0.03798439406413951
Richards Injury-Response,-1759,-2284,0.0622704364884311
Richards Injury-Response,-3488,-2267,0.04477365993670991
Richards Injury-Response,-1716,-3434,0.06796739796153559
Richards Injury-Response,-852,-3567,0.08307492843298668
Richards Injury-Response,-3761,-2482,0.04544487933353655
Richards Injury-Response,-3097,-935,0.042397272060495414
Richards Injury-Response,-1104,-1731,0.07416109795748344
Richards Injury-Response,-830,-1330,0.03280786391843388
Richards Injury-Response,-560,-1364,0.02785787578603536
Richards Injury-Response,-726,-1704,0.06340639932228838
Richards Injury-Response,-2845,-2771,0.04818009661725972
Richards Injury-Response,-3698,-1582,0.046164089518049456
Richards Injury-Response,-1278,-2879,0.10549819656099221
Richards Injury-Response,-3227,-3233,0.0756439323719935
Richards Injury-Response,-2468,-2930,0.05868771193482812
Richards Injury-Response,-1390,-3313,0.03271480107726321
Richards Injury-Response,-2620,-1965,0.04789585937237108
Richards Injury-Response,-1497,-3188,0.042740043391723166
Richards Injury-Response,-3318,-1430,0.06418449276591215
Richards Injury-Response,-675,-2046,0.07513072395927152
Richards Injury-Response,-4286,-861,0.0715200957206964
Richards Injury-Response,-2614,-1281,0.06432928532821265
Richards Injury-Response,-665,-990,0.04439422599669958
Richards Injury-Response,-3708,-2576,0.036104141553475536
Richards Injury-Response,-2741,-3206,0.04985375575363264
Richards Injury-Response,-1267,-1761,0.052501273987929586
Richards Injury-Response,-2729,-1964,0.06649153106349183
Richards Injury-Response,-1393,-3624,0.06708199528501031
Richards Injury-Response,-1094,-675,0.05854524529712757
Richards Injury-Response,-3275,-2580,0.041662823201595645
Richards Injury-Response,-2906,-3547,0.06465784359728627
Richards Injury-Response,-553,-618,0.009772147650619338
Richards Injury-Response,-1822,-3247,0.08029344277279356
Richards Injury-Response,-3595,-2080,0.03648068283426152
Richards Injury-Response,-1916,-1754,0.04228411796495124
Richards Injury-Response,-882,-1050,0.06311348917158417
Richards Injury-Response,-1218,-2289,0.02875901612304646
Richards Injury-Response,-2831,-1341,0.04743118636678782
Richards Injury-Response,-1805,-1507,0.04209058636039674
Richards Injury-Response,-3106,-1867,0.05172960541239366
Richards Injury-Response,-1693,-1135,0.040068041981971156
Richards Injury-Response,-1120,-3347,0.0882602639127015
Richards Injury-Response,-621,-2015,0.05096924717278403
Richards Injury-Response,-3380,-2206,0.0481988405608931
Richards Injury-Response,-845,-2883,0.08353063374723951
Richards Injury-Response,-2775,-1187,0.05198945095077487
Richards Injury-Response,-1323,-1978,0.06982065370014598
Richards Injury-Response,-2302,-2589,0.040717085008930023
Richards Injury-Response,-2420,-3582,0.058840989011143624
Richards Injury-Response,-2256,-3429,0.06884606548391542
Richards Injury-Response,-1961,-915,0.03127025117560371
Richards Injury-Response,-2039,-3307,0.056110613837634285
Richards Injury-Response,-2193,-2528,0.04261962918734788
Richards Injury-Response,-1106,-1855,0.07296217120950868
Richards Injury-Response,-1062,-2943,0.04205093914673712
Richards Injury-Response,-2292,-1533,0.05054845793423711
Richards Injury-Response,-2883,-1186,0.055931797823455004
Richards Injury-Response,-561,-1426,0.043277711011424524
Richards Injury-Response,-1827,-3806,0.040570735630195906
Richards Injury-Response,-2396,-1097,0.048246410756393715
Richards Injury-Response,-3961,-802,0.042302738026900696
Richards Injury-Response,-1602,-2876,0.061182007115210615
Richards Injury-Response,-2627,-2648,0.04671268840486455
Richards Injury-Response,-688,-3413,0.08479996321276156
Richards Injury-Response,-1274,-2444,0.029208942992232978
Richards Injury-Response,-2286,-912,0.04773743491331184
Richards Injury-Response,-1766,-3030,0.08952033904254894
Richards Injury-Response,-742,-3319,0.08442204592040249
Richards Injury-Response,-3444,-3293,0.05739801795614742
Richards Injury-Response,-1752,-1601,0.05639269863628325
Richards Injury-Response,-614,-1332,0.04784831631036991
Richards Injury-Response,-3534,-1366,0.04300695304614896
Richards Injury-Response,-3541,-2173,0.04002316430529278
Richards Injury-Response,-2621,-2027,0.04233335013851036
Richards Injury-Response,-3012,-3359,0.0861413448527671
Richards Injury-Response,-724,-1517,0.04591946861476273
Richards Injury-Response,-1264,-1450,0.05105449882379329
Richards Injury-Response,-613,-1208,0.04165135752897317
Richards Injury-Response,-1338,-3469,0.040871213354858195
Richards Injury-Response,-2472,-3364,0.09412324109490891
Richards Injury-Response,-1754,-1787,0.053279055992422664
Richards Injury-Response,-2938,-1278,0.034007245940694125
Richards Injury-Response,-3499,-3386,0.06343489249101647
Richards Injury-Response,-3156,-1463,0.04257805621347349
Richards Injury-Response,-3319,-1492,0.0510055193579641
Richards Injury-Response,-1370,-1200,0.04097349843699938
Richards Injury-Response,-1708,-2626,0.07991303496301859
Richards Injury-Response,-2785,-2181,0.052999193153207086
Richards Injury-Response,-2309,-3273,0.07642594185746476
Richards Injury-Response,-1989,-3773,0.05202056719584892
Richards Injury-Response,-850,-3318,0.09766719369534282
Richards Injury-Response,-3607,-3322,0.07958543207143745
Richards Injury-Response,-2838,-2087,0.06380304106757945
Richards Injury-Response,-2201,-3274,0.0747466631638729
Richards Injury-Response,-3230,-3543,0.048682459779874065
Richards Injury-Response,-2890,-1869,0.046145718822978646
Richards Injury-Response,-2634,-3332,0.06546227971315068
Richards Injury-Response,-1716,-3496,0.08373026364132262
Richards Injury-Response,-2556,-940,0.034636109874353976
Richards Injury-Response,-715,-585,0.010903780613187447
Richards Injury-Response,-2934,-843,0.04385595825362103
Richards Injury-Response,-2285,-788,0.04815152567459678
Richards Injury-Response,-1338,-3531,0.04316092063042222
Richards Injury-Response,-1150,-892,0.032539090520110225
Richards Injury-Response,-1533,-1292,0.056040509077235914
Richards Injury-Response,-2566,-1934,0.061706694219821404
Richards Injury-Response,-1280,-3065,0.11299403159055157
Richards Injury-Response,-3155,-1338,0.045088322853714835
Richards Injury-Response,-1690,-824,0.05509788788246123
Richards Injury-Response,-1800,-1010,0.029525313592049143
Richards Injury-Response,-1228,-3346,0.08958773632234601
Richards Injury-Response,-1474,-827,0.037147799498105386
Richards Injury-Response,-2027,-2126,0.06226876710094208
Richards Injury-Response,-2735,-2585,0.05748068526298447
Richards Injury-Response,-1099,-1172,0.05797368090988364
Richards Injury-Response,-939,-1391,0.033852519859154315
Richards Injury-Response,-1261,-1139,0.054514376634958214
Richards Injury-Response,-1058,-2508,0.02167959278480253
Richards Injury-Response,-3548,-2857,0.033372931309630094
Richards Injury-Response,-2940,-1527,0.04364284632888772
Richards Injury-Response,-566,-1985,0.08120461479796783
Richards Injury-Response,-2950,-2459,0.049024832570297106
Richards Injury-Response,-2244,-2124,0.05642445345127724
Richards Injury-Response,-687,-3227,0.09600156885432327
Richards Injury-Response,-2453,-1438,0.06136348113617794
Richards Injury-Response,-2307,-3086,0.09636617675078647
Richards Injury-Response,-1765,-2905,0.08445721143512538
Richards Injury-Response,-3115,-2799,0.06176897353207403
Richards Injury-Response,-1881,-3774,0.07164830650822511
Richards Injury-Response,-2893,-2180,0.08288879595195267
Richards Injury-Response,-1260,-1077,0.04921599403518677
Richards Injury-Response,-2950,-2521,0.05575193410314323
Richards Injury-Response,-1373,-1511,0.08248470112097497
Richards Injury-Response,-3711,-2948,0.06646904354254139
Richards Injury-Response,-3439,-2796,0.07355254646947426
Richards Injury-Response,-2291,-1471,0.04592957218210779
Richards Injury-Response,-625,-2450,0.10556242895201379
Richards Injury-Response,-894,-2292,0.11612176244414026
Richards Injury-Response,-3545,-2546,0.057183959539555324
Richards Injury-Response,-454,-1551,0.04253727932833763
Richards Injury-Response,-2576,-2991,0.05993630963867759
Richards Injury-Response,-3424,-1242,0.0666243998380106
Richards Injury-Response,-1605,-3124,0.06993785766110855
Richards Injury-Response,-2178,-913,0.0473820667378861
Richards Injury-Response,-3387,-2952,0.06975658781330286
Richards Injury-Response,-2959,-3453,0.041672683010259365
Richards Injury-Response,-1544,-2473,0.08703537847956609
Richards Injury-Response,-885,-1360,0.044132829740362436
Richards Injury-Response,-3551,-3168,0.09381599360160067
Richards Injury-Response,-2015,-883,0.03695429536120699
Richards Injury-Response,-1932,-3432,0.0831962263867775
Richards Injury-Response,-2188,-1969,0.06103772549340471
Richards Injury-Response,-1810,-2066,0.0689038820321459
Richards Injury-Response,-1878,-3463,0.09691137364900489
Richards Injury-Response,-1368,-1014,0.042447995073166045
Richards Injury-Response,-1258,-891,0.04581938875842716
Richards Injury-Response,-2725,-1591,0.04474230355566325
Richards Injury-Response,-1771,-3589,0.0958617308786473
Richards Injury-Response,-1547,-2783,0.08098396354161706
Richards Injury-Response,-1923,-2562,0.06403476664600982
Richards Injury-Response,-789,-2666,0.0777171143884491
Richards Injury-Response,-2624,-2338,0.05147199693108197
Richards Injury-Response,-2476,-3737,0.05099529487537622
Richards Injury-Response,-3546,-2670,0.048220754209185965
Richards Injury-Response,-3332,-2859,0.07548771573374283
Richards Injury-Response,-3040,-594,0.06244709227414179
Richards Injury-Response,-3799,-897,0.046269961800009335
Richards Injury-Response,-3419,-745,0.05097593388267291
Richards Injury-Response,-3554,-3416,0.0549247093098682
Richards Injury-Response,-1444,-3281,0.05034022749357767
Richards Injury-Response,-2301,-2465,0.038329266030061884
Richards Injury-Response,-2312,-3584,0.06390506886615736
Richards Injury-Response,-877,-615,0.015841648554745923
Richards Injury-Response,-2781,-1808,0.05667256621605676
Richards Injury-Response,-3171,-2954,0.07040456885724572
Richards Injury-Response,-1003,-2416,0.054824803249355916
Richards Injury-Response,-1373,-1573,0.07288728660742415
Richards Injury-Response,-2083,-2281,0.056475388980763944
Richards Injury-Response,-3049,-1588,0.04786013372719977
Richards Injury-Response,-2194,-2590,0.05603558461599978
Richards Injury-Response,-1496,-3125,0.06277547030985411
Richards Injury-Response,-2888,-1683,0.06313638805809474
Richards Injury-Response,-1546,-2659,0.10507520437171763
Richards Injury-Response,-2782,-1870,0.05631479889469797
Richards Injury-Response,-3498,-3261,0.07793031227612877
Richards Injury-Response,-851,-3505,0.08967907624116184
Richards Injury-Response,-1660,-3279,0.07428902558871417
Richards Injury-Response,-2517,-2401,0.05218549980584769
Richards Injury-Response,-3796,-586,0.04754142580105654
Richards Injury-Response,-1753,-1725,0.05122417974411041
Richards Injury-Response,-2723,-1405,0.04821820265357747
Richards Injury-Response,-2338,-756,0.06505074675627683
Richards Injury-Response,-686,-3164,0.09935361272079567
Richards Injury-Response,-3109,-2178,0.051062410798743574
Richards Injury-Response,-2567,-1996,0.04594698619361055
Richards Injury-Response,-3746,-991,0.03992791302163558
Richards Injury-Response,-2783,-2057,0.0403044826021379
Richards Injury-Response,-2452,-1376,0.05226637494154884
Richards Injury-Response,-2837,-2025,0.05174604929987052
Richards Injury-Response,-728,-1952,0.07691846166369637
Richards Injury-Response,-2734,-2523,0.05271763383787831
Richards Injury-Response,-1652,-2471,0.07153860651507225
Richards Injury-Response,-774,-1113,0.046348628991981666
Richards Injury-Response,-1759,-2346,0.07010156170357786
Richards Injury-Response,-3224,-2922,0.06963252776441509
Richards Injury-Response,-2231,-819,0.05455619126377846
Richards Injury-Response,-1959,-666,0.04844018665887884
Richards Injury-Response,-881,-988,0.03707423291897674
Richards Injury-Response,-3803,-1270,0.04685586630759929
Richards Injury-Response,-960,-3503,0.09057229313978729
Richards Injury-Response,-878,-677,0.046010226218333644
Richards Injury-Response,-3384,-2641,0.06874545797493721
Richards Injury-Response,-554,-680,0.02908948642487197
Richards Injury-Response,-1277,-2817,0.04946441798685822
Richards Injury-Response,-1259,-953,0.05457741593732576
Richards Injury-Response,-1989,-3711,0.048933669438614213
Richards Injury-Response,-3709,-2700,0.03533071692836681
Richards Injury-Response,-1819,-2936,0.07277148986693195
Richards Injury-Response,-1219,-2351,0.04010758513249922
Richards Injury-Response,-1809,-1942,0.06067527091439136
Richards Injury-Response,-1594,-2006,0.07807100139934738
Richards Injury-Response,-2013,-697,0.05649925191181088
Richards Injury-Response,-1273,-2382,0.03224018064358968
Richards Injury-Response,-3210,-1493,0.04227780651956273
Richards Injury-Response,-3809,-1891,0.028152494821609267
Richards Injury-Response,-3012,-3297,0.10556462942242668
Richards Injury-Response,-1752,-1663,0.06152941937708141
Richards Injury-Response,-1272,-2258,0.02105245872727117
Richards Injury-Response,-2784,-2119,0.059491956672284546
Richards Injury-Response,-1473,-764,0.045648767759105244
Richards Injury-Response,-3583,-899,0.07698398519368725
Richards Injury-Response,-1864,-1972,0.061787384613487054
Richards Injury-Response,-1762,-2595,0.07622726491546962
Richards Injury-Response,-622,-2202,0.08674645554553606
Richards Injury-Response,-2742,-3393,0.06308032311733662
Richards Injury-Response,-2089,-2902,0.05922618504733006
Richards Injury-Response,-1443,-3157,0.050649528430735793
Richards Injury-Response,-2304,-2776,0.06027381320450531
Richards Injury-Response,-1534,-1478,0.04871559920551999
Richards Injury-Response,-3657,-2918,0.04087226384299937
Richards Injury-Response,-3258,-778,0.06413970227076825
Richards Injury-Response,-2356,-2620,0.05298883790985756
Richards Injury-Response,-1441,-3033,0.050281292064044567
Richards Injury-Response,-1868,-2469,0.06951248119846982
Richards Injury-Response,-2177,-851,0.038811436046606335
Richards Injury-Response,-905,-3473,0.09704088615640313
Richards Injury-Response,-633,-3320,0.06472649078778138
Richards Injury-Response,-3697,-1519,0.029397465198207975
Richards Injury-Response,-2851,-3392,0.05829816733782048
Richards Injury-Response,-2849,-3205,0.06237633592529927
Richards Injury-Response,-1365,-703,0.0544236100273377
Richards Injury-Response,-2884,-1248,0.05637272163734082
Richards Injury-Response,-1651,-2347,0.07550289965891628
Richards Injury-Response,-2953,-2769,0.058013523679340734
Richards Injury-Response,-679,-2419,0.1155003930616128
Richards Injury-Response,-1210,-1482,0.05784234350767943
Richards Injury-Response,-1258,-829,0.040495234261631666
Richards Injury-Response,-2733,-2399,0.038265953811721265
Richards Injury-Response,-1418,-610,0.05851931748456535
Richards Injury-Response,-1600,-2627,0.0747766440144845
Richards Injury-Response,-1658,-3031,0.06620335378760357
Richards Injury-Response,-1167,-2632,0.037205552877911385
Richards Injury-Response,-1011,-3285,0.10802549845633763
Richards Injury-Response,-2562,-1499,0.04659024693913427
Richards Injury-Response,-4067,-677,0.05218845215001036
Richards Injury-Response,-1377,-1946,0.07460446086285882
Richards Injury-Response,-1610,-3684,0.08286737411460282
Richards Injury-Response,-1774,-3837,0.07006944363537687
Richards Injury-Response,-1432,-2101,0.08698560092732607
Richards Injury-Response,-2412,-2775,0.06455646249353288
Richards Injury-Response,-1387,-3002,0.07089462550851429
Richards Injury-Response,-787,-2480,0.06966865615359612
Richards Injury-Response,-3962,-927,0.03385161036494784
Richards Injury-Response,-1542,-2224,0.08073764600150769
Richards Injury-Response,-3591,-1707,0.036306034812138566
Richards Injury-Response,-825,-771,0.06596420508609026
Richards Injury-Response,-3438,-2672,0.0770661271127028
Richards Injury-Response,-1858,-1351,0.05122179401662279
Richards Injury-Response,-2895,-2428,0.043396349999335004
Richards Injury-Response,-1803,-1320,0.060342515059988264
Richards Injury-Response,-3634,-557,0.055099016880114884
Richards Injury-Response,-1646,-1788,0.05445578319997632
Richards Injury-Response,-938,-1329,0.03974479288886472
Richards Injury-Response,-2344,-1377,0.059037438934095784
Richards Injury-Response,-741,-3257,0.10880147254392367
Richards Injury-Response,-903,-3287,0.11892901910627432
Richards Injury-Response,-2081,-2094,0.052013966351045035
Richards Injury-Response,-845,-2821,0.09943721282847545
Richards Injury-Response,-1046,-1266,0.06667812042624038
Richards Injury-Response,-3204,-810,0.06136342340085027
Richards Injury-Response,-2204,-3647,0.0589475889793432
Richards Injury-Response,-2295,-1906,0.08920569351967825
Richards Injury-Response,-1743,-669,0.04917873018809418
Richards Injury-Response,-2314,-3770,0.052194677720738936
Richards Injury-Response,-1227,-3221,0.09275119629071464
Richards Injury-Response,-1163,-2197,0.042262609538352244
Richards Injury-Response,-2024,-1753,0.04867333100124038
Richards Injury-Response,-1171,-3004,0.07525240143866734
Richards Injury-Response,-3374,-1647,0.04053059465078905
Richards Injury-Response,-3265,-1524,0.043754517986296676
Richards Injury-Response,-3526,-558,0.05744421890280785
Richards Injury-Response,-2578,-3177,0.06624978048953836
Richards Injury-Response,-1439,-2784,0.07878006710355068
Richards Injury-Response,-2336,-570,0.06201630032570629
Richards Injury-Response,-2945,-2024,0.04725085234339757
Richards Injury-Response,-2024,-1815,0.050805359285211085
Richards Injury-Response,-630,-3010,0.10794090743185555
Richards Injury-Response,-1065,-3192,0.10997872420337237
Richards Injury-Response,-1008,-2913,0.05053524692674009
Richards Injury-Response,-3427,-1491,0.06183736893714102
Richards Injury-Response,-880,-926,0.022236874272185507
Richards Injury-Response,-2776,-1311,0.052436415386396845
Richards Injury-Response,-2839,-2211,0.08423172360695354
Richards Injury-Response,-1114,-2663,0.02949631712541785
Richards Injury-Response,-718,-958,0.03737948769620972
Richards Injury-Response,-987,-738,0.05362586538367635
Richards Injury-Response,-1487,-2131,0.10542621766994208
Richards Injury-Response,-1375,-1760,0.06185224198441043
Richards Injury-Response,-1225,-3035,0.11359778127494227
Richards Injury-Response,-633,-3258,0.08760001887461581
Richards Injury-Response,-1377,-2008,0.07849529584052603
Richards Injury-Response,-3596,-2266,0.04351566554174395
Richards Injury-Response,-889,-1858,0.0930791115337991
Richards Injury-Response,-2899,-2863,0.07035698964459101
Richards Injury-Response,-2850,-3330,0.08493044888978622
Richards Injury-Response,-2132,-1752,0.05745389123744535
Richards Injury-Response,-1384,-2629,0.09868947396046626
Richards Injury-Response,-3331,-2797,0.05171205937017556
Richards Injury-Response,-2573,-2680,0.046168295897495215
Richards Injury-Response,-450,-1116,0.045852599646644454
Richards Injury-Response,-731,-2263,0.09763210526628105
Richards Injury-Response,-2581,-3488,0.08320524856694231
Richards Injury-Response,-1818,-2874,0.06864224120062519
Richards Injury-Response,-2556,-878,0.06660203108753306
Richards Injury-Response,-3322,-1803,0.09014941512584887
Richards Injury-Response,-828,-1144,0.08320392165047812
Richards Injury-Response,-1066,-3316,0.10561678488485204
Richards Injury-Response,-1155,-1327,0.04759308229851332
Richards Injury-Response,-3334,-3107,0.07308068074612925
Richards Injury-Response,-905,-3411,0.10216224632278974
Richards Injury-Response,-1930,-3245,0.08600171627815968
Richards Injury-Response,-732,-2325,0.10076184851771962
Richards Injury-Response,-1978,-2593,0.07423662722580646
Richards Injury-Response,-3419,-683,0.05655610025661402
Richards Injury-Response,-2410,-2526,0.05781455984447982
Richards Injury-Response,-773,-989,0.04075828562502054
Richards Injury-Response,-2676,-2120,0.054175760704422246
Richards Injury-Response,-1750,-1414,0.059814752602371596
Richards Injury-Response,-2201,-3336,0.07410610311988171
Richards Injury-Response,-688,-3351,0.09126259711043862
Richards Injury-Response,-3856,-1176,0.032212858870921
Richards Injury-Response,-2084,-2405,0.060316715690254805
Richards Injury-Response,-1490,-2442,0.06184687952815496
Richards Injury-Response,-3760,-2420,0.027018267105239427
Richards Injury-Response,-453,-1489,0.0400334983762967
Richards Injury-Response,-2953,-2832,0.04564727983086361
Richards Injury-Response,-3645,-1737,0.03703437628922661
Richards Injury-Response,-3494,-2888,0.055952244446682564
Richards Injury-Response,-2464,-2557,0.053234301046098984
Richards Injury-Response,-937,-1142,0.03848588761947723
Richards Injury-Response,-1391,-3375,0.05193178044977253
Richards Injury-Response,-3311,-684,0.05000797062182216
Richards Injury-Response,-2555,-816,0.06065922207888011
Richards Injury-Response,-3640,-1240,0.027373809765285723
Richards Injury-Response,-1004,-2478,0.03219481058468031
Richards Injury-Response,-1322,-1915,0.07196845047619567
Richards Injury-Response,-1498,-3250,0.03687088534102112
Richards Injury-Response,-3267,-1772,0.05258703224726237
Richards Injury-Response,-3442,-3044,0.0481554929828254
Richards Injury-Response,-835,-1827,0.07968634373766138
Richards Injury-Response,-957,-3193,0.11575875304850289
Richards Injury-Response,-1868,-2407,0.06554846824331356
Richards Injury-Response,-897,-2665,0.03469688638342557
Richards Injury-Response,-1287,-3811,0.053293916312352585
Richards Injury-Response,-797,-3474,0.0980192703257547
Richards Injury-Response,-3267,-1710,0.06296259838099968
Richards Injury-Response,-2940,-1465,0.05078277380023867
Richards Injury-Response,-1317,-1356,0.049052208741534514
Richards Injury-Response,-1493,-2815,0.05545116028347763
Richards Injury-Response,-1385,-2754,0.07999810735637855
Richards Injury-Response,-1713,-3185,0.10107130255167444
Richards Injury-Response,-2183,-1472,0.04356067304422233
Richards Injury-Response,-568,-2109,0.05999707957579763
Richards Injury-Response,-1710,-2813,0.06582799556012242
Richards Injury-Response,-2079,-1908,0.068428155452827
Richards Injury-Response,-2691,-3611,0.058221687194353805
Richards Injury-Response,-2070,-914,0.03733493151159992
Richards Injury-Response,-3050,-1712,0.045571701011300425
Richards Injury-Response,-1202,-612,0.048680635949381934
Richards Injury-Response,-798,-3536,0.08443283062022083
Richards Injury-Response,-2415,-3085,0.07918375880808508
Richards Injury-Response,-3391,-3387,0.058567640339246746
Richards Injury-Response,-2298,-2154,0.05199097869446842
Richards Injury-Response,-684,-2916,0.11513101866611607
Richards Injury-Response,-2516,-2339,0.03392710754762615
Richards Injury-Response,-1007,-2788,0.045112649007842766
Richards Injury-Response,-3429,-1677,0.055878840994499315
Richards Injury-Response,-1228,-3283,0.07989084515545755
Richards Injury-Response,-3008,-2862,0.05908389362597154
Richards Injury-Response,-1431,-1914,0.07189432853367513
Richards Injury-Response,-2243,-2062,0.0799357025150479
Richards Injury-Response,-1535,-1541,0.05575889348591655
Richards Injury-Response,-1152,-1016,0.04370544554719154
Richards Injury-Response,-3281,-3201,0.07612235835782111
Richards Injury-Response,-3271,-2145,0.04623073656351495
Richards Injury-Response,-2096,-3648,0.07297855940521042
Richards Injury-Response,-3108,-2115,0.04625377936559699
Richards Injury-Response,-3165,-2332,0.04213241280342371
Richards Injury-Response,-1817,-2749,0.07036509548094551
Richards Injury-Response,-3324,-2051,0.06370976506384825
Richards Injury-Response,-898,-2727,0.06638209730590697
Richards Injury-Response,-1810,-2004,0.06893709429948083
Richards Injury-Response,-3202,-623,0.06535965719824555
Richards Injury-Response,-1928,-2997,0.06397085115203793
Richards Injury-Response,-572,-2544,0.08797021317942229
Richards Injury-Response,-1011,-3223,0.10897296422564877
Richards Injury-Response,-1657,-2969,0.06568132551828587
Richards Injury-Response,-1230,-3532,0.06577409226896369
Richards Injury-Response,-3268,-1896,0.04620869490709589
Richards Injury-Response,-2392,-724,0.05630297721574343
Richards Injury-Response,-2192,-2404,0.02704938991853259
Richards Injury-Response,-1931,-3370,0.08567924226089484
Richards Injury-Response,-1160,-1886,0.09135699492883169
Richards Injury-Response,-2992,-1247,0.04686330312295568
Richards Injury-Response,-2129,-1442,0.049202704675598855
Richards Injury-Response,-1119,-3222,0.09103717306402115
Richards Injury-Response,-2787,-2429,0.044970925053956806
Richards Injury-Response,-2512,-1904,0.054279605686177776
Richards Injury-Response,-3426,-1429,0.0426364302038532
Richards Injury-Response,-3061,-2831,0.06115216242209681
Richards Injury-Response,-501,-836,0.05395863265752597
Richards Injury-Response,-3851,-679,0.04318806556197485
Richards Injury-Response,-1533,-1354,0.04899777282022466
Richards Injury-Response,-1310,-611,0.039301106008258174
Richards Injury-Response,-1769,-3402,0.08511392578751181
Richards Injury-Response,-616,-1518,0.05791898939088916
Richards Injury-Response,-1772,-3651,0.07602160894197477
Richards Injury-Response,-2824,-658,0.057686491970832726
Richards Injury-Response,-723,-1455,0.052924447830607124
Richards Injury-Response,-2681,-2617,0.042309836701364276
Richards Injury-Response,-1767,-3154,0.10591266022860854
Richards Injury-Response,-1262,-1264,0.045086862114390364
Richards Injury-Response,-1213,-1730,0.06920967426157869
Richards Injury-Response,-3229,-3419,0.05485524008296375
Richards Injury-Response,-1974,-2158,0.06248016883554086
Richards Injury-Response,-1804,-1383,0.05441235440896408
Richards Injury-Response,-2365,-3490,0.08603837031926043
Richards Injury-Response,-3548,-2795,0.04940561315447822
Richards Injury-Response,-729,-2014,0.07508638741990598
Richards Injury-Response,-1104,-1669,0.07240627842620302
Richards Injury-Response,-3418,-559,0.060335673189265984
Richards Injury-Response,-3705,-2265,0.03832182457929027
Richards Injury-Response,-2400,-1532,0.06423683579384386
Richards Injury-Response,-2518,-2525,0.04413974051358917
Richards Injury-Response,-666,-1114,0.03190670094960009
Richards Injury-Response,-2351,-2061,0.050180356773110904
Richards Injury-Response,-1803,-1258,0.043450024228634254
Richards Injury-Response,-3322,-1865,0.052576800939907506
Richards Injury-Response,-1225,-2973,0.10854517895519351
Richards Injury-Response,-1431,-1976,0.08317642338608733
Richards Injury-Response,-2832,-1528,0.04626284673534069
Richards Injury-Response,-1394,-3748,0.03686342581125431
Richards Injury-Response,-2732,-2275,0.05464940484088886
Richards Injury-Response,-2992,-1309,0.05536484176945272
Richards Injury-Response,-901,-3038,0.10218423814987145
Richards Injury-Response,-1203,-798,0.04467146425766862
Richards Injury-Response,-1006,-2726,0.04255320659236934
Richards Injury-Response,-3230,-3481,0.055228107775010846
Richards Injury-Response,-1206,-1047,0.06983211753295852
Richards Injury-Response,-3337,-3418,0.06701670754351316
Richards Injury-Response,-558,-1177,0.037064100932108546
Richards Injury-Response,-1161,-1948,0.08982669830638615
Richards Injury-Response,-2678,-2368,0.03136718848423377
Richards Injury-Response,-1637,-918,0.04331211803753186
Richards Injury-Response,-1394,-3686,0.057816718099016826
Richards Injury-Response,-1906,-822,0.042955140939537326
Richards Injury-Response,-2421,-3645,0.052347290191806214
Richards Injury-Response,-998,-1919,0.1001065205978924
Richards Injury-Response,-682,-2729,0.10868972725199631
Richards Injury-Response,-3604,-3012,0.035383657012455216
Richards Injury-Response,-1547,-2721,0.08801136199330019
Richards Injury-Response,-736,-2760,0.10378545684791568
Richards Injury-Response,-2721,-1218,0.04770177653943457
Richards Injury-Response,-1826,-3619,0.06965361497831139
Richards Injury-Response,-1220,-2538,0.03657622794646796
Richards Injury-Response,-1057,-2446,0.03248424066078437
Richards Injury-Response,-1327,-2350,0.0261429251103866
Richards Injury-Response,-1634,-607,0.04407466726344035
Richards Injury-Response,-3442,-3106,0.06831792072432526
Richards Injury-Response,-1551,-3218,0.05315485863185032
Richards Injury-Response,-2845,-2833,0.06350869069988119
Richards Injury-Response,-3582,-775,0.06701662700661502
Richards Injury-Response,-1816,-2625,0.07735423196758331
Richards Injury-Response,-3337,-3356,0.05909479527974039
Richards Injury-Response,-3065,-3203,0.12004001160757749
Richards Injury-Response,-1437,-2598,0.10379929273917694
Richards Injury-Response,-1812,-2190,0.05656602444235913
Richards Injury-Response,-681,-2667,0.12166836493131784
Richards Injury-Response,-667,-1238,0.05049036204018059
Richards Injury-Response,-1045,-1141,0.05777111215074357
Richards Injury-Response,-1098,-1048,0.04089799413222861
Richards Injury-Response,-1768,-3216,0.10904975186708653
Richards Injury-Response,-684,-2978,0.11405826958389967
Richards Injury-Response,-1263,-1388,0.04069416452406428
Richards Injury-Response,-3108,-2053,0.052577606379150724
Richards Injury-Response,-1594,-2068,0.08865096531857812
Richards Injury-Response,-934,-894,0.03077003227001207
Richards Injury-Response,-564,-1736,0.042812240895902215
Richards Injury-Response,-2077,-1722,0.05614282914861114
Richards Injury-Response,-961,-3690,0.07754177754777782
Richards Injury-Response,-3217,-2177,0.05561623222165826
Richards Injury-Response,-1490,-2504,0.09441665131215886
Richards Injury-Response,-2196,-2777,0.06950483149507605
Richards Injury-Response,-1162,-2072,0.03729504921969433
Richards Injury-Response,-1150,-830,0.05008209813896894
Richards Injury-Response,-1904,-574,0.051547234984997845
Richards Injury-Response,-2241,-1875,0.06612557689429939
Richards Injury-Response,-1173,-3191,0.09002453646363122
Richards Injury-Response,-2405,-2091,0.05924463845720271
Richards Injury-Response,-1446,-3468,0.03978148553454503
Richards Injury-Response,-1486,-2007,0.09767502331378358
Richards Injury-Response,-1984,-3214,0.06327933024897671
Richards Injury-Response,-2514,-2090,0.05974099361134118
Richards Injury-Response,-831,-1454,0.04932413850610025
Richards Injury-Response,-3013,-3421,0.07865223368087135
Richards Injury-Response,-3365,-715,0.05342099443678541
Richards Injury-Response,-3213,-1804,0.04786779503300821
Richards Injury-Response,-2413,-2899,0.07736673020144955
Richards Injury-Response,-1332,-2910,0.09425021727216701
Richards Injury-Response,-2939,-1403,0.04160033385960074
Richards Injury-Response,-612,-1146,0.048294430059155125
Richards Injury-Response,-2505,-1220,0.06387581639006315
Richards Injury-Response,-3212,-1680,0.06604736033505498
Richards Injury-Response,-1640,-1229,0.044346274828387905
Richards Injury-Response,-1930,-3183,0.062299274547252745
Richards Injury-Response,-2410,-2588,0.050156459622305305
Richards Injury-Response,-888,-1671,0.054212322333186194
Richards Injury-Response,-2397,-1221,0.05781985426853967
Richards Injury-Response,-1963,-1101,0.03976325520336045
Richards Injury-Response,-1866,-2221,0.07300601412569038
Richards Injury-Response,-1878,-3401,0.09265639872953886
Richards Injury-Response,-2663,-815,0.05822444689464723
Richards Injury-Response,-938,-1267,0.05419827559515486
Richards Injury-Response,-1714,-3248,0.08522871989054433
Richards Injury-Response,-3598,-2390,0.06484176460362309
Richards Injury-Response,-1170,-2942,0.07000506318084941
Richards Injury-Response,-3149,-717,0.06521744195586308
Richards Injury-Response,-2043,-3741,0.05475030894663584
Richards Injury-Response,-2120,-572,0.04077327984770053
Richards Injury-Response,-3635,-681,0.05151929259693931
Richards Injury-Response,-1382,-2505,0.0415083385595382
Richards Injury-Response,-1206,-1109,0.06258880750823191
Richards Injury-Response,-988,-924,0.0421838062198137
Richards Injury-Response,-1159,-1762,0.0726386275714088
Richards Injury-Response,-3112,-2488,0.04255585478279382
Richards Injury-Response,-2474,-3613,0.07440535792185254
Richards Injury-Response,-781,-1859,0.07905336088474237
Richards Injury-Response,-2298,-2217,0.05889786832722374
Richards Injury-Response,-1539,-1913,0.059938361306718854
Richards Injury-Response,-2127,-1255,0.04275751329175928
Richards Injury-Response,-2133,-1876,0.05888899612709027
Richards Injury-Response,-2186,-1783,0.05548571486196793
Richards Injury-Response,-3385,-2765,0.07975228952595154
Richards Injury-Response,-2255,-3304,0.07509542052662169
Richards Injury-Response,-2725,-1653,0.06318298058952132
Richards Injury-Response,-843,-2635,0.08016541281181326
Richards Injury-Response,-622,-2140,0.06998015403267172
Richards Injury-Response,-3646,-1800,0.036799141380642886
Richards Injury-Response,-2509,-1593,0.07964980392820417
Richards Injury-Response,-3040,-656,0.06279490888541812
Richards Injury-Response,-1557,-3839,0.06408884997679998
Richards Injury-Response,-3205,-934,0.0508986422414347
Richards Injury-Response,-2686,-3114,0.05746387870580279
Richards Injury-Response,-2826,-907,0.04484061957503377
Richards Injury-Response,-1494,-2877,0.04378784718940514
Richards Injury-Response,-3060,-2644,0.051226829503232776
Richards Injury-Response,-1009,-3037,0.07916100516863628
Richards Injury-Response,-1430,-1852,0.07734273590356773
Richards Injury-Response,-1425,-1293,0.06549513616249059
Richards Injury-Response,-511,-1830,0.04805509634010778
Richards Injury-Response,-932,-645,0.06967617922569959
Richards Injury-Response,-1748,-1228,0.05849196027090302
Richards Injury-Response,-2561,-1437,0.048804135236134194
Richards Injury-Response,-3483,-1770,0.05490073146878571
Richards Injury-Response,-1649,-2161,0.07264105743102156
Richards Injury-Response,-2770,-690,0.06945493781062291
Richards Injury-Response,-555,-867,0.052941649222032136
Richards Injury-Response,-2932,-657,0.05398332407583438
Richards Injury-Response,-937,-1205,0.045971856300835445
Richards Injury-Response,-3641,-1302,0.04740406691974125
Richards Injury-Response,-1473,-702,0.05205021552895839
Richards Injury-Response,-1269,-1947,0.09210888098253142
Richards Injury-Response,-2078,-1784,0.05306347917359752
Richards Injury-Response,-2448,-941,0.06559723797181444
Richards Injury-Response,-1152,-1078,0.053524128072165375
Richards Injury-Response,-2613,-1157,0.04507553372638527
Richards Injury-Response,-2236,-1316,0.055787372683046704
Richards Injury-Response,-2933,-719,0.058863194609064626
Richards Injury-Response,-737,-2822,0.09331176493451643
Richards Injury-Response,-1042,-893,0.050439047078785215
Richards Injury-Response,-510,-1706,0.04343455510461111
Richards Injury-Response,-3110,-2302,0.051095598106341955
Richards Injury-Response,-1318,-1418,0.047130950644437467
Richards Injury-Response,-3061,-2768,0.061540731148429284
Richards Injury-Response,-3689,-712,0.05005809779442032
Richards Injury-Response,-1586,-1260,0.04479604864091789
Richards Injury-Response,-1260,-1015,0.04653715932270559
Richards Injury-Response,-2181,-1224,0.05055879442583941
Richards Injury-Response,-3317,-1368,0.031159339107728667
Richards Injury-Response,-1123,-3595,0.1081167398703297
Richards Injury-Response,-630,-2947,0.09472190381023188
Richards Injury-Response,-734,-2511,0.08775653035029891
Richards Injury-Response,-2421,-3707,0.05693996758462668
Richards Injury-Response,-2451,-1190,0.04654480677531729
Richards Injury-Response,-2360,-2931,0.09244258950068063
Richards Injury-Response,-1912,-1381,0.06797613568119974
Richards Injury-Response,-3438,-2609,0.06664965071508203
Richards Injury-Response,-627,-2637,0.1107431156942115
Richards Injury-Response,-3313,-933,0.05323518928739479
Richards Injury-Response,-1110,-2290,0.03640555369099691
Richards Injury-Response,-1231,-3594,0.055942804420061915
Richards Injury-Response,-2717,-783,0.05859064048236054
Richards Injury-Response,-2501,-848,0.04817802116208429
Richards Injury-Response,-3797,-649,0.05149609685699029
Richards Injury-Response,-3161,-1960,0.04589715434775497
Richards Injury-Response,-2128,-1379,0.08116262314383914
Richards Injury-Response,-2019,-1256,0.03679872804563293
Richards Injury-Response,-2842,-2522,0.04191469411427451
Richards Injury-Response,-737,-2884,0.10308272678854201
Richards Injury-Response,-2942,-1651,0.051687306889487875
Richards Injury-Response,-510,-1768,0.047158299193704206
Richards Injury-Response,-1698,-1570,0.04409808558477188
Richards Injury-Response,-3543,-2298,0.040855376793822173
Richards Injury-Response,-3526,-620,0.07402452677684625
Richards Injury-Response,-1164,-2321,0.03343306511268122
Richards Injury-Response,-2934,-905,0.05022296609780698
Richards Injury-Response,-1271,-2196,0.01786302109614723
Richards Injury-Response,-2143,-2933,0.05537723709170023
Richards Injury-Response,-2363,-3241,0.06497400563822434
Richards Injury-Response,-2454,-1563,0.05676991085856711
Richards Injury-Response,-771,-802,0.059245950133597694
Richards Injury-Response,-3430,-1864,0.04145352774787628
Richards Injury-Response,-2198,-2963,0.06827324708420265
Richards Injury-Response,-1049,-1638,0.05270848282343715
Richards Injury-Response,-3264,-1399,0.038148871400249654
Richards Injury-Response,-1054,-2073,0.04089169762924273
Richards Injury-Response,-1720,-3869,0.08491772791538614
Richards Injury-Response,-2996,-1682,0.05192539458007507
Richards Injury-Response,-1498,-3312,0.04754902376997127
Richards Injury-Response,-2559,-1251,0.038228894478594844
Richards Injury-Response,-1172,-3129,0.09295463051158072
Richards Injury-Response,-2681,-2679,0.058819784907783265
Richards Injury-Response,-3066,-3328,0.08567501475403805
Richards Injury-Response,-1554,-3467,0.04531717817180738
Richards Injury-Response,-505,-1271,0.04959262101412505
Richards Injury-Response,-3157,-1587,0.050177761613353675
Richards Injury-Response,-1265,-1574,0.05605675051386676
Richards Injury-Response,-1865,-2097,0.07513348217413197
Richards Injury-Response,-2363,-3303,0.0666929595721942
Richards Injury-Response,-3151,-903,0.05081126776836217
Richards Injury-Response,-1061,-2819,0.037647410271162716
Richards Injury-Response,-3388,-3076,0.06035829735364913
Richards Injury-Response,-3377,-1958,0.0403608809771535
Richards Injury-Response,-3637,-868,0.045833912004825256
Richards Injury-Response,-3758,-2171,0.03422948125501574
Richards Injury-Response,-1441,-2971,0.04945464439566443
Richards Injury-Response,-3749,-1301,0.05024843336929692
Richards Injury-Response,-1979,-2717,0.05630879764263469
Richards Injury-Response,-3905,-647,0.05515654292626705
Richards Injury-Response,-3201,-561,0.05719066836417781
Richards Injury-Response,-1320,-1667,0.06656916109203745
Richards Injury-Response,-1935,-3743,0.0573317024933805
Richards Injury-Response,-1879,-3588,0.06983545549365605
Richards Injury-Response,-940,-1515,0.05114265176203238
Richards Injury-Response,-896,-2541,0.05171776065819438
Richards Injury-Response,-2184,-1596,0.04649010908075381
Richards Injury-Response,-4016,-957,0.03573386092433721
Richards Injury-Response,-2447,-817,0.06617305302372124
Richards Injury-Response,-1223,-2786,0.02975078664547326
Richards Injury-Response,-575,-2855,0.10182165935841497
Richards Injury-Response,-1386,-2878,0.07672997789609602
Richards Injury-Response,-1554,-3529,0.04868612802277287
Richards Injury-Response,-3490,-2391,0.04596292313537381
Richards Injury-Response,-2633,-3208,0.06105602091801478
Richards Injury-Response,-2123,-882,0.03636983713932236
Richards Injury-Response,-1656,-2844,0.06950046336952108
Richards Injury-Response,-3209,-1369,0.034655325782895235
Richards Injury-Response,-2239,-1689,0.0732904083564688
Richards Injury-Response,-1224,-2911,0.10253257572088433
Richards Injury-Response,-3274,-2456,0.05975429423569893
Richards Injury-Response,-2416,-3210,0.08670138152723976
Richards Injury-Response,-1655,-2782,0.07119092836046939
Richards Injury-Response,-1418,-672,0.045021822112202625
Richards Injury-Response,-2841,-2460,0.0443955041846973
Richards Injury-Response,-2285,-850,0.04678815373314388
Richards Injury-Response,-829,-1206,0.042864861407332686
Richards Injury-Response,-1811,-2128,0.06508416410007534
Richards Injury-Response,-1971,-1909,0.04277242411800575
Richards Injury-Response,-3601,-2701,0.03650494864224592
Richards Injury-Response,-2403,-1843,0.060010266792099407
Richards Injury-Response,-2560,-1313,0.04459870461557497
Richards Injury-Response,-1978,-2655,0.07665328226464611
Richards Injury-Response,-2355,-2496,0.05948392473367023
Richards Injury-Response,-4177,-800,0.015147748088639945
Richards Injury-Response,-2229,-633,0.06588489798569735
Richards Injury-Response,-612,-1083,0.047377186652533404
Richards Injury-Response,-3702,-2016,0.036610640885763185
Richards Injury-Response,-1440,-2846,0.05625621059733199
Richards Injury-Response,-3541,-2111,0.042609630591450814
Richards Injury-Response,-1771,-3527,0.10535991095669472
Richards Injury-Response,-3528,-744,0.04997777361546431
Richards Injury-Response,-1008,-2975,0.06774094012359262
Richards Injury-Response,-2617,-1592,0.05630666885825017
Richards Injury-Response,-3122,-3545,0.049483866191498305
Richards Injury-Response,-3054,-2085,0.03820784017699219
Richards Injury-Response,-1168,-2756,0.03090433044857442
Richards Injury-Response,-2175,-664,0.04653450456912707
Richards Injury-Response,-4285,-799,0.07061282869628627
Richards Injury-Response,-3962,-989,0.017236153616123434
Richards Injury-Response,-2185,-1658,0.05472872514675391
Richards Injury-Response,-3749,-1239,0.05568391547994106
Richards Injury-Response,-3748,-1177,0.024564797406492297
Richards Injury-Response,-2744,-3517,0.054909191090874096
Richards Injury-Response,-2906,-3485,0.07686642556645026
Richards Injury-Response,-2349,-1874,0.06503482998038206
Richards Injury-Response,-842,-2573,0.06264673181148839
Richards Injury-Response,-2989,-936,0.05238936825943789
Richards Injury-Response,-2877,-564,0.057699501693973185
Richards Injury-Response,-3096,-873,0.046742785559380454
Richards Injury-Response,-1661,-3341,0.06569103289466932
Richards Injury-Response,-2733,-2461,0.04270362843078325
Richards Injury-Response,-1980,-2841,0.06631535133626244
Richards Injury-Response,-2825,-782,0.06287313912395823
Richards Injury-Response,-508,-1582,0.04373819800741982
Richards Injury-Response,-1641,-1353,0.0409109471639138
Richards Injury-Response,-986,-676,0.043950155678527225
Richards Injury-Response,-1053,-2011,0.05802478073534733
Richards Injury-Response,-1330,-2661,0.055604318117151746
Richards Injury-Response,-1154,-1265,0.03709598534529808
Richards Injury-Response,-1980,-2779,0.048666658571328736
Richards Injury-Response,-2468,-2992,0.055570395974955805
Richards Injury-Response,-2834,-1652,0.05495262308364862
Richards Injury-Response,-3372,-1460,0.05491195410287486
Richards Injury-Response,-943,-1764,0.07629530961224558
Richards Injury-Response,-1876,-3215,0.08231471789354447
Richards Injury-Response,-2419,-3458,0.10253629601228358
Richards Injury-Response,-2567,-2059,0.0569160705257338
Richards Injury-Response,-3961,-864,0.026698677731944884
Richards Injury-Response,-780,-1672,0.056163169036982014
Richards Injury-Response,-2460,-2122,0.06173102191147961
Richards Injury-Response,-2884,-1310,0.05441271484903647
Richards Injury-Response,-1609,-3559,0.06270582303876338
Richards Injury-Response,-3529,-931,0.043499186125759384
Richards Injury-Response,-3436,-2485,0.05596978842177837
Richards Injury-Response,-3494,-2826,0.053882073006165446
Richards Injury-Response,-1861,-1724,0.043342164833251706
Richards Injury-Response,-1688,-576,0.06140515559881249
Richards Injury-Response,-1644,-1602,0.05029773048321859
Richards Injury-Response,-1917,-1941,0.059429992898864095
Richards Injury-Response,-1804,-1445,0.05072674625852466
Richards Injury-Response,-2525,-3271,0.08671447940005575
Richards Injury-Response,-2529,-3644,0.06454469731279518
Richards Injury-Response,-841,-2386,0.10200253013266386
Richards Injury-Response,-903,-3224,0.09858693396611284
Richards Injury-Response,-2573,-2618,0.043333510790087265
Richards Injury-Response,-1867,-2345,0.05697517372137685
Richards Injury-Response,-770,-678,0.04393497707233274
Richards Injury-Response,-3042,-842,0.05800668750676427
Richards Injury-Response,-720,-1145,0.030348863614535843
Richards Injury-Response,-1712,-3061,0.07113068657481411
Richards Injury-Response,-3595,-2142,0.04640476678293992
Richards Injury-Response,-1388,-3064,0.08129445413902386
Richards Injury-Response,-4016,-895,0.03105969211829969
Richards Injury-Response,-1694,-1197,0.04107374006295536
Richards Injury-Response,-2284,-725,0.04384995814646754
Richards Injury-Response,-2524,-3146,0.06739196549611502
Richards Injury-Response,-2737,-2834,0.06899928325022656
Richards Injury-Response,-2615,-1406,0.04952946313064842
Richards Injury-Response,-1691,-949,0.030276403901809093
Richards Injury-Response,-3604,-3074,0.03844895804650535
Richards Injury-Response,-3207,-1182,0.037734414985633985
Richards Injury-Response,-3425,-1305,0.06605485891609268
Richards Injury-Response,-670,-1487,0.043395621383276795
Richards Injury-Response,-3110,-2240,0.04540335475493136
Richards Injury-Response,-1548,-2907,0.07332886137577202
Richards Injury-Response,-1044,-1079,0.04009195675541263
Richards Injury-Response,-2744,-3579,0.0582992534308239
Richards Injury-Response,-1928,-3059,0.05098403933971389
Richards Injury-Response,-1865,-2159,0.07448229019702299
Richards Injury-Response,-2459,-2060,0.0526828030136437
Richards Injury-Response,-2529,-3706,0.04852033142078578
Richards Injury-Response,-1158,-1700,0.07725878446326341
Richards Injury-Response,-1427,-1542,0.06070186560303943
Richards Injury-Response,-2463,-2432,0.0430561665227122
Richards Injury-Response,-1539,-1975,0.09063555283272197
Richards Injury-Response,-2186,-1721,0.050766091460841975
Richards Injury-Response,-619,-1829,0.07023872091560363
Richards Injury-Response,-1756,-2035,0.053848404304322126
Richards Injury-Response,-3593,-1893,0.05560505413405453
Richards Injury-Response,-2670,-1498,0.050582047757810375
Richards Injury-Response,-1376,-1884,0.07946056355456374
Richards Injury-Response,-2092,-3213,0.07421730801679885
Richards Injury-Response,-3540,-2049,0.05435439557694882
Richards Injury-Response,-1365,-765,0.0438432659477605
Richards Injury-Response,-632,-3134,0.1371855442233571
Richards Injury-Response,-2945,-1962,0.05639417502792937
Richards Injury-Response,-2663,-753,0.050081078096665885
Richards Injury-Response,-3328,-2424,0.0506953721848305
Richards Injury-Response,-2519,-2649,0.04031949082008904
Richards Injury-Response,-957,-3255,0.10940612309173617
Richards Injury-Response,-2022,-1629,0.04154085568898941
Richards Injury-Response,-1423,-1107,0.03785566879115097
Richards Injury-Response,-3658,-3042,0.04029384369394752
Richards Injury-Response,-3221,-2611,0.038569007464691954
Richards Injury-Response,-1012,-3348,0.10187821504457774
Richards Injury-Response,-1048,-1452,0.0434351590151119
Richards Injury-Response,-2149,-3492,0.08029680723243425
Richards Injury-Response,-2300,-2403,0.06331708117753887
Richards Injury-Response,-849,-3256,0.10689084261544086
Richards Injury-Response,-627,-2699,0.11213137066101961
Richards Injury-Response,-840,-2324,0.10007629503606183
Richards Injury-Response,-4231,-831,0.05480960659087297
Richards Injury-Response,-2843,-2584,0.05823764383075075
Richards Injury-Response,-3067,-3390,0.07137486700962768
Richards Injury-Response,-1422,-1045,0.04606450199739466
Richards Injury-Response,-1652,-2409,0.0905205246096644
Richards Injury-Response,-2137,-2311,0.04722178398544047
Richards Injury-Response,-1153,-1140,0.04147663958570559
Richards Injury-Response,-2623,-2276,0.03996284524530336
Richards Injury-Response,-2146,-3243,0.07974822901360648
Richards Injury-Response,-559,-1239,0.05034337831374516
Richards Injury-Response,-500,-712,0.032402842575612475
Richards Injury-Response,-3256,-592,0.06207520864402444
Richards Injury-Response,-2740,-3144,0.07549884691303979
Richards Injury-Response,-1608,-3435,0.04245954556478448
Richards Injury-Response,-1015,-3658,0.08669960053423233
Richards Injury-Response,-1820,-3060,0.08219605031714095
Richards Injury-Response,-3811,-2140,0.02289436220238407
Richards Injury-Response,-1388,-3126,0.05561070152803939
Richards Injury-Response,-2289,-1285,0.053311959502342646
Richards Injury-Response,-2672,-1685,0.05242444953411511
Richards Injury-Response,-3051,-1774,0.044282261456589894
Richards Injury-Response,-1231,-3656,0.0488905587413516
Richards Injury-Response,-1319,-1543,0.048298340026302025
Richards Injury-Response,-2042,-3617,0.05293025183935725
Richards Injury-Response,-1718,-3620,0.10340416761689825
Richards Injury-Response,-886,-1485,0.037103373074818466
Richards Injury-Response,-2506,-1345,0.03176946331292792
Richards Injury-Response,-853,-3691,0.08757935685420094
Richards Injury-Response,-3959,-616,0.07049433812139293
Richards Injury-Response,-963,-3814,0.08365730743491571
Richards Injury-Response,-992,-1297,0.047322089175471566
Richards Injury-Response,-1149,-768,0.07297759364726544
Richards Injury-Response,-935,-956,0.03828619636839897
Richards Injury-Response,-1600,-2689,0.07201627970075099
Richards Injury-Response,-1115,-2787,0.048209635419648914
Richards Injury-Response,-785,-2231,0.08478110658448272
Richards Injury-Response,-2137,-2249,0.053903804672931155
Richards Injury-Response,-988,-862,0.043540668901868584
Richards Injury-Response,-2947,-2148,0.04399194313083939
Richards Injury-Response,-1313,-921,0.03572231571106353
Richards Injury-Response,-1000,-2105,0.06901338130234311
Richards Injury-Response,-1478,-1199,0.060959052534785715
Richards Injury-Response,-1039,-582,0.04330026687600878
Richards Injury-Response,-1043,-1017,0.033083475515298555
Richards Injury-Response,-3804,-1332,0.030634563291221537
Richards Injury-Response,-2257,-3553,0.06616088621281452
Richards Injury-Response,-3316,-1244,0.041866975147603167
Richards Injury-Response,-3441,-2920,0.04385086072942736
Richards Injury-Response,-1274,-2506,0.03191773266161394
Richards Injury-Response,-2570,-2307,0.039635450863437824
Richards Injury-Response,-1226,-3159,0.08032884899412464
Richards Injury-Response,-2575,-2866,0.051379963708459875
Richards Injury-Response,-2508,-1531,0.048803393670972625
Richards Injury-Response,-2738,-2958,0.05934589684411888
Richards Injury-Response,-883,-1174,0.04006030303877604
Richards Injury-Response,-3750,-1426,0.03784668477715972
Richards Injury-Response,-1916,-1816,0.03267760235031564
Richards Injury-Response,-3644,-1613,0.04754622265471262
Richards Injury-Response,-3606,-3260,0.05477827142912722
Richards Injury-Response,-1175,-3377,0.08743931431614697
Richards Injury-Response,-2823,-596,0.06518557422670611
Richards Injury-Response,-2991,-1185,0.04535886884694722
Richards Injury-Response,-3495,-2951,0.04261110852200255
Richards Injury-Response,-2791,-2864,0.05700820679254495
Richards Injury-Response,-1016,-3720,0.07083142182308529
Richards Injury-Response,-1530,-981,0.03718116805467429
Richards Injury-Response,-2241,-1813,0.058113289461275766
Richards Injury-Response,-1111,-2415,0.02506256336403867
Richards Injury-Response,-1391,-3437,0.04989554821838696
Richards Injury-Response,-2297,-2092,0.04409723031002574
Richards Injury-Response,-3376,-1833,0.06664585744377605
Richards Injury-Response,-619,-1891,0.07424404605224719
Richards Injury-Response,-2347,-1688,0.053652548969699065
Richards Injury-Response,-2788,-2491,0.0644209802707498
Richards Injury-Response,-613,-1270,0.03219465837030813
Richards Injury-Response,-3698,-1644,0.0379583985208225
Richards Injury-Response,-1821,-3184,0.1074564488225028
Richards Injury-Response,-3688,-587,0.07526125543593633
Richards Injury-Response,-2401,-1656,0.04757071732008322
Richards Injury-Response,-2041,-3493,0.08487686249288418
Richards Injury-Response,-3104,-1681,0.044752463530793776
Richards Injury-Response,-2791,-2802,0.10257247892276862
Richards Injury-Response,-746,-3754,0.09853963880505025
Richards Injury-Response,-607,-586,0.01996163691531732
Richards Injury-Response,-1914,-1630,0.04289963720141546
Richards Injury-Response,-1882,-3836,0.06527084215447598
Richards Injury-Response,-1534,-1416,0.06435016247026115
Richards Injury-Response,-3538,-1801,0.07150974760576527
Richards Injury-Response,-618,-1767,0.06588904943847093
Richards Injury-Response,-2094,-3399,0.06554018387849762
Richards Injury-Response,-683,-2854,0.10537662131714139
Richards Injury-Response,-2452,-1314,0.05695370342201786
Richards Injury-Response,-2300,-2341,0.052658958368909436
Richards Injury-Response,-1063,-3068,0.07541176660069808
Richards Injury-Response,-722,-1331,0.033079798862741996
Richards Injury-Response,-3263,-1337,0.050049295278086756
Richards Injury-Response,-1986,-3462,0.0872801744073889
Richards Injury-Response,-3647,-1862,0.05606169020064733
Richards Injury-Response,-2074,-1349,0.04366154453138647
Richards Injury-Response,-1869,-2531,0.0774138419117759
Richards Injury-Response,-960,-3566,0.08854489937839848
Richards Injury-Response,-776,-1362,0.046876916518651446
Richards Injury-Response,-2206,-3771,0.060142222153142064
Richards Injury-Response,-2683,-2865,0.06601852046103085
Richards Injury-Response,-507,-1457,0.05766037640981232
Richards Injury-Response,-2248,-2621,0.06585823475942816
Richards Injury-Response,-1664,-3714,0.08543390798042451
Richards Injury-Response,-3175,-3389,0.05994463204855255
Richards Injury-Response,-616,-1581,0.048240685862289134
Richards Injury-Response,-3547,-2733,0.05339794368352242
Richards Injury-Response,-3821,-3072,0.06947204627803678
Richards Injury-Response,-1172,-3066,0.09100156528076721
Richards Injury-Response,-2411,-2713,0.0640431760846681
Richards Injury-Response,-2240,-1751,0.06992877262987791
Richards Injury-Response,-3276,-2642,0.0423973338436488
Richards Injury-Response,-1817,-2687,0.06991485729606188
Richards Injury-Response,-1826,-3681,0.05609589780616045
Richards Injury-Response,-3743,-680,0.04876301887317876
Richards Injury-Response,-3753,-1736,0.03568312421383152
Richards Injury-Response,-3284,-3450,0.06302481995255041
Richards Injury-Response,-2303,-2714,0.05160365310913287
Richards Injury-Response,-2032,-2623,0.0574825878017686
Richards Injury-Response,-1002,-2291,0.10352887079657973
Richards Injury-Response,-3220,-2487,0.05278389829058018
Richards Injury-Response,-1124,-3719,0.06696174742258063
Richards Injury-Response,-2361,-3117,0.07280002399398508
Richards Injury-Response,-2121,-634,0.06608061636372926
Richards Injury-Response,-2561,-1375,0.057675319008987064
Richards Injury-Response,-2716,-721,0.05767450502435374
Richards Injury-Response,-1264,-1512,0.051034041016716214
Richards Injury-Response,-1717,-3558,0.10129984347376013
Richards Injury-Response,-1112,-2539,0.014787407489317221
Richards Injury-Response,-3101,-1370,0.05376954062547497
Richards Injury-Response,-1851,-668,0.053409188873391286
Richards Injury-Response,-3657,-2980,0.04950908995786921
Richards Injury-Response,-1599,-2503,0.06545217542426696
Richards Injury-Response,-3154,-1276,0.0599572984254185
Richards Injury-Response,-2727,-1777,0.04096960758061931
Richards Injury-Response,-1435,-2411,0.03141451128439264
Richards Injury-Response,-1207,-1171,0.04273873223749315
Richards Injury-Response,-1048,-1514,0.06853732291608866
Richards Injury-Response,-3757,-2109,0.07861182377361603
Richards Injury-Response,-745,-3692,0.13171094372820286
Richards Injury-Response,-3366,-777,0.06028867614399709
Richards Injury-Response,-989,-987,0.040159039775095176
Richards Injury-Response,-1976,-2406,0.05647754532810362
Richards Injury-Response,-1664,-3652,0.07120488623580119
Richards Injury-Response,-1708,-2688,0.06243919248422716
Richards Injury-Response,-3637,-930,0.049105120793946286
Richards Injury-Response,-3653,-2545,0.04209222852718225
Richards Injury-Response,-3696,-1395,0.037678360405430114
Richards Injury-Response,-2631,-3083,0.05707177649951167
Richards Injury-Response,-1379,-2132,0.0609501641591394
Richards Injury-Response,-3425,-1367,0.03441716094735886
Richards Injury-Response,-1611,-3808,0.08010646569449571
Richards Injury-Response,-3006,-2676,0.048377747701208756
Richards Injury-Response,-2141,-2746,0.060700718427873376
Richards Injury-Response,-626,-2513,0.09849051561577435
Richards Injury-Response,-1690,-762,0.04812640047944483
Richards Injury-Response,-3478,-1211,0.05542890364654002
Richards Injury-Response,-2139,-2498,0.03901364436218627
Richards Injury-Response,-1169,-2818,0.03705722523851895
Richards Injury-Response,-3754,-1798,0.04609391111135129
Richards Injury-Response,-3327,-2362,0.03935303187604382
Richards Injury-Response,-1438,-2722,0.08776389374981534
Richards Injury-Response,-2947,-2210,0.04239104833439983
Richards Injury-Response,-1612,-3870,0.059636973323126424
Richards Injury-Response,-2097,-3710,0.06512993881408669
Richards Injury-Response,-1209,-1357,0.04326894046525559
Richards Injury-Response,-2125,-1069,0.04883791953976231
Richards Injury-Response,-3116,-2923,0.07016343495744148
Richards Injury-Response,-1216,-2103,0.04685780149585641
Richards Injury-Response,-3331,-2735,0.05796284114414457
Richards Injury-Response,-717,-772,0.04020327220097987
Richards Injury-Response,-1549,-2970,0.06735040282893742
Richards Injury-Response,-2572,-2494,0.06209944884589513
Richards Injury-Response,-2122,-758,0.04840838146544332
Richards Injury-Response,-847,-3070,0.10904531734347744
Richards Injury-Response,-2073,-1287,0.04854221251557936
Richards Injury-Response,-959,-3441,0.09098994271233171
Richards Injury-Response,-1283,-3376,0.07611484632141578
Richards Injury-Response,-3050,-1650,0.05074467083432124
Richards Injury-Response,-3278,-2891,0.07568085038685658
Richards Injury-Response,-1974,-2220,0.0659319789280758
Richards Injury-Response,-3120,-3296,0.10064315763039611
Richards Injury-Response,-3151,-966,0.052001066585997596
Richards Injury-Response,-3056,-2271,0.053874697170595995
Richards Injury-Response,-2993,-1371,0.04747077259984912
Richards Injury-Response,-1334,-3096,0.07834608528816144
Richards Injury-Response,-2418,-3334,0.09187774448585184
Richards Injury-Response,-1478,-1261,0.0671444261100038
Richards Injury-Response,-777,-1424,0.04968551107997525
Richards Injury-Response,-2798,-3548,0.04743582706256254
Richards Injury-Response,-668,-1363,0.049394240120674004
Richards Injury-Response,-3326,-2300,0.03694703899050762
Richards Injury-Response,-2470,-3178,0.08491129803971739
Richards Injury-Response,-2778,-1497,0.05334542550075626
Richards Injury-Response,-2739,-3020,0.04728801584121256
Richards Injury-Response,-3259,-902,0.05784447811001765
Richards Injury-Response,-2687,-3300,0.07783885700525887
Richards Injury-Response,-1988,-3587,0.06954363969957332
Richards Injury-Response,-1638,-1042,0.044696104332809655
Richards Injury-Response,-789,-2604,0.06879671671459592
Richards Injury-Response,-834,-1765,0.07192172516257858
Richards Injury-Response,-2904,-3298,0.054318270647917236
Richards Injury-Response,-2514,-2152,0.05598731692294198
Richards Injury-Response,-3432,-1988,0.03809757572134716
Richards Injury-Response,-1481,-1572,0.059346026194592366
Richards Injury-Response,-1659,-3155,0.0993928537378215
Richards Injury-Response,-961,-3628,0.08808811888181578
Richards Injury-Response,-823,-584,0.01162023326490507
Richards Injury-Response,-2682,-2741,0.07167310716108784
Richards Injury-Response,-3391,-3324,0.04124737823462367
Richards Injury-Response,-3003,-2365,0.050191494259480204
Richards Injury-Response,-1597,-2317,0.10049442355691958
Richards Injury-Response,-1590,-1633,0.04998709251967441
Richards Injury-Response,-1472,-640,0.04291688639901503
Richards Injury-Response,-1745,-855,0.053514356614928565
Richards Injury-Response,-1004,-2540,0.031809806530532
Richards Injury-Response,-3148,-655,0.0611910624415747
Richards Injury-Response,-2080,-1970,0.06286421497635973
Richards Injury-Response,-1270,-2071,0.050392525034709874
Richards Injury-Response,-1853,-854,0.04774913568157592
Richards Injury-Response,-1603,-3000,0.06118715958727726
Richards Injury-Response,-2151,-3740,0.05525053919493435
Richards Injury-Response,-3713,-3135,0.05222208905721547
Richards Injury-Response,-2718,-908,0.05395625447338806
Richards Injury-Response,-1101,-1420,0.04906091055321386
Richards Injury-Response,-3603,-2950,0.04372158659859829
Richards Injury-Response,-1429,-1728,0.07229684667831449
Richards Injury-Response,-2355,-2434,0.05278808146001826
Richards Injury-Response,-3433,-2112,0.03152509737625912
Richards Injury-Response,-2512,-1966,0.05547852226656057
Richards Injury-Response,-2886,-1434,0.047565412898276774
Richards Injury-Response,-3162,-2022,0.050726950513978825
Richards Injury-Response,-1165,-2445,0.041776163132427144
Richards Injury-Response,-894,-2355,0.11679457384594803
Richards Injury-Response,-1046,-1328,0.0576619244950808
Richards Injury-Response,-2527,-3457,0.10101226938152294
Richards Injury-Response,-2722,-1343,0.05343876339424476
Richards Injury-Response,-2840,-2273,0.04868920463335134
Richards Injury-Response,-3705,-2327,0.036367899356508304
Richards Injury-Response,-1541,-2162,0.10123076974702791
Richards Injury-Response,-3113,-2613,0.04138294185913301
Richards Injury-Response,-509,-1644,0.03333562594655737
Richards Injury-Response,-718,-896,0.04512159522505728
Richards Injury-Response,-941,-1640,0.06771540202929126
Richards Injury-Response,-1608,-3497,0.04680838172712275
Richards Injury-Response,-2469,-3054,0.06569723126759944
Richards Injury-Response,-1372,-1449,0.07535297946149364
Richards Injury-Response,-1654,-2658,0.07792963342586329
Richards Injury-Response,-3169,-2829,0.06014961876081637
Richards Injury-Response,-3119,-3172,0.0938139724264322
Richards Injury-Response,-2633,-3270,0.06853234021208468
Richards Injury-Response,-2788,-2554,0.06109111992032304
Richards Injury-Response,-3329,-2610,0.05781324897802044
Richards Injury-Response,-2769,-565,0.05212110150017986
Richards Injury-Response,-2126,-1131,0.040953094366638826
Richards Injury-Response,-2132,-1814,0.0460784762959489
Richards Injury-Response,-3755,-1923,0.032265895225377345
Richards Injury-Response,-3474,-776,0.0529845062461152
Richards Injury-Response,-2581,-3426,0.08943210422871009
Richards Injury-Response,-1112,-2477,0.030118080897953335
Richards Injury-Response,-3640,-1178,0.05024711365464757
Richards Injury-Response,-2838,-2149,0.056007934692619984
Richards Injury-Response,-3650,-2172,0.058477665362369605
Richards Injury-Response,-1911,-1319,0.043237878828833634
Richards Injury-Response,-1115,-2850,0.0372150281231817
Richards Injury-Response,-3434,-2237,0.06801256947862172
Richards Injury-Response,-2289,-1222,0.04647063252141928
Richards Injury-Response,-1751,-1538,0.04507965569049374
Richards Injury-Response,-795,-3225,0.10678181161109854
Richards Injury-Response,-1370,-1263,0.05315887968046415
Richards Injury-Response,-2181,-1286,0.05786602009582245
Richards Injury-Response,-1384,-2692,0.08581305282935785
Richards Injury-Response,-1364,-641,0.06750772321528573
Richards Injury-Response,-2028,-2188,0.06654213708950601
Richards Injury-Response,-1098,-1110,0.057393472394672115
Richards Injury-Response,-1393,-3561,0.05416825971163988
Richards Injury-Response,-1108,-2104,0.04706000063734039
Richards Injury-Response,-2731,-2212,0.0705098162638205
Richards Injury-Response,-1595,-2130,0.0953252300797824
Richards Injury-Response,-3493,-2764,0.08613109208681112
Richards Injury-Response,-623,-2264,0.07977393920754708
Richards Injury-Response,-3600,-2639,0.04204986800451818
Richards Injury-Response,-2609,-847,0.05614543720266647
Richards Injury-Response,-3820,-3010,0.06566905461700531
Richards Injury-Response,-1437,-2536,0.08709782386107631
Richards Injury-Response,-2093,-3275,0.06740918584417167
Richards Injury-Response,-3589,-1458,0.058359933210405876
Richards Injury-Response,-1159,-1824,0.08950879894974073
Richards Injury-Response,-1635,-670,0.044795726764212285
Richards Injury-Response,-3706,-2451,0.06184572215879218
Richards Injury-Response,-2247,-2435,0.08135299200733731
Richards Injury-Response,-3370,-1212,0.04979510931325473
Richards Injury-Response,-1148,-705,0.04899564575080266
Richards Injury-Response,-1969,-1661,0.03263063682389877
Richards Injury-Response,-772,-927,0.033762369567081535
Richards Injury-Response,-3219,-2363,0.05616014224561844
Richards Injury-Response,-2418,-3396,0.11040872177443928
Richards Injury-Response,-2513,-2028,0.05321216087516843
Richards Injury-Response,-1220,-2476,0.049959108161105006
Richards Injury-Response,-2350,-1999,0.06195119189289193
Richards Injury-Response,-2689,-3424,0.07245719696600798
Richards Injury-Response,-3645,-1675,0.037101701823109984
Richards Injury-Response,-1118,-3160,0.1009382976794708
Richards Injury-Response,-1809,-1880,0.0584765060511474
Richards Injury-Response,-998,-1856,0.08603900362532202
Richards Injury-Response,-2680,-2555,0.03754360394961437
Richards Injury-Response,-1531,-1106,0.04305361387249432
Richards Injury-Response,-2555,-754,0.056963699745487886
Richards Injury-Response,-1229,-3408,0.09364798535509537
Richards Injury-Response,-2739,-3082,0.05437204665439932
Richards Injury-Response,-1655,-2720,0.06554946868843463
Richards Injury-Response,-2249,-2683,0.06121618871744203
Richards Injury-Response,-2948,-2272,0.03234324027565412
Richards Injury-Response,-1913,-1506,0.05033175268491677
Richards Injury-Response,-1765,-2967,0.0952370303651226
Richards Injury-Response,-1488,-2256,0.062215488487701434
Richards Injury-Response,-2034,-2809,0.06330489919228202
Richards Injury-Response,-1425,-1355,0.05336904178654997
Richards Injury-Response,-2783,-1994,0.05815333282687407
Richards Injury-Response,-2771,-814,0.06660162531092251
Richards Injury-Response,-2687,-3238,0.06470351210828525
Richards Injury-Response,-2451,-1252,0.045931873122780284
Richards Injury-Response,-1528,-857,0.05138158818495747
Richards Injury-Response,-3217,-2114,0.05937100051962578
Richards Injury-Response,-2080,-2032,0.04481634807689419
Richards Injury-Response,-3316,-1181,0.06267233667222558
Richards Injury-Response,-895,-2417,0.08181088643816026
Richards Injury-Response,-502,-898,0.05098084380707481
Richards Injury-Response,-2235,-1254,0.04498208859990248
Richards Injury-Response,-1118,-3098,0.08161516951942926
Richards Injury-Response,-2568,-2183,0.04633197480493753
Richards Injury-Response,-2446,-755,0.07113610402777674
Richards Injury-Response,-931,-583,0.024650115814667625
Richards Injury-Response,-3223,-2736,0.05202325933286504
Richards Injury-Response,-3852,-741,0.058540303246321146
Richards Injury-Response,-3326,-2238,0.05423558425856924
Richards Injury-Response,-995,-1546,0.05168804088384171
Richards Injury-Response,-2456,-1687,0.05323104603368087
Richards Injury-Response,-624,-2388,0.09720094226797228
Richards Injury-Response,-3703,-2141,0.047135158663337604
Richards Injury-Response,-2042,-3679,0.05651796084339125
Richards Injury-Response,-832,-1516,0.058842340021043923
Richards Injury-Response,-1914,-1568,-1.2773461571953873e-4
Richards Injury-Response,-850,-3380,0.10701987861501334
Richards Injury-Response,-1650,-2223,0.056515257701729396
Richards Injury-Response,-1863,-1910,0.05400596237444226
Richards Injury-Response,-3046,-1215,0.042284881471985114
Richards Injury-Response,-848,-3132,0.11488739928222089
Richards Injury-Response,-3421,-870,0.05823646837974851
Richards Injury-Response,-1933,-3556,0.07820138364780176
Richards Injury-Response,-908,-3721,0.09258017660063157
Richards Injury-Response,-3602,-2887,0.055158048159513265
Richards Injury-Response,-2901,-3050,0.0733034546153236
Richards Injury-Response,-1855,-1040,0.048867398690609576
Richards Injury-Response,-743,-3506,0.08507974247552039
Richards Injury-Response,-2068,-728,0.061715133560305724
Richards Injury-Response,-1921,-2313,0.060809674943633305
Richards Injury-Response,-3273,-2331,0.04441656633802775
Richards Injury-Response,-1906,-760,0.04431506171629414
Richards Injury-Response,-2457,-1811,0.06229665927500386
Richards Injury-Response,-2777,-1435,0.041188392533817175
Richards Injury-Response,-4013,-646,0.06633168211870281
Richards Injury-Response,-2242,-1938,0.07682448364185443
Richards Injury-Response,-2035,-2872,0.05546408052676571
Richards Injury-Response,-2846,-2957,0.05853462513664656
Richards Injury-Response,-3223,-2798,0.04561291792541711
Richards Injury-Response,-3550,-3043,0.03664611273492496
Richards Injury-Response,-1051,-1825,0.08274691425248047
Richards Injury-Response,-891,-2044,0.10528252053874343
Richards Injury-Response,-3282,-3325,0.06085398940015059
Richards Injury-Response,-1165,-2383,0.03269490269746556
Richards Injury-Response,-3067,-3452,0.062275209894854286
Richards Injury-Response,-3695,-1271,0.035364282871512887
Richards Injury-Response,-1983,-3152,0.060676554284905454
Richards Injury-Response,-1211,-1606,0.05859096698986281
Richards Injury-Response,-1859,-1537,0.04634960126940796
Richards Injury-Response,-1042,-831,0.04869119748806501
Richards Injury-Response,-3371,-1274,0.044282788178572535
Richards Injury-Response,-2291,-1409,0.05637847172705193
Richards Injury-Response,-995,-1608,0.06699021314360246
Richards Injury-Response,-1877,-3339,0.09238062170360567
Richards Injury-Response,-3805,-1518,0.026357037209035164
Richards Injury-Response,-1060,-2695,0.031068108320035197
Richards Injury-Response,-1371,-1387,0.05238360429072354
Richards Injury-Response,-1214,-1916,0.10056421562546144
Richards Injury-Response,-3761,-2544,0.053270620772364274
Richards Injury-Response,-3052,-1899,0.0340485868313469
Richards Injury-Response,-3432,-2050,0.03642724285302762
Richards Injury-Response,-2895,-2366,0.02870964780005661
Richards Injury-Response,-1961,-853,0.042217730638273956
Richards Injury-Response,-2931,-595,0.06174698546686225
Richards Injury-Response,-2796,-3299,0.0631464990554621
Richards Injury-Response,-3581,-651,0.06128828043880122
Richards Injury-Response,-3153,-1152,0.054925191053774955
Richards Injury-Response,-4069,-801,0.03243071824433977
Richards Injury-Response,-1214,-1854,0.08770574193998816
Richards Injury-Response,-2526,-3333,0.09963395964498334
Richards Injury-Response,-940,-1453,0.06676369666721285
Richards Injury-Response,-2837,-1963,0.051909224779893265
Richards Injury-Response,-1040,-644,0.05024750182740338
Richards Injury-Response,-3003,-2427,0.04990964569879658
Richards Injury-Response,-3364,-653,0.04892820633772908
Richards Injury-Response,-880,-863,0.049097433286203154
Richards Injury-Response,-1057,-2384,0.04813904311699507
Richards Injury-Response,-2523,-3084,0.06881329690949357
Richards Injury-Response,-1445,-3406,0.040203661566309265
Richards Injury-Response,-1910,-1133,0.04148415844607878
Richards Injury-Response,-2259,-3677,0.05469648677455982
Richards Injury-Response,-1336,-3344,0.05710488749511099
Richards Injury-Response,-3753,-1674,0.05161833118515889
Richards Injury-Response,-2029,-2312,0.07268316563907698
Richards Injury-Response,-1922,-2438,0.07905549678721674
Richards Injury-Response,-2521,-2836,0.055851857828434104
Richards Injury-Response,-1879,-3526,0.08018649465289074
Richards Injury-Response,-3103,-1556,0.04674604185897756
Richards Injury-Response,-794,-3163,0.11440777073414764
Richards Injury-Response,-1864,-2034,0.0615356683369296
Richards Injury-Response,-2352,-2185,0.045453763110168424
Richards Injury-Response,-3695,-1333,0.04681450490161514
Richards Injury-Response,-1476,-1013,0.04102282408609022
Richards Injury-Response,-1925,-2686,0.07750053123389743
Richards Injury-Response,-2466,-2805,0.0510049112009332
Richards Injury-Response,-3203,-748,0.05822111487309209
Richards Injury-Response,-3759,-2296,0.036245425208068144
Richards Injury-Response,-1420,-858,0.0471902230699192
Richards Injury-Response,-2790,-2740,0.06429640030838348
Richards Injury-Response,-2348,-1750,0.06332282987254605
Richards Injury-Response,-3482,-1584,0.04656888611407782
Richards Injury-Response,-1639,-1105,0.038976043935659926
Richards Injury-Response,-3530,-993,0.03338712391756714
Richards Injury-Response,-1799,-885,0.05302390819933232
Richards Injury-Response,-2408,-2340,0.043547675202858585
Richards Injury-Response,-1325,-2164,0.05352696488374112
Richards Injury-Response,-2738,-2896,0.08786221242794623
Richards Injury-Response,-1426,-1479,0.0615704536147194
Richards Injury-Response,-955,-3006,0.10269144613202211
Richards Injury-Response,-3154,-1214,0.055765476259427196
Richards Injury-Response,-780,-1734,0.0787554187326187
Richards Injury-Response,-899,-2852,0.09398744733808873
Richards Injury-Response,-738,-3009,0.1138643467031244
Richards Injury-Response,-2620,-1903,0.05256070526706094
Richards Injury-Response,-1481,-1510,0.05664374557025152
Richards Injury-Response,-3392,-3449,0.0543442126424214
Richards Injury-Response,-615,-1456,0.041573403385030905
Richards Injury-Response,-2619,-1779,0.06026656432181306
Richards Injury-Response,-1762,-2657,0.07144305171578083
Richards Injury-Response,-1278,-2941,0.10868342581863462
Richards Injury-Response,-1749,-1290,0.03736239106866612
Richards Injury-Response,-2628,-2773,0.06961866782803727
Richards Injury-Response,-680,-2543,0.11202061967724773
Richards Injury-Response,-3804,-1394,0.028092656262015125
Richards Injury-Response,-3010,-3111,0.08259594355136857
Richards Injury-Response,-3492,-2640,0.06835107551115023
Richards Injury-Response,-4122,-707,0.05725364190666478
Richards Injury-Response,-2295,-1844,0.11198722781624333
Richards Injury-Response,-2608,-722,0.050413961430368845
Richards Injury-Response,-1175,-3439,0.07708584093383503
Richards Injury-Response,-2724,-1467,0.05273377324111703
Richards Injury-Response,-2067,-665,0.048550277462883484
Richards Injury-Response,-2780,-1684,0.05668532705435206
Richards Injury-Response,-3310,-622,0.05516994688890299
Richards Injury-Response,-1701,-1881,0.05506961977518726
Richards Injury-Response,-3529,-869,0.04562637605646443
Richards Injury-Response,-1257,-767,0.058391531390088305
Richards Injury-Response,-950,-2571,0.03768910829270727
Richards Injury-Response,-3446,-3479,0.05832453379871182
Richards Injury-Response,-2231,-881,0.05105671796098549
Richards Injury-Response,-3375,-1771,0.06142563814668939
Richards Injury-Response,-1106,-1918,0.07486278983093714
Richards Injury-Response,-887,-1609,0.06557761148919444
Richards Injury-Response,-3173,-3202,0.09140308100873303
Richards Injury-Response,-1638,-980,0.043461794503457746
Richards Injury-Response,-2409,-2464,0.049894594649495305
Richards Injury-Response,-2457,-1873,0.061170596835089575
Richards Injury-Response,-778,-1548,0.06297438008100689
Richards Injury-Response,-3260,-1027,0.04194580466547719
Richards Injury-Response,-2294,-1720,0.055968899288682886
Richards Injury-Response,-1392,-3499,0.03289164207570117
Richards Injury-Response,-3605,-3136,0.056981909150990204
Richards Injury-Response,-2408,-2402,0.04594634845481628
Richards Injury-Response,-1268,-1885,0.08579993600189648
Richards Injury-Response,-2039,-3369,0.06521934828083337
Richards Injury-Response,-2608,-660,0.046182503708247516
Richards Injury-Response,-3094,-686,0.06151053754349145
Richards Injury-Response,-2613,-1219,0.06135874610664048
Richards Injury-Response,-1828,-3868,0.044946137734751104
Richards Injury-Response,-2880,-875,0.06343018558410068
Richards Injury-Response,-1773,-3775,0.05519366631003604
Richards Injury-Response,-2835,-1776,0.0479058993391452
Richards Injury-Response,-661,-617,0.01741108260022798
Richards Injury-Response,-1553,-3342,0.04585977638020995
Richards Injury-Response,-904,-3349,0.0998399179959789
Richards Injury-Response,-879,-739,0.03377056826853189
Richards Injury-Response,-1607,-3373,0.06190268791224425
Richards Injury-Response,-3270,-2021,0.038605963963151246
Richards Injury-Response,-3367,-963,0.04449342152677278
Richards Injury-Response,-1051,-1763,0.08252812206986576
Richards Injury-Response,-1591,-1757,0.06865243870229473
Richards Injury-Response,-3047,-1339,0.04973024930679368
Richards Injury-Response,-3745,-867,0.043197985970858305
Richards Injury-Response,-3275,-2518,0.0485016254202815
Richards Injury-Response,-3052,-1836,0.05931983622186637
Richards Injury-Response,-1484,-1821,0.07356784426974335
Richards Injury-Response,-1874,-3029,0.07068364196266733
Richards Injury-Response,-3314,-1057,0.03105462002361238
Richards Injury-Response,-2296,-1968,0.05498190264257223
Richards Injury-Response,-3751,-1488,0.044542647636582236
Richards Injury-Response,-2625,-2462,0.04166877706936671
Richards Injury-Response,-2288,-1098,0.04302063576644122
Richards Injury-Response,-2349,-1812,0.06607547700398167
Richards Injury-Response,-569,-2233,0.07883711171243692
Richards Injury-Response,-2625,-2400,0.031270092709045724
Richards Injury-Response,-508,-1519,0.04724525011049957
Richards Injury-Response,-1484,-1883,0.08176095275707565
Richards Injury-Response,-1986,-3400,0.0811635258326406
Richards Injury-Response,-1697,-1508,0.05401605801982208
Richards Injury-Response,-838,-2138,0.0798713878039009
Richards Injury-Response,-2636,-3518,0.08470053395218718
Richards Injury-Response,-3386,-2890,0.06268771694146591
Richards Injury-Response,-1271,-2133,0.022989480832099743
Richards Injury-Response,-1314,-1046,0.04019170340003665
Richards Injury-Response,-3853,-865,0.039933291670500776
Richards Injury-Response,-2794,-3113,0.06771450666818626
Richards Injury-Response,-2085,-2467,0.04943766742470965
Richards Injury-Response,-3590,-1583,0.04284802036493937
Richards Injury-Response,-3002,-2241,0.04334822853186941
Richards Injury-Response,-1097,-986,0.04450974156073051
Richards Injury-Response,-2405,-2029,0.04799271469621208
Richards Injury-Response,-2302,-2527,0.04218050237819369
Richards Injury-Response,-1364,-579,0.04113528663418159
Richards Injury-Response,-953,-2882,0.060145444121772404
Richards Injury-Response,-2414,-2961,0.07429358975133268
Richards Injury-Response,-3534,-1428,0.048218001819415615
Richards Injury-Response,-2583,-3674,0.0522486071773421
Richards Injury-Response,-1987,-3525,0.09199389377403193
Richards Injury-Response,-2626,-2586,0.04925713211357015
Richards Injury-Response,-3497,-3137,0.04517085273203092
Richards Injury-Response,-447,-868,0.02733819346923684
Richards Injury-Response,-2250,-2745,0.06287887434924658
Richards Injury-Response,-2729,-2026,0.055597923133671207
Richards Injury-Response,-1336,-3282,0.046969193800700526
Richards Injury-Response,-1933,-3494,0.10637665394294309
Richards Injury-Response,-824,-646,0.043482825135408035
Richards Injury-Response,-3499,-3323,0.055205813495639244
Richards Injury-Response,-3160,-1897,0.03372994299377438
Richards Injury-Response,-3374,-1585,0.046590563087244685
Richards Injury-Response,-2901,-2987,0.06072353338483205
Richards Injury-Response,-3588,-1396,0.04119124719936482
Richards Injury-Response,-2456,-1749,0.05117966456694262
Richards Injury-Response,-1378,-2070,0.059048672009042
Richards Injury-Response,-3379,-2144,0.03506173198671904
Richards Injury-Response,-776,-1299,0.053284511298574616
Richards Injury-Response,-1107,-1980,0.045659189099981776
Richards Injury-Response,-1500,-3498,0.03368195759483959
Richards Injury-Response,-1419,-734,0.051108020066287396
Richards Injury-Response,-2946,-2086,0.0429810800528299
Richards Injury-Response,-2259,-3739,0.05707198075773218
Richards Injury-Response,-563,-1674,0.055414801392631344
Richards Injury-Response,-1329,-2599,0.027846973062575275
Richards Injury-Response,-3328,-2486,0.038065975231393656
Richards Injury-Response,-2511,-1842,0.04701627255096742
Richards Injury-Response,-2311,-3521,0.08054085169874543
Richards Injury-Response,-571,-2482,0.0746443687566127
Richards Injury-Response,-1641,-1291,0.050156344722211976
Richards Injury-Response,-3552,-3292,0.06994051104587552
Richards Injury-Response,-1854,-978,0.03317219243652268
Richards Injury-Response,-2253,-3056,0.09127265106216986
Richards Injury-Response,-1540,-2038,0.08934900154908353
Richards Injury-Response,-505,-1209,0.05386553974199182
Richards Injury-Response,-2736,-2709,0.060596686663618685
Richards Injury-Response,-3122,-3482,0.06875522010069726
Richards Injury-Response,-3447,-3541,0.07680091378485748
Richards Injury-Response,-3215,-1928,0.04968485344191187
Richards Injury-Response,-3335,-3170,0.06810420791622697
Richards Injury-Response,-2518,-2587,0.04057535441065191
Richards Injury-Response,-1321,-1729,0.057258733887602706
Richards Injury-Response,-3228,-3295,0.06902059986203543
Richards Injury-Response,-3333,-2983,0.07640135781094183
Richards Injury-Response,-1479,-1324,0.044183226121442556
Richards Injury-Response,-2770,-627,0.055000722535860594
Richards Injury-Response,-1312,-859,0.05185450101275306
Richards Injury-Response,-3266,-1648,0.05704519435283427
Richards Injury-Response,-3760,-2358,0.041856005348979014
Richards Injury-Response,-1121,-3471,0.08441904079748722
Richards Injury-Response,-3427,-1553,0.03835029313041381
Richards Injury-Response,-1746,-979,0.030926427526611164
Richards Injury-Response,-2637,-3642,0.05613170672789178
Richards Injury-Response,-1605,-3186,0.0780568432307701
Richards Injury-Response,-1705,-2378,0.09991335521518122
Richards Injury-Response,-1808,-1817,0.052839132811197176
Richards Injury-Response,-1814,-2377,0.0786127718861925
Richards Injury-Response,-4176,-676,0.05664416485486169
Richards Injury-Response,-3587,-1272,0.05324407953152645
Richards Injury-Response,-1420,-796,0.058036547435079536
Richards Injury-Response,-2572,-2556,0.040418958574840846
Richards Injury-Response,-2629,-2835,0.059836385187499036
Richards Injury-Response,-1526,-609,0.04093872456725166
Richards Injury-Response,-3435,-2299,0.0739503946321285
Richards Injury-Response,-3170,-2892,0.057682657580388555
Richards Injury-Response,-2085,-2529,0.049669413878541735
Richards Injury-Response,-1179,-3874,0.05714424302553929
Richards Injury-Response,-1797,-637,0.029407399846444818
Richards Injury-Response,-2076,-1535,0.04163031833151133
Richards Injury-Response,-3329,-2548,0.0450826181932715
Richards Injury-Response,-557,-1053,0.03737221425879665
Richards Injury-Response,-3638,-992,0.041273707902294066
Richards Injury-Response,-2889,-1745,0.05183738293410049
Richards Injury-Response,-2527,-3519,0.08144376846175996
Richards Injury-Response,-2686,-3176,0.0759342021306231
Richards Injury-Response,-2309,-3335,0.06883136704510813
Richards Injury-Response,-828,-1081,0.05834111307904699
Richards Injury-Response,-1981,-2965,0.057498655578734764
Richards Injury-Response,-1591,-1695,0.0656350768363621
Richards Injury-Response,-2096,-3586,0.06486989794216845
Richards Injury-Response,-2203,-3522,0.060920560881926
Richards Injury-Response,-1499,-3374,0.04420239515368553
Richards Injury-Response,-1637,-856,0.058124026521312044
Richards Injury-Response,-3053,-2023,0.0475610551597849
Richards Injury-Response,-3586,-1210,0.04181442963467834
Richards Injury-Response,-1746,-1041,0.04250671023171888
Richards Injury-Response,-1010,-3161,0.0963632863360182
Richards Injury-Response,-733,-2449,0.10507785551484523
Richards Injury-Response,-2145,-3119,0.06566483653539525
Richards Injury-Response,-3850,-555,0.06617251735872233
Richards Injury-Response,-2176,-789,0.04132686679996335
Richards Injury-Response,-3168,-2643,0.05539472279992311
Richards Injury-Response,-3535,-1490,0.04992338529670143
Richards Injury-Response,-800,-3723,0.10787969414895811
Richards Injury-Response,-1852,-730,0.052219414607642484
Richards Injury-Response,-1646,-1850,0.05585717338859844
Richards Injury-Response,-662,-741,0.05785977076513009
Richards Injury-Response,-3096,-811,0.05908006968598517
Richards Injury-Response,-2735,-2647,0.03686019801504964
Richards Injury-Response,-1821,-3122,0.1034183521925012
Richards Injury-Response,-500,-774,0.026121922513502024
Richards Injury-Response,-791,-2853,0.09749970345057785
Richards Injury-Response,-2144,-2995,0.06845466941850858
Richards Injury-Response,-1148,-643,0.050706943122628384
Richards Injury-Response,-1434,-2225,0.05047179369479017
Richards Injury-Response,-891,-1982,0.11788117596959728
Richards Injury-Response,-731,-2201,0.09988792784321379
Richards Injury-Response,-2715,-597,0.05449100292990702
Richards Injury-Response,-1340,-3717,0.04758951339772398
Richards Injury-Response,-827,-957,0.013472841454744332
Richards Injury-Response,-2253,-3118,0.09411600087450131
Richards Injury-Response,-2689,-3487,0.06349572916617607
Richards Injury-Response,-2404,-1967,0.04946068086999901
Richards Injury-Response,-2504,-1158,0.0435663419921727
Richards Injury-Response,-2310,-3397,0.08512244842825117
Richards Injury-Response,-795,-3288,0.10200007004854567
Richards Injury-Response,-1428,-1604,0.06288000397970618
Richards Injury-Response,-1442,-3095,0.06153947940297022
Richards Injury-Response,-3659,-3166,0.05187474782361286
Richards Injury-Response,-2091,-3151,0.07752547216116895
Richards Injury-Response,-3320,-1616,0.041420642123212156
Richards Injury-Response,-2623,-2213,0.05683928102676905
Richards Injury-Response,-2844,-2708,0.06071916901213134
Richards Injury-Response,-2033,-2747,0.057671636737069876
Richards Injury-Response,-2242,-2000,0.06638990528263956
Richards Injury-Response,-2283,-663,0.03924851321806451
Richards Injury-Response,-2238,-1565,0.05087847276573251
Richards Injury-Response,-1335,-3158,0.06196135006923065
Richards Injury-Response,-676,-2170,0.07763745901492423
Richards Injury-Response,-620,-1953,0.053698908835663764
Richards Injury-Response,-1580,-639,0.05136306415149619
Richards Injury-Response,-2398,-1284,0.03488924381007524
Richards Injury-Response,-3752,-1550,0.03996782246788255
Richards Injury-Response,-3593,-1955,0.04229150370255269
Richards Injury-Response,-2339,-818,0.052294807671745394
Richards Injury-Response,-2741,-3269,0.07193159386334137
Richards Injury-Response,-3149,-779,0.056154226796217496
Richards Injury-Response,-2399,-1408,0.03996137681951559
Richards Injury-Response,-2677,-2244,0.045097885437967486
Richards Injury-Response,-3552,-3230,0.07471319991938048
Richards Injury-Response,-2949,-2397,0.036320294942816356
Richards Injury-Response,-1315,-1170,0.03703767485819272
Richards Injury-Response,-2134,-2001,0.05976052540968563
Richards Injury-Response,-2087,-2716,0.05322487412972916
Richards Injury-Response,-1205,-922,0.05016873388601602
Richards Injury-Response,-2076,-1597,0.04598956415343912
Richards Injury-Response,-2187,-1845,0.06200566382630131
Richards Injury-Response,-3590,-1645,0.05250166835777244
Richards Injury-Response,-2094,-3461,0.08844977428606439
Richards Injury-Response,-1483,-1759,0.06982312804366095
Richards Injury-Response,-1818,-2812,0.05338968225068556
Richards Injury-Response,-3063,-3017,0.10033816525104101
Richards Injury-Response,-907,-3659,0.07987580380784673
Richards Injury-Response,-715,-648,0.03513984279154728
Richards Injury-Response,-994,-1484,0.04757855727562779
Richards Injury-Response,-1688,-638,0.04223786433441486
Richards Injury-Response,-3653,-2483,0.0472200739680904
Richards Injury-Response,-2510,-1717,0.04494917145435952
Richards Injury-Response,-1905,-698,0.05168346787216414
Richards Injury-Response,-3488,-2205,0.04875597173198873
Richards Injury-Response,-2138,-2436,0.04311221774587019
Richards Injury-Response,-2140,-2560,0.0630569652796373
Richards Injury-Response,-2406,-2153,0.053785321161339286
Richards Injury-Response,-944,-1888,0.10344409589269912
Richards Injury-Response,-2197,-2901,0.06395856805689415
Richards Injury-Response,-1528,-795,0.051153037497426584
Richards Injury-Response,-3906,-710,0.053710277816576724
Richards Injury-Response,-2944,-1900,0.050500475211779625
Richards Injury-Response,-609,-773,0.0510494991511829
Richards Injury-Response,-2688,-3362,0.07296130259249906
Richards Injury-Response,-1958,-604,0.05134850592895909
Richards Injury-Response,-3689,-650,0.04398102174650288
Richards Injury-Response,-2986,-687,0.048378103235128936
Richards Injury-Response,-3544,-2422,0.05192828170908374
Richards Injury-Response,-3906,-772,0.05331353581994874
Richards Injury-Response,-4122,-770,0.019173462220098032
Richards Injury-Response,-2677,-2182,0.043424367874527164
Richards Injury-Response,-2176,-726,0.05962141756530004
Richards Injury-Response,-2362,-3179,0.07831548085971997
Richards Injury-Response,-2826,-844,0.07211947952875969
Richards Injury-Response,-1312,-797,0.050731829781154966
Richards Injury-Response,-1922,-2376,0.05204864643271906
Richards Injury-Response,-3053,-1961,0.042456358609162484
Richards Injury-Response,-2726,-1715,0.05378096205539072
Richards Injury-Response,-1156,-1451,0.053118593284292304
Richards Injury-Response,-1704,-2253,0.06167055929186238
Richards Injury-Response,-3000,-2117,0.03338191208539726
Richards Injury-Response,-1281,-3190,0.07630305110935795
Richards Injury-Response,-3712,-3073,0.03775599192053991
Richards Injury-Response,-3095,-749,0.05905918697129124
Richards Injury-Response,-3487,-2143,0.04739435195688736
Richards Injury-Response,-1769,-3340,0.09923758534019049
Richards Injury-Response,-2195,-2715,0.05864053793829051
Richards Injury-Response,-2082,-2157,0.05367637328511375
Richards Injury-Response,-883,-1236,0.052239545831582634
Richards Injury-Response,-717,-834,0.03861024903407846
Richards Injury-Response,-1155,-1389,0.06801129097262945
Richards Injury-Response,-2402,-1781,0.05076937520767598
Richards Injury-Response,-1913,-1444,0.05057171957914912
Richards Injury-Response,-2297,-2030,0.04278136526818893
Richards Injury-Response,-1584,-1012,0.041926698855667494
Richards Injury-Response,-4232,-893,0.03586190477879364
Richards Injury-Response,-2894,-2304,0.058445149962751505
Richards Injury-Response,-790,-2728,0.09809550265191731
Richards Injury-Response,-1276,-2693,0.042789805982931965
Richards Injury-Response,-3325,-2113,0.04878188930637534
Richards Injury-Response,-1423,-1169,0.05890071746028329
Richards Injury-Response,-1010,-3099,0.0975235676657275
Richards Injury-Response,-716,-710,0.04399812345702889
Richards Injury-Response,-3480,-1397,0.05117920667474085
Richards Injury-Response,-1053,-1949,0.07570794247285986
Richards Injury-Response,-2569,-2245,0.05478265427648421
Richards Injury-Response,-2450,-1128,0.0493446663203882
Richards Injury-Response,-1990,-3835,0.049419526125602756
Richards Injury-Response,-3277,-2766,0.06282363821205454
Richards Injury-Response,-3271,-2207,0.04400222349637754
Richards Injury-Response,-2250,-2807,0.05567190554682641
Richards Injury-Response,-2228,-571,0.0591173359898495
Richards Injury-Response,-2190,-2218,0.05799930897655095
Richards Injury-Response,-726,-1766,0.0695405613393914
Richards Injury-Response,-3004,-2489,0.04479703183551027
Richards Injury-Response,-1096,-861,0.046733727020841165
Richards Injury-Response,-1663,-3590,0.0798805756165027
Richards Injury-Response,-2146,-3181,0.07972742701607909
Richards Injury-Response,-1050,-1701,0.07517005790869581
Richards Injury-Response,-3433,-2174,0.05083052051357122
Richards Injury-Response,-3045,-1153,0.04254557800292619
Richards Injury-Response,-3212,-1617,0.05383583225022186
Richards Injury-Response,-2036,-3058,0.06120594269343996
Richards Injury-Response,-769,-616,0.014506793274741893
Richards Injury-Response,-729,-2077,0.07053123754781099
Richards Injury-Response,-833,-1578,0.05864252866809294
Richards Injury-Response,-2942,-1713,0.05322225637160631
Richards Injury-Response,-1266,-1698,0.0697129582569651
Richards Injury-Response,-2414,-3023,0.08861549569975288
Richards Injury-Response,-2067,-603,0.05408043671625695
Richards Injury-Response,-889,-1795,0.09375568573338483
Richards Injury-Response,-1071,-3813,0.0734645656858221
Richards Injury-Response,-1269,-2009,0.05411115365093144
Richards Injury-Response,-1856,-1227,0.03951969263472613
Richards Injury-Response,-2675,-1995,0.06799138218245157
Richards Injury-Response,-3389,-3200,0.07428992187435327
Richards Injury-Response,-634,-3382,0.08190452517578345
Richards Injury-Response,-2833,-1590,0.05482697071091146
Richards Injury-Response,-2957,-3267,0.07350233139050133
Richards Injury-Response,-1915,-1692,0.039203008061480304
Richards Injury-Response,-1857,-1289,0.04161413492916828
Richards Injury-Response,-2501,-785,0.05086139513932618
Richards Injury-Response,-1691,-887,0.03943485957725801
Richards Injury-Response,-1764,-2843,0.08144192034773944
Richards Injury-Response,-2202,-3398,0.07477265955547265
Richards Injury-Response,-1052,-1887,0.08640409928315784
Richards Injury-Response,-943,-1826,0.09366043447758968
Richards Injury-Response,-1653,-2534,0.07685745965047495
Richards Injury-Response,-952,-2696,0.03724689303946682
Richards Injury-Response,-2578,-3115,0.0703581945680335
Richards Injury-Response,-1807,-1693,0.04670418621977565
Richards Injury-Response,-2097,-3772,0.04387411454493277
Richards Injury-Response,-3107,-1929,0.0469623743245441
Richards Injury-Response,-2356,-2558,0.03434085965382165
Richards Injury-Response,-2416,-3148,0.08526196846116267
Richards Injury-Response,-1047,-1390,0.05846755058898069
Richards Injury-Response,-1543,-2348,0.0822944888591805
Richards Injury-Response,-2899,-2801,0.05115390555772817
Richards Injury-Response,-2790,-2678,0.04339469443994706
Richards Injury-Response,-1867,-2283,0.08128772362561727
Richards Injury-Response,-2345,-1439,0.04843263924402952
Richards Injury-Response,-1827,-3744,0.05361006881727251
Richards Injury-Response,-999,-2043,0.07163471811143132
Richards Injury-Response,-997,-1794,0.08546822980902954
Richards Injury-Response,-2199,-3087,0.0905538965764121
Richards Injury-Response,-1319,-1605,0.06813266238224328
Richards Injury-Response,-1693,-1073,0.04678714122765999
Richards Injury-Response,-786,-2293,0.1168449122793725
Richards Injury-Response,-1105,-1793,0.083728543783662
Richards Injury-Response,-3157,-1525,0.059498373227986456
Richards Injury-Response,-3114,-2737,0.057298411184443454
Richards Injury-Response,-730,-2139,0.08263711553393882
Richards Injury-Response,-2520,-2712,0.052619496334789684
Richards Injury-Response,-2093,-3337,0.06909602948694565
Richards Injury-Response,-1333,-3034,0.09338006374712847
Richards Injury-Response,-3064,-3079,0.10310037235443714
Richards Injury-Response,-1151,-954,0.052891351318922156
Richards Injury-Response,-1489,-2380,0.06063613120854859
Richards Injury-Response,-635,-3445,0.08342751334503733
Richards Injury-Response,-721,-1207,0.03554831808782806
Richards Injury-Response,-1482,-1634,0.0610306767562173
Richards Injury-Response,-665,-1052,0.0399461016709924
Richards Injury-Response,-3532,-1241,0.03636920662109046
Richards Injury-Response,-2897,-2615,0.050670417405418985
Richards Injury-Response,-3208,-1245,0.04172026771224317
Richards Injury-Response,-778,-1486,0.04460490353857653
Richards Injury-Response,-2472,-3427,0.09604143641713939
Richards Injury-Response,-1479,-1386,0.044295279076310146
Richards Injury-Response,-2997,-1744,0.05192962023221423
Richards Injury-Response,-775,-1237,0.05072926703631303
Richards Injury-Response,-1102,-1483,0.06761987470725829
Richards Injury-Response,-2522,-2960,0.06701834418233844
Richards Injury-Response,-674,-1984,0.07251216029482271
Richards Injury-Response,-895,-2479,0.06959616191525055
Richards Injury-Response,-4013,-584,0.08734543359373022
Richards Injury-Response,-1643,-1539,0.0686487681381174
Richards Injury-Response,-2022,-1567,0.05099496744945506
Richards Injury-Response,-824,-709,0.04211420729993877
Richards Injury-Response,-899,-2789,0.08109244582807594
Richards Injury-Response,-1043,-955,0.03416982707543412
Richards Injury-Response,-1977,-2468,0.06972827084870657
Richards Injury-Response,-1815,-2501,0.07013020242365937
Richards Injury-Response,-2411,-2650,0.0390552889499953
Richards Injury-Response,-2071,-1100,0.050107684751373865
Richards Injury-Response,-2196,-2839,0.06663105431617075
Richards Injury-Response,-2661,-629,0.05315778655932524
Richards Injury-Response,-3551,-3105,0.05776924207869358
Richards Injury-Response,-2123,-820,0.051707687086901724
Richards Injury-Response,-3336,-3294,0.07562135817296359
Richards Injury-Response,-1920,-2189,0.06181550136850179
Richards Injury-Response,-1368,-1076,0.044917152919656894
Richards Injury-Response,-3283,-3388,0.06386729101216523
Richards Injury-Response,-3311,-746,0.05231158628055051
Richards Injury-Response,-3960,-740,0.05114316834246595
Richards Injury-Response,-1960,-791,0.04970658985392007
Richards Injury-Response,-1582,-763,0.04656354942371471
Richards Injury-Response,-956,-3131,0.09820543180804905
Richards Injury-Response,-4125,-1080,0.013401094901485822
Richards Injury-Response,-3485,-1894,0.04589914844374042
Richards Injury-Response,-2521,-2898,0.04218719936609626
Richards Injury-Response,-2131,-1690,0.040417924166677166
Richards Injury-Response,-1333,-2972,0.08180632931701176
Richards Injury-Response,-2554,-692,0.06867758052307335
Richards Injury-Response,-3599,-2577,0.03615451214970128
Richards Injury-Response,-2896,-2490,0.03254087306848433
Richards Injury-Response,-2393,-849,0.0637262853828171
Richards Injury-Response,-1446,-3530,0.043260855088326125
Richards Injury-Response,-999,-1981,0.10655596258709728
Richards Injury-Response,-2900,-2925,0.05336695425686412
Richards Injury-Response,-2565,-1872,0.05218001016707707
Richards Injury-Response,-3121,-3358,0.06919294947443345
Richards Injury-Response,-3654,-2607,0.04509956800665073
Richards Injury-Response,-3584,-961,0.046738318751152405
Richards Injury-Response,-1496,-3063,0.05465392703008888
Richards Injury-Response,-2890,-1931,0.053361479264102174
Richards Injury-Response,-1063,-3005,0.05345985162850926
Richards Injury-Response,-2012,-573,0.04239482490344282
Richards Injury-Response,-1714,-3310,0.09078795462552837
Richards Injury-Response,-996,-1732,0.08435214274079243
Richards Injury-Response,-2044,-3804,0.030233363572567652
Richards Injury-Response,-3041,-780,0.0580769816613837
Richards Injury-Response,-2526,-3395,0.1084307579741379
Richards Injury-Response,-2892,-2118,0.09129249149576543
Richards Injury-Response,-2182,-1348,0.04443651257624477
Richards Injury-Response,-2630,-2959,0.054981966615859634
Richards Injury-Response,-1120,-3284,0.08339184147729556
Richards Injury-Response,-1745,-917,0.03754945730362215
Richards Injury-Response,-3218,-2301,0.04663517359576776
Richards Injury-Response,-2960,-3577,0.0673838848396925
Richards Injury-Response,-2840,-2336,0.03617788593963449
Richards Injury-Response,-1068,-3565,0.09121845966201422
Richards Injury-Response,-2997,-1806,0.047685589144682405
Richards Injury-Response,-1166,-2507,0.03224033061945719
Richards Injury-Response,-1331,-2785,0.0764511626936136
Richards Injury-Response,-2671,-1623,0.055299487455464216
Richards Injury-Response,-2524,-3209,0.08083672571033636
Richards Injury-Response,-2782,-1932,0.05971453611794371
Richards Injury-Response,-1097,-923,0.03777217784932868
Richards Injury-Response,-1013,-3472,0.09638721024766946
Richards Injury-Response,-2836,-1901,0.05193541276028016
Richards Injury-Response,-2367,-3676,0.03745045220878712
Richards Injury-Response,-671,-1611,0.060587967909727466
Richards Injury-Response,-727,-1828,0.07753287906507125
Richards Injury-Response,-1489,-2318,0.03927327543124108
Richards Injury-Response,-2632,-3145,0.06652360394797042
Richards Injury-Response,-2244,-2186,0.04868438674816494
Richards Injury-Response,-2393,-786,0.0586432685908624
Richards Injury-Response,-1226,-3097,0.09500841636942152
Richards Injury-Response,-2832,-1466,0.04692471473751311
Richards Injury-Response,-3437,-2547,0.03750615164042202
Richards Injury-Response,-1321,-1791,0.06443037287332593
Richards Injury-Response,-3321,-1741,0.05858987629546661
Richards Injury-Response,-3099,-1183,0.04134717869938631
Richards Injury-Response,-4069,-863,0.031086152100966158
Richards Injury-Response,-2283,-601,0.0502673306189311
Richards Injury-Response,-2559,-1189,0.05254171582441697
Richards Injury-Response,-1970,-1785,0.04123026235162308
Richards Injury-Response,-3094,-624,0.06454847606437497
Richards Injury-Response,-504,-1147,0.03759221153096845
Richards Injury-Response,-3484,-1832,0.049556392934682586
Richards Injury-Response,-851,-3442,0.10095275201727631
Richards Injury-Response,-2847,-3019,0.0588158533867999
Richards Injury-Response,-2671,-1561,0.04411398629745658
Richards Injury-Response,-1820,-2998,0.0763225635678754
Richards Injury-Response,-3549,-2919,0.041239888096733554
Richards Injury-Response,-673,-1860,0.08689769427691231
Richards Injury-Response,-3333,-2921,0.06308735696234868
Richards Injury-Response,-2199,-3150,0.08443781761531101
Richards Injury-Response,-455,-1613,0.04101031404611359
Richards Injury-Response,-1202,-674,0.044616490992698515
Richards Injury-Response,-2629,-2897,0.059917157061600695
Richards Injury-Response,-3064,-3141,0.09714348067597572
Richards Injury-Response,-3386,-2827,0.06677925041339426
Richards Injury-Response,-3709,-2762,0.022593284286044353
Richards Injury-Response,-2016,-946,0.040769857082490285
Richards Injury-Response,-2401,-1594,0.059126682666866756
Richards Injury-Response,-2951,-2645,0.046484047050102145
Richards Injury-Response,-563,-1612,0.07440797195266836
Richards Injury-Response,-564,-1799,0.06112468753479022
Richards Injury-Response,-2730,-2150,0.05496538512049534
Richards Injury-Response,-792,-2915,0.09801127491368297
Richards Injury-Response,-3002,-2303,0.047894422786091226
Richards Injury-Response,-732,-2387,0.08664279481437623
Richards Injury-Response,-1585,-1136,0.041482141661232624
Richards Injury-Response,-1580,-577,0.04918758718505818
Richards Injury-Response,-632,-3196,0.12315932214359883
Richards Injury-Response,-2131,-1628,0.07130233012484079
Richards Injury-Response,-615,-1394,0.058277117101392995
Richards Injury-Response,-1326,-2226,0.01833380550919539
Richards Injury-Response,-2407,-2216,0.05016173203079953
Richards Injury-Response,-662,-679,0.031629539647696145
Richards Injury-Response,-3174,-3327,0.08646646424933448
Richards Injury-Response,-1217,-2165,0.030069729618864283
Richards Injury-Response,-2673,-1809,0.05937116618808633
Richards Injury-Response,-3225,-2984,0.06697912979004536
Richards Injury-Response,-1702,-2067,0.0668045482740511
Richards Injury-Response,-1284,-3562,0.06356504946845373
Richards Injury-Response,-2147,-3305,0.07422914538729529
Richards Injury-Response,-2352,-2123,0.047420520862263046
Richards Injury-Response,-3383,-2517,0.042293513776967884
Richards Injury-Response,-1216,-2041,0.031156289193149417
Richards Injury-Response,-3005,-2551,0.06254456084406772
Richards Injury-Response,-1582,-825,0.04426708913498563
Richards Injury-Response,-2507,-1407,0.05575996679633258
Richards Injury-Response,-1757,-2098,0.052362293147495326
Richards Injury-Response,-2575,-2804,0.05961785462434997
Richards Injury-Response,-2030,-2375,0.07084980990136422
Richards Injury-Response,-2685,-3052,0.04925828260573742
Richards Injury-Response,-1049,-1576,0.04355498215192098
Richards Injury-Response,-3167,-2581,0.03907663921107041
Richards Injury-Response,-3273,-2393,0.05818169833023551
Richards Injury-Response,-3256,-654,0.05765470208637384
Richards Injury-Response,-3320,-1678,0.05801179765134533
Richards Injury-Response,-1367,-952,0.03709637657947733
Richards Injury-Response,-945,-2012,0.11437768763789831
Richards Injury-Response,-1931,-3308,0.07835587415372329
Richards Injury-Response,-1339,-3593,0.06584369911712398
Richards Injury-Response,-1643,-1477,0.05898431314135648
Richards Injury-Response,-1016,-3783,0.0858171415505655
Richards Injury-Response,-1536,-1665,0.07740525217452544
Richards Injury-Response,-1909,-1071,0.045711241683953255
Richards Injury-Response,-2466,-2743,0.059384470704688566
Richards Injury-Response,-3371,-1336,0.05200304779596325
Richards Injury-Response,-892,-2106,0.09588187991664576
Richards Injury-Response,-2205,-3709,0.04281940533627217
Richards Injury-Response,-1859,-1475,0.038161798232177316
Richards Injury-Response,-1698,-1632,0.05553834795739271
Richards Injury-Response,-2730,-2088,0.03856343855863287
Richards Injury-Response,-1426,-1417,0.06651706216968133
Richards Injury-Response,-4231,-769,0.08731917943853368
Richards Injury-Response,-618,-1705,0.06208143762414542
Richards Injury-Response,-2288,-1160,0.05486507764538044
Richards Injury-Response,-1268,-1823,0.08202064653061776
Richards Injury-Response,-1763,-2781,0.08479836988231343
Richards Injury-Response,-3486,-2081,0.04835903421386628
Richards Injury-Response,-2852,-3578,0.044341936066454285
Richards Injury-Response,-3500,-3510,0.06258254706030676
Richards Injury-Response,-2234,-1130,0.04938828370604012
Richards Injury-Response,-690,-3599,0.09204340411625703
Richards Injury-Response,-2889,-1807,0.06265461687220655
Richards Injury-Response,-3319,-1554,0.04503893174942192
Richards Injury-Response,-3284,-3512,0.0629367362303446
Richards Injury-Response,-1337,-3407,0.05864815748525033
Richards Injury-Response,-1491,-2566,0.10031771119064904
Richards Injury-Response,-3105,-1743,0.07055738686584238
Richards Injury-Response,-3694,-1209,0.042251235681806734
Richards Injury-Response,-1875,-3153,0.0772529750825018
Richards Injury-Response,-1324,-2040,0.04343869160376551
Richards Injury-Response,-1770,-3465,0.07291135248087222
Richards Injury-Response,-1747,-1103,0.055977388852414475
Richards Injury-Response,-941,-1577,0.0738908575476642
Richards Injury-Response,-1341,-3842,0.06952203024386469
Richards Injury-Response,-2553,-567,0.0528610949436278
Richards Injury-Response,-2622,-2089,0.0550777310126295
Richards Injury-Response,-2074,-1411,0.045224814203555605
Richards Injury-Response,-3606,-3198,0.07810923984586671
Richards Injury-Response,-2571,-2431,0.04715461453758607
Richards Injury-Response,-1310,-673,0.052603751834055676
Richards Injury-Response,-1635,-732,0.05166127861759408
Richards Injury-Response,-2515,-2277,0.04750219979603061
Richards Injury-Response,-3598,-2452,0.044253426731194354
Richards Injury-Response,-3389,-3138,0.10702331595319703
Richards Injury-Response,-3055,-2147,0.04688775908019163
Richards Injury-Response,-1005,-2602,0.038976382590569354
Richards Injury-Response,-2204,-3585,0.05710021107426157
Richards Injury-Response,-2951,-2583,0.04279927473474204
Richards Injury-Response,-2779,-1622,0.04340052651116272
Richards Injury-Response,-3597,-2328,0.04085017004322884
Richards Injury-Response,-3168,-2705,0.042454387076575215
Richards Injury-Response,-3544,-2484,0.051375103824800275
Richards Injury-Response,-2553,-630,0.06111837086428702
Richards Injury-Response,-1272,-2320,0.019467346006817175
Richards Injury-Response,-3649,-2110,0.0777108636715291
Richards Injury-Response,-1911,-1257,0.05786382000508289
Richards Injury-Response,-3048,-1464,0.04795949559881822
Richards Injury-Response,-2082,-2219,0.05086238755330709
Richards Injury-Response,-2893,-2242,0.049735511583553396
Richards Injury-Response,-2789,-2616,0.04936748499303874
Richards Injury-Response,-2294,-1782,0.0911337891435761
Richards Injury-Response,-2293,-1657,0.045710404199485424
Richards Injury-Response,-2622,-2151,0.05183359872874069
Richards Injury-Response,-2570,-2369,0.05526931957388616
Richards Injury-Response,-3428,-1615,0.04023634700116292
Richards Injury-Response,-3381,-2392,0.04354356889008765
Richards Injury-Response,-1551,-3156,0.06034403218801007
Richards Injury-Response,-3755,-1861,0.052499170300706485
Richards Injury-Response,-1536,-1603,0.05853558897093171
Richards Injury-Response,-2562,-1562,0.06240921922901545
Richards Injury-Response,-3486,-2019,0.040747285414936135
Richards Injury-Response,-607,-649,0.04758779054663309
Richards Injury-Response,-1550,-3094,0.06500014833266687
Richards Injury-Response,-3540,-1987,0.04692084417605774
Richards Injury-Response,-3431,-1926,0.05663676109990928
Richards Injury-Response,-3636,-743,0.05376718611657065
Richards Injury-Response,-1611,-3746,0.09492729067640382
Richards Injury-Response,-2290,-1347,0.057596674681080526
Richards Injury-Response,-2417,-3272,0.08842782709184845
Richards Injury-Response,-2041,-3555,0.07853251632496049
Richards Injury-Response,-2937,-1154,0.04904198573060717
Richards Injury-Response,-1255,-580,0.028730500800770567
Richards Injury-Response,-685,-3040,0.12162932623683326
Richards Injury-Response,-2091,-3089,0.08255975340252102
Richards Injury-Response,-2340,-880,0.05865532643903297
Richards Injury-Response,-663,-803,0.05167037027266906
Richards Injury-Response,-954,-2944,0.09757513746372481
Richards Injury-Response,-2148,-3368,0.08611347714653214
Richards Injury-Response,-2777,-1373,0.0342267963384945
Richards Injury-Response,-1109,-2228,0.03424713082140435
Richards Injury-Response,-3339,-3542,0.07306649929789492
Richards Injury-Response,-1975,-2282,0.07712659387183826
Richards Injury-Response,-3055,-2209,0.04738253920262535
Richards Injury-Response,-953,-2820,0.04779361262334672
Richards Injury-Response,-2126,-1193,0.05039915011120259
Richards Injury-Response,-1588,-1385,0.050865081375345136
Richards Injury-Response,-772,-864,0.03106741707031553
Richards Injury-Response,-2742,-3331,0.06990126925848769
Richards Injury-Response,-2200,-3212,0.06979549618295762
Richards Injury-Response,-3279,-2953,0.06544486126643508
Richards Injury-Response,-2230,-695,0.0463397930735429
Richards Injury-Response,-2465,-2681,0.049713431321799395
Richards Injury-Response,-1975,-2344,0.06427195282493975
Richards Injury-Response,-3163,-2146,0.03551154587410511
Richards Injury-Response,-3648,-2048,0.04282295981766654
Richards Injury-Response,-3111,-2364,0.03721379267212138
Richards Injury-Response,-2664,-877,0.04511647686199677
Richards Injury-Response,-687,-3289,0.08633375917991995
Richards Injury-Response,-1660,-3217,0.07887078216398499
Richards Injury-Response,-3367,-901,0.043329772041103914
Richards Injury-Response,-3908,-958,0.023861702642966595
Richards Injury-Response,-2366,-3552,0.0833837080183023
Richards Injury-Response,-1596,-2255,0.07118881923032772
Richards Injury-Response,-1965,-1288,0.0519298108431156
Richards Injury-Response,-2151,-3678,0.04350077756202261
Richards Injury-Response,-3712,-3011,0.05611440942076057
Richards Injury-Response,-1968,-1598,0.04960284442908171
Richards Injury-Response,-2579,-3239,0.06242114450434548
Richards Injury-Response,-3652,-2421,0.03691080358828683
Richards Injury-Response,-2303,-2652,0.05441667592817631
Richards Injury-Response,-3800,-959,0.040412819017580426
Richards Injury-Response,-1532,-1230,0.051853540069619036
Richards Injury-Response,-3701,-1892,0.038897564825132167
Richards Injury-Response,-2515,-2214,0.04892282658296
Richards Injury-Response,-1205,-984,0.045549003009657696
Richards Injury-Response,-3014,-3546,0.059916752914126195
Richards Injury-Response,-1040,-706,0.06324600491699166
Richards Injury-Response,-2563,-1624,0.061405360434489034
Richards Injury-Response,-1665,-3776,0.08034281231822014
Richards Injury-Response,-565,-1861,0.06234980750547471
Richards Injury-Response,-2136,-2187,0.04044838881035247
Richards Injury-Response,-932,-708,0.04585593423407265
Richards Injury-Response,-1531,-1168,0.05910612742546349
Richards Injury-Response,-1064,-3130,0.10984595500802981
Richards Injury-Response,-1110,-2352,0.029428806151422224
Richards Injury-Response,-1485,-1945,0.09200633751642534
Richards Injury-Response,-1537,-1789,0.08513986601810586
Richards Injury-Response,-3111,-2426,0.047393005609779326
Richards Injury-Response,-1374,-1697,0.07749489726926383
Richards Injury-Response,-3654,-2669,0.045292064796129725
Richards Injury-Response,-1477,-1137,0.06544008480140677
Richards Injury-Response,-2933,-781,0.05384799327151328
Richards Injury-Response,-2343,-1191,0.05405550105994711
Richards Injury-Response,-3806,-1581,0.0438655297371042
Richards Injury-Response,-3642,-1427,0.07685572267617424
Richards Injury-Response,-2014,-759,0.05106924387646142
Richards Injury-Response,-2366,-3614,0.054663479160587114
Richards Injury-Response,-1636,-794,0.046070128973806856
Richards Injury-Response,-842,-2510,0.0727738849446197
Richards Injury-Response,-1798,-761,0.052669133754234904
Richards Injury-Response,-626,-2575,0.09694223989734793
Richards Injury-Response,-906,-3535,0.09762188798477293
Richards Injury-Response,-1718,-3682,0.07368319532331781
Richards Injury-Response,-1339,-3655,0.06015922856785347
Richards Injury-Response,-3312,-809,0.062496968998342006
Richards Injury-Response,-3387,-3014,0.06518247015896017
Richards Injury-Response,-1379,-2194,0.04495349273128778
Richards Injury-Response,-3596,-2204,0.0427409697782635
Richards Injury-Response,-1164,-2259,0.04101017967879952
Richards Injury-Response,-1606,-3311,0.055764646282167055
Richards Injury-Response,-1649,-2099,0.08079819588619297
Richards Injury-Response,-2019,-1318,0.04708816827926279
Richards Injury-Response,-2679,-2430,0.04255300233899474
Richards Injury-Response,-3852,-803,0.04093266409659084
Richards Injury-Response,-1964,-1226,0.05256996302171893
Richards Injury-Response,-2985,-563,0.055397211165285495
Richards Injury-Response,-740,-3133,0.12116153237836004
Richards Injury-Response,-3553,-3354,0.0697429784181827
Richards Injury-Response,-671,-1673,0.07560560789393983
Richards Injury-Response,-1760,-2470,0.07414466428452432
Richards Injury-Response,-725,-1579,0.0632269830027062
Richards Injury-Response,-1812,-2252,0.06684141048313803
Richards Injury-Response,-2021,-1505,0.05386293870028387
Richards Injury-Response,-2353,-2309,0.051922733355092704
Richards Injury-Response,-2138,-2374,0.048985167234241817
Richards Injury-Response,-2354,-2371,0.05733042561802537
Richards Injury-Response,-3690,-774,0.041791527253321664
Richards Injury-Response,-1499,-3436,0.040271625393427414
Richards Injury-Response,-2037,-3120,0.07834231557830669
Richards Injury-Response,-3313,-871,0.07033855975273014
Richards Injury-Response,-3485,-1956,0.043043213798494975
Richards Injury-Response,-2474,-3551,0.08693783972843853
Richards Injury-Response,-2251,-2870,0.07220857543479159
Richards Injury-Response,-3056,-2333,0.04397266408713496
Richards Injury-Response,-3336,-3232,0.07028473308576096
Richards Injury-Response,-678,-2357,0.09465545338223279
Richards Injury-Response,-2995,-1557,0.0447069033779109
Richards Injury-Response,-2248,-2559,0.04390246781451285
Richards Injury-Response,-1381,-2381,0.01633124104721033
Richards Injury-Response,-1279,-3003,0.12011312872327796
Richards Injury-Response,-1702,-2005,0.07671021539888095
Richards Injury-Response,-1706,-2440,0.06889049216898958
Richards Injury-Response,-2086,-2591,0.07574715492328922
Richards Injury-Response,-3041,-718,0.05330235172808018
Richards Injury-Response,-3655,-2732,0.02982108218436609
Richards Injury-Response,-3264,-1462,0.05386008945148177
Richards Injury-Response,-996,-1670,0.07074154098911503
Richards Injury-Response,-3539,-1925,0.03631747208891267
Richards Injury-Response,-1757,-2160,0.052139007304194046
Richards Injury-Response,-2678,-2306,0.06900004572093914
Richards Injury-Response,-3049,-1526,0.05407985320935518
Richards Injury-Response,-2506,-1282,0.054931139907076015
Richards Injury-Response,-2072,-1162,0.05387456425643217
Richards Injury-Response,-2013,-635,0.05248148006620455
Richards Injury-Response,-990,-1049,0.046922540761722295
Richards Injury-Response,-3162,-2084,0.09179399525224434
Richards Injury-Response,-3378,-2082,0.0540941851622785
Richards Injury-Response,-2955,-3018,0.08021878361792173
Richards Injury-Response,-2135,-2063,0.04719447622404484
Richards Injury-Response,-1910,-1195,0.07267880250037002
Richards Injury-Response,-2841,-2398,0.03879705635989247
Richards Injury-Response,-2040,-3431,0.07856088126050667
Richards Injury-Response,-3210,-1431,0.04894055706320459
Richards Injury-Response,-2189,-2093,0.07568051577526863
Richards Injury-Response,-1647,-1974,0.07178732239567205
Richards Injury-Response,-2463,-2495,0.044024820176577495
Richards Injury-Response,-1122,-3533,0.07590378970691236
Richards Injury-Response,-617,-1643,0.056699682160106984
Richards Injury-Response,-1230,-3470,0.04504954267316792
Richards Injury-Response,-1366,-828,0.04594081702441856
Richards Injury-Response,-3007,-2800,0.059599317212356076
Richards Injury-Response,-2088,-2840,0.04667731027224786
Richards Injury-Response,-3700,-1830,0.035658269319371036
Richards Injury-Response,-3743,-618,0.040921091246985813
Richards Injury-Response,-1689,-700,0.05220291325217742
Richards Injury-Response,-1585,-1074,0.053619019991022296
Richards Injury-Response,-796,-3350,0.09482473759699331
Richards Injury-Response,-1926,-2811,0.055368142170722
Richards Injury-Response,-2025,-1877,0.055449737493324186
Richards Injury-Response,-1806,-1631,0.04366045675208419
Richards Injury-Response,-2892,-2055,0.05157767142731069
Richards Injury-Response,-3537,-1676,0.05755105193951529
Richards Injury-Response,-1587,-1323,0.04917149731450844
Richards Injury-Response,-1318,-1480,0.04993883240266088
Richards Injury-Response,-1060,-2757,0.03750752524203544
Richards Injury-Response,-3480,-1459,0.05738956172812386
Richards Injury-Response,-1389,-3189,0.03369006452840952
Richards Injury-Response,-2312,-3646,0.06775253275767745
Richards Injury-Response,-2565,-1810,0.05433847480440912
Richards Injury-Response,-3812,-2202,0.029620879566122506
Richards Injury-Response,-3904,-585,0.049530805045131965
Richards Injury-Response,-2023,-1691,0.04894797388043458
Richards Injury-Response,-3704,-2203,0.035665777112618424
Richards Injury-Response,-2090,-3026,0.07588842508064242
Richards Injury-Response,-2574,-2742,0.03711868050651036
Richards Injury-Response,-2083,-2343,0.04714705347483883
Richards Injury-Response,-3707,-2514,0.04507803312182272
Richards Injury-Response,-3854,-990,0.03432066255206495
Richards Injury-Response,-723,-1393,0.04070273732103087
Richards Injury-Response,-846,-2945,0.10386482585657116
Richards Injury-Response,-1814,-2439,0.061505320993093054
Richards Injury-Response,-2245,-2310,0.039258571683481805
Richards Injury-Response,-2027,-2064,0.05106426539234957
Richards Injury-Response,-1871,-2718,0.06372784177198773
Richards Injury-Response,-2239,-1627,0.050987700729726596
Richards Injury-Response,-834,-1703,0.05791713365240772
Richards Injury-Response,-1657,-2906,0.08183146558602772
Richards Injury-Response,-2793,-3051,0.058090322678793146
Richards Injury-Response,-506,-1395,0.054510481309096886
Richards Injury-Response,-2183,-1410,0.05124572055783844
Richards Injury-Response,-1390,-3251,0.04579544590308668
Richards Injury-Response,-2180,-1161,0.046791198712789236
Richards Injury-Response,-728,-1890,0.08159918525988136
Richards Injury-Response,-1383,-2567,0.07207010753978627
Richards Injury-Response,-1603,-2938,0.0480198598512558
Richards Injury-Response,-1758,-2222,0.05316358523817856
Richards Injury-Response,-2130,-1566,0.05439914205793783
Richards Injury-Response,-1095,-799,0.05207668992261989
Richards Injury-Response,-3440,-2858,0.06672774006023342
Richards Injury-Response,-2254,-3180,0.08770544708163226
Richards Injury-Response,-2956,-3080,0.06870483742776975
Richards Injury-Response,-3113,-2550,0.05468555589093202
Richards Injury-Response,-1934,-3618,0.06137761768305147
Richards Injury-Response,-3163,-2208,0.05630899137519922
Richards Injury-Response,-1476,-1075,0.04759894105007198
Richards Injury-Response,-1985,-3338,0.05932414735489319
Richards Injury-Response,-3439,-2734,0.07236159927016561
Richards Injury-Response,-3756,-1985,0.034844445144098554
Richards Injury-Response,-2902,-3174,0.05480248865461558
Richards Injury-Response,-2619,-1841,0.060124703775482166
Richards Injury-Response,-2937,-1216,0.04160588837916192
Richards Injury-Response,-2576,-2928,0.049593015868645327
Richards Injury-Response,-1806,-1569,0.04149203868372313
Richards Injury-Response,-2018,-1194,0.0530875349858549
Richards Injury-Response,-958,-3317,0.10600317368846729
Richards Injury-Response,-1066,-3378,0.09940745890030772
Richards Injury-Response,-2454,-1500,0.04915673511428417
Richards Injury-Response,-3068,-3514,0.059455027053028756
Richards Injury-Response,-2607,-598,0.060417445853242185
Richards Injury-Response,-1222,-2724,0.02786468992102592
Richards Injury-Response,-3445,-3417,0.05275836157622195
Richards Injury-Response,-2031,-2499,0.05709762488116854
Richards Injury-Response,-1972,-1971,0.06465974458076605
Richards Injury-Response,-3535,-1552,0.04409123140637708
Richards Injury-Response,-2407,-2278,0.055465157351458905
Richards Injury-Response,-3483,-1708,0.046323050585343445
Richards Injury-Response,-3418,-621,0.05721802003224731
Richards Injury-Response,-837,-2075,0.09115481900696569
Richards Injury-Response,-2954,-2894,0.05335854891654544
Richards Injury-Response,-3118,-3047,0.0879948089319251
Richards Injury-Response,-1147,-581,0.04320199946568469
Richards Injury-Response,-1211,-1544,0.06082162377940359
Richards Injury-Response,-888,-1733,0.07531181337361396
Richards Injury-Response,-2337,-632,0.05449327757704654
Richards Injury-Response,-2834,-1714,0.04598995128344335
Richards Injury-Response,-2879,-751,0.05617965983028064
Richards Injury-Response,-554,-742,0.028352551800299934
Richards Injury-Response,-1797,-699,0.04019682711741751
Richards Injury-Response,-1436,-2474,0.04565311970149111
Richards Injury-Response,-664,-928,0.03550806028631956
Richards Injury-Response,-4176,-738,0.04776427222058978
Richards Injury-Response,-2075,-1473,0.038514248795535444
Richards Injury-Response,-1445,-3343,0.03180952764361864
Richards Injury-Response,-1977,-2530,0.060136803683613224
Richards Injury-Response,-1926,-2873,0.053961430460784846
Richards Injury-Response,-1322,-1853,0.08696582801151236
Richards Injury-Response,-1768,-3278,0.09209717167007302
Richards Injury-Response,-738,-2946,0.10722267697373868
Richards Injury-Response,-2021,-1443,0.03883275224818829
Richards Injury-Response,-2198,-3025,0.05865432058810126
Richards Injury-Response,-2830,-1279,0.04026917501964607
Richards Injury-Response,-2143,-2871,0.07101032175229821
Richards Injury-Response,-4014,-709,0.04410400006837692
Richards Injury-Response,-3043,-967,0.04295314232717469
Richards Injury-Response,-3601,-2763,0.04451957835870393
Richards Injury-Response,-2579,-3301,0.05447940027422633
Richards Injury-Response,-948,-2323,0.10633401824801147
Richards Injury-Response,-3479,-1273,0.04512643726222827
Richards Injury-Response,-958,-3379,0.09494162990369394
Richards Injury-Response,-690,-3537,0.08238673692600125
Richards Injury-Response,-1873,-2966,0.05996275981108079
Richards Injury-Response,-1056,-2322,0.021544479215064874
Richards Injury-Response,-2398,-1346,0.050398571621947386
Richards Injury-Response,-685,-3102,0.0896390805106236
Richards Injury-Response,-3429,-1740,0.04195617395393367
Richards Injury-Response,-1856,-1165,0.0365532151725004
Richards Injury-Response,-1592,-1820,0.06323485898737669
Richards Injury-Response,-3281,-3139,0.05479018310662247
Richards Injury-Response,-2954,-2956,-4.968646264057915e-4
Richards Injury-Response,-2722,-1280,0.015540739656481714
Richards Injury-Response,-3218,-2239,0.05408909529533486
Richards Injury-Response,-950,-2509,0.03305321498216378
Richards Injury-Response,-1905,-636,0.05194977475689197
Richards Injury-Response,-3323,-1989,0.040960225261563746
Richards Injury-Response,-886,-1547,0.046974468112330484
Richards Injury-Response,-3204,-872,0.0578437141980246
Richards Injury-Response,-1853,-916,0.06477856058218147
Richards Injury-Response,-3479,-1335,0.0643935423545021
Richards Injury-Response,-689,-3475,0.08968456189446469
Richards Injury-Response,-1870,-2656,0.08048332040745482
Richards Injury-Response,-2886,-1496,0.0399340414436852
Richards Injury-Response,-1647,-1912,0.05767365751726353
Richards Injury-Response,-3005,-2614,0.0526522932314874
Richards Injury-Response,-1988,-3649,0.05339375032556623
Richards Injury-Response,-2799,-3610,0.061131059742350946
Richards Injury-Response,-2245,-2248,0.04487730751396479
Richards Injury-Response,-1376,-1822,0.07979859907965717
Richards Injury-Response,-1599,-2565,0.08274982227254109
Richards Injury-Response,-1158,-1637,0.07018457035647797
Richards Injury-Response,-3066,-3265,0.07923496991378283
Richards Injury-Response,-1495,-3001,0.05218238608861403
Richards Injury-Response,-3334,-3045,0.06247136060942178
Richards Injury-Response,-1068,-3502,0.08272427882134503
Richards Injury-Response,-1100,-1296,0.03966111744486425
Richards Injury-Response,-2825,-720,0.05532547730006815
Richards Injury-Response,-1487,-2193,0.08648421619088656
Richards Injury-Response,-1537,-1727,0.0664389534277951
Richards Injury-Response,-2960,-3515,0.05058333475796252
Richards Injury-Response,-3443,-3169,0.08098165423129454
Richards Injury-Response,-2257,-3491,0.07997298766125766
Richards Injury-Response,-719,-1020,0.0461929433207736
Richards Injury-Response,-3172,-3140,0.07812718121694748
Richards Injury-Response,-1743,-731,0.04970036839859965
Richards Injury-Response,-2631,-3021,0.054677556742242506
Richards Injury-Response,-1208,-1295,0.04265809382881411
Richards Injury-Response,-2230,-757,0.04291510977627484
Richards Injury-Response,-2582,-3612,0.05335522402772376
Richards Injury-Response,-2564,-1686,0.05752917971985888
Richards Injury-Response,-944,-1950,0.1076924904076865
Richards Injury-Response,-560,-1301,0.039835446841516436
Richards Injury-Response,-2145,-3057,0.07774861010624128
Richards Injury-Response,-567,-2047,0.06719800454259718
Richards Injury-Response,-3158,-1649,0.04219301017805761
Richards Injury-Response,-1256,-642,0.05717100311959636
Richards Injury-Response,-1215,-1979,0.08591858256310458
Richards Injury-Response,-1553,-3404,0.04408637470275496
Richards Injury-Response,-1751,-1476,0.03989080988630721
Richards Injury-Response,-2851,-3454,0.06652029091972421
Richards Injury-Response,-2149,-3554,0.05725094572548829
Richards Injury-Response,-2520,-2774,0.044984491993773315
Richards Injury-Response,-2140,-2622,0.06522613377988705
Richards Injury-Response,-2141,-2684,0.054513432213669596
Richards Injury-Response,-1545,-2597,0.09925366784442205
Richards Injury-Response,-2258,-3615,0.06810083179062383
Richards Injury-Response,-3959,-678,0.060929591940048114
Richards Injury-Response,-608,-711,0.04094615503841638
Richards Injury-Response,-793,-3039,0.11252984957791669
Richards Injury-Response,-1007,-2851,0.04190473928003967
Richards Injury-Response,-2308,-3149,0.09501271248993205
Richards Injury-Response,-503,-1085,0.04361422542646812
Richards Injury-Response,-2499,-599,0.0619445210907697
Richards Injury-Response,-1421,-920,0.03260776192709841
Richards Injury-Response,-1311,-735,0.049761013836551016
Richards Injury-Response,-2662,-691,0.06411816013975023
Richards Injury-Response,-1286,-3749,0.07339360461744965
Richards Injury-Response,-3366,-839,0.050483236446091706
Richards Injury-Response,-2445,-631,0.06498634633792141
Richards Injury-Response,-2313,-3708,0.07776893569299496
Richards Injury-Response,-798,-3598,0.09664063690682347
Richards Injury-Response,-2189,-2031,0.06431645463508637
Richards Injury-Response,-2776,-1249,0.04528390169502315
Richards Injury-Response,-2419,-3520,0.08045056583347011
Richards Injury-Response,-2898,-2677,0.05201819490301349
Richards Injury-Response,-1380,-2257,0.028919659504854048
Richards Injury-Response,-2500,-723,0.04975091507298986
Richards Injury-Response,-2634,-3394,0.08360598771183295
Richards Injury-Response,-788,-2542,0.06359097322730152
Richards Injury-Response,-1284,-3500,0.05310455533568732
Richards Injury-Response,-673,-1797,0.04728661644040946
Richards Injury-Response,-2672,-1747,0.04491149389289997
Richards Injury-Response,-3383,-2579,0.04386936409278891
Richards Injury-Response,-1443,-3219,0.02842537721363997
Richards Injury-Response,-3543,-2360,0.046778564304450085
Richards Injury-Response,-3420,-808,0.05259930080440965
Richards Injury-Response,-2948,-2335,0.05215931544994783
Richards Injury-Response,-2835,-1839,0.06210942813148941
Richards Injury-Response,-2038,-3182,0.07300729672099404
Richards Injury-Response,-3377,-1895,0.05278545135565747
Richards Injury-Response,-1908,-947,0.03716649207438377
Richards Injury-Response,-2668,-1312,0.045266427275354126
Richards Injury-Response,-1920,-2251,0.06071721650397996
Richards Injury-Response,-1919,-2127,0.06259023735230776
Richards Injury-Response,-664,-865,0.05523062649818221
Richards Injury-Response,-2988,-812,0.046174336538571226
Richards Injury-Response,-2079,-1846,0.05396623240157612
Richards Injury-Response,-2998,-1930,0.052530434717020014
Richards Injury-Response,-2455,-1625,0.05542175070891288
Richards Injury-Response,-1266,-1636,0.05820640129021033
Richards Injury-Response,-2030,-2437,0.055610149639684484
Richards Injury-Response,-1069,-3689,0.07846856215205696
Richards Injury-Response,-735,-2636,0.10178964894104967
Richards Injury-Response,-1313,-983,0.0436140312376206
Richards Injury-Response,-2667,-1250,0.06082450187286581
Richards Injury-Response,-2459,-1998,0.05086000037821696
Richards Injury-Response,-2666,-1126,0.05241866942309442
Richards Injury-Response,-1710,-2875,0.06987175905328967
Richards Injury-Response,-2580,-3363,0.08852385530632553
Richards Injury-Response,-2308,-3211,0.08428628117892759
Richards Injury-Response,-1438,-2660,0.09526361606267196
Richards Injury-Response,-1983,-3090,0.07229877749474198
Richards Injury-Response,-2721,-1156,0.04970065027354206
Richards Injury-Response,-3325,-2176,0.03574631024216576
Richards Injury-Response,-2716,-659,0.0610402311376482
Richards Injury-Response,-1495,-2939,0.046040879001502034
Richards Injury-Response,-3169,-2767,0.044766286122266824
Richards Injury-Response,-1552,-3280,0.059056114147957695
Richards Injury-Response,-2846,-2895,0.05521472530044404
Richards Injury-Response,-3752,-1612,0.037213789246365994
Richards Injury-Response,-3491,-2516,0.02873168171302544
Richards Injury-Response,-3472,-590,0.0837163904108418
Richards Injury-Response,-1261,-1201,0.04312152547108944
Richards Injury-Response,-1493,-2753,0.10280743241673493
Richards Injury-Response,-3226,-3109,0.06540324236415611
Richards Injury-Response,-2827,-969,0.056383604146207966
Richards Injury-Response,-2891,-1993,0.04209894223259955
Richards Injury-Response,-3644,-1551,0.04028981616582268
Richards Injury-Response,-610,-897,0.03471892600731623
Richards Injury-Response,-3105,-1805,0.06237333226673032
Richards Injury-Response,-1070,-3751,0.08044277528547263
Richards Injury-Response,-1529,-919,0.04190480782109686
Richards Injury-Response,-2087,-2654,0.05869628717472554
Richards Injury-Response,-1862,-1848,0.05219701488504254
Richards Injury-Response,-1601,-2752,0.07327623378746641
Richards Injury-Response,-1056,-2260,0.03379481131141788
Richards Injury-Response,-1059,-2633,0.036078594167873346
Richards Injury-Response,-2728,-1902,0.05732311029732254
Richards Injury-Response,-3262,-1213,0.04549005221407773
Richards Injury-Response,-990,-1111,0.04159301666612385
Richards Injury-Response,-2684,-2927,0.08046610481053625
Richards Injury-Response,-3229,-3357,0.07340807296200733
Richards Injury-Response,-677,-2295,0.09193873742655938
Richards Injury-Response,-2852,-3516,0.05620109591824925
Richards Injury-Response,-3490,-2454,0.051302181946950104
Richards Injury-Response,-1538,-1851,0.0756932589739489
Richards Injury-Response,-2465,-2619,0.05289562144978904
Richards Injury-Response,-3750,-1364,0.03997514769377668
Richards Injury-Response,-3762,-2606,0.03325236036999428
Richards Injury-Response,-882,-1112,0.05164915304362387
Richards Injury-Response,-720,-1082,0.03516622158165689
Richards Injury-Response,-1719,-3745,0.06655593252235141
Richards Injury-Response,-2509,-1655,0.05152678906339565
Richards Injury-Response,-1161,-2010,0.06504751521432635
Richards Injury-Response,-1492,-2690,0.09049846984314742
Richards Injury-Response,-1801,-1134,0.04999095453778955
Richards Injury-Response,-1475,-889,0.06595714326049973
Richards Injury-Response,-3766,-3041,0.07561997753845404
Richards Injury-Response,-775,-1175,0.043060175072288084
Richards Injury-Response,-3532,-1179,0.060290141513500886
Richards Injury-Response,-879,-801,0.05517631008583715
Richards Injury-Response,-2413,-2837,0.06159687021790812
Richards Injury-Response,-735,-2698,0.11337714485202927
Richards Injury-Response,-1971,-1847,0.05265614161796453
Richards Injury-Response,-935,-1018,0.05510031382401276
Richards Injury-Response,-3117,-2985,0.07782227378955939
Richards Injury-Response,-1606,-3249,0.0636149726788785
Richards Injury-Response,-691,-3661,0.08075857334353864
Richards Injury-Response,-2787,-2367,0.03276464803093801
Richards Injury-Response,-2517,-2463,0.04989779591928309
Richards Injury-Response,-3421,-932,0.05379688142760672
Richards Injury-Response,-1927,-2935,0.06016241151936533
Richards Injury-Response,-3043,-904,0.05138989404645654
Richards Injury-Response,-1807,-1755,0.0501258219696719
Richards Injury-Response,-3378,-2020,0.04302589191426624
Richards Injury-Response,-3164,-2270,0.05997589765994284
Richards Injury-Response,-782,-1921,0.08048456946977715
Richards Injury-Response,-3659,-3104,0.03814568435241206
Richards Injury-Response,-2664,-939,0.05851238840372884
Richards Injury-Response,-3364,-591,0.053401641880386264
Richards Injury-Response,-1433,-2163,0.08218025859252938
Richards Injury-Response,-1642,-1415,0.04839934496228086
Richards Injury-Response,-770,-740,0.041774696293528174
Richards Injury-Response,-1069,-3627,0.0860364614678936
Richards Injury-Response,-837,-2013,0.11758872163684128
Richards Injury-Response,-1223,-2848,0.049631365548687724
Richards Injury-Response,-1385,-2816,0.06809773526595969
Richards Injury-Response,-2958,-3329,0.05820258513956275
Richards Injury-Response,-826,-895,0.030533309310257217
Richards Injury-Response,-1117,-3036,0.05526024843869122
Richards Injury-Response,-1472,-578,0.03764548317345187
Richards Injury-Response,-2610,-909,0.057401401315889083
Richards Injury-Response,-844,-2697,0.06800876366941976
Richards Injury-Response,-787,-2418,0.07890561382297501
Richards Injury-Response,-3224,-2860,0.0677937488117602
Richards Injury-Response,-2609,-784,0.052800817573525324
Richards Injury-Response,-1527,-733,0.051556944593389456
Richards Injury-Response,-2399,-1470,0.07651076077559457
Richards Injury-Response,-1801,-1072,0.05113323772311884
Richards Injury-Response,-3636,-805,0.06329276088299401
Richards Injury-Response,-1742,-606,0.04187820826796755
Richards Injury-Response,-3116,-2861,0.05602357677093166
Richards Injury-Response,-1650,-2285,0.0749781394214161
Richards Injury-Response,-1013,-3410,0.09162645676507974
Richards Injury-Response,-562,-1550,0.05110670934923202
Richards Injury-Response,-3958,-554,0.0625126944520831
Richards Injury-Response,-4014,-771,0.03554616610281221
Richards Injury-Response,-2462,-2370,0.05722530390300576
Richards Injury-Response,-674,-1922,0.0677529730868753
Richards Injury-Response,-2254,-3242,0.10043266777848327
Richards Injury-Response,-2292,-1595,0.04855460840027753
Richards Injury-Response,-1982,-3027,0.060676667544818805
Richards Injury-Response,-946,-2137,0.0764864800878229
Richards Injury-Response,-2743,-3455,0.05438128877169372
Richards Injury-Response,-962,-3752,0.08037158349038072
Richards Injury-Response,-1002,-2354,0.08727506333042427
Richards Injury-Response,-2018,-1132,0.040023963682372474
Richards Injury-Response,-2237,-1503,0.0537545815353756
Richards Injury-Response,-884,-1298,0.06024843984505354
Richards Injury-Response,-1001,-2229,0.060579190712565734
Richards Injury-Response,-1548,-2845,0.05124890561330355
Richards Injury-Response,-3599,-2515,0.04145016682849047
Richards Injury-Response,-3309,-560,0.06036604579845743
Richards Injury-Response,-2342,-1129,0.051552452144913566
Richards Injury-Response,-1984,-3276,0.06167635792999819
Richards Injury-Response,-2661,-566,0.060287487569696846
Richards Injury-Response,-1699,-1694,0.03896784112349011
Richards Injury-Response,-2986,-625,0.058873391405926456
Richards Injury-Response,-2073,-1225,0.04771600821055026
Richards Injury-Response,-2795,-3237,0.07138147410227282
Richards Injury-Response,-1798,-823,0.06420215509996072
Richards Injury-Response,-2350,-1936,0.0657664945244279
Richards Injury-Response,-3058,-2458,0.048060365583551784
Richards Injury-Response,-2187,-1907,0.05308825552581528
Richards Injury-Response,-1713,-3123,0.10310571251526829
Richards Injury-Response,-900,-2976,0.12037510076561178
Richards Injury-Response,-1380,-2319,0.022065625285349923
Richards Injury-Response,-3798,-773,0.04611427910365193
Richards Injury-Response,-885,-1423,0.04989777420181983
Richards Injury-Response,-839,-2200,0.09440323548607014
Richards Injury-Response,-1800,-948,0.05095076695657545
Richards Injury-Response,-2095,-3523,0.08561906531920375
Richards Injury-Response,-1694,-1259,0.06256973611195496
Richards Injury-Response,-1434,-2287,0.03930822154973192
Richards Injury-Response,-947,-2261,0.10894307182109862
Richards Injury-Response,-2338,-694,0.04664737008280247
Richards Injury-Response,-1692,-1011,0.04376242155358853
Richards Injury-Response,-2885,-1372,0.0396314395360161
Richards Injury-Response,-744,-3568,0.09601506089261783
Richards Injury-Response,-1117,-2974,0.029078976487285572
Richards Injury-Response,-2025,-1940,0.05619246587154224
Richards Injury-Response,-781,-1796,0.07720940966003541
Richards Injury-Response,-3587,-1334,0.04377688762087592
Richards Injury-Response,-1387,-2940,0.07381901781717728
Richards Injury-Response,-628,-2761,0.10541816119221524
Richards Injury-Response,-2033,-2685,0.06816763014674852
Richards Injury-Response,-1041,-769,0.05564144157410715
Richards Injury-Response,-1330,-2723,0.06640644323603524
Richards Injury-Response,-1704,-2191,0.04879381692488721
Richards Injury-Response,-1825,-3557,0.09304764701104357
Richards Injury-Response,-1483,-1696,0.0651420432843219
Richards Injury-Response,-2237,-1440,0.06057000050171035
Richards Injury-Response,-1335,-3220,0.047073260598806524
Richards Injury-Response,-1695,-1321,0.04628964590126669
Richards Injury-Response,-3651,-2359,0.04277150325887491
Richards Injury-Response,-991,-1235,0.038952180957714494
Richards Injury-Response,-2203,-3460,0.06972138407869796
Richards Injury-Response,-672,-1735,0.06527153612096577
Richards Injury-Response,-3009,-2986,0.08429967526756939
Richards Injury-Response,-2252,-2994,0.07757374706415117
Richards Injury-Response,-2724,-1529,0.0539437274950165
Richards Injury-Response,-2785,-2243,0.06196281377381849
Richards Injury-Response,-3221,-2549,0.05936195169519938
Richards Injury-Response,-3702,-1954,0.032024218488387865
Richards Injury-Response,-1281,-3252,0.07358568127600948
Richards Injury-Response,-3009,-3049,0.11244285919817171
Richards Injury-Response,-3093,-562,0.059392122298624714
Richards Injury-Response,-2903,-3236,0.06908603754074975
Richards Injury-Response,-1100,-1234,0.046463071930208
Richards Injury-Response,-1480,-1448,0.05062733918375768
Richards Injury-Response,-2473,-3489,0.09903199507298006
Richards Injury-Response,-3537,-1738,0.05191651297263007
Richards Injury-Response,-555,-804,0.046754874955307585
Richards Injury-Response,-2236,-1378,0.04224292341883816
Richards Injury-Response,-2959,-3391,0.064707500996477485
Richards Injury-Response,-677,-2232,0.08331954333753255
Richards Injury-Response,-2467,-2867,0.05837081933914086
Richards Injury-Response,-1815,-2563,0.059134650654603466
Richards Injury-Response,-506,-1333,0.038983961243805904
Richards Injury-Response,-1103,-1607,0.05581672473239711
Richards Injury-Response,-3174,-3264,0.08050382725884246
Richards Injury-Response,-1855,-1102,0.044762648782678105
Richards Injury-Response,-2879,-813,0.055853586417336454
Richards Injury-Response,-1598,-2441,0.07530614837061261
Richards Injury-Response,-2626,-2524,0.05168891611474269
Richards Injury-Response,-1861,-1662,0.046326161895766965
Richards Injury-Response,-2469,-3116,0.08871804685811754
Richards Injury-Response,-783,-1983,0.07240713154839117
Richards Injury-Response,-1802,-1196,0.05290017526926773
Richards Injury-Response,-2898,-2739,0.053767819684409246
Richards Injury-Response,-1219,-2414,0.02798148050223958
Richards Injury-Response,-2305,-2900,0.07769946019209417
Richards Injury-Response,-1486,-2069,0.09492834260305902
Richards Injury-Response,-1116,-2912,0.028444458018414755
Richards Injury-Response,-2471,-3240,0.08925883569561002
Richards Injury-Response,-792,-2977,0.10428980640680195
Richards Injury-Response,-2461,-2246,0.06003213075606377
Richards Injury-Response,-3384,-2703,0.08098912681452873
Richards Injury-Response,-722,-1269,0.041971941054305156
Richards Injury-Response,-2957,-3204,0.06352859123332341
Richards Injury-Response,-3392,-3511,0.05948421129735332
Richards Injury-Response,-1852,-792,0.04012521227917047
Richards Injury-Response,-773,-1051,0.05201600574958341
Richards Injury-Response,-1257,-704,0.0550445258466552
Richards Injury-Response,-1440,-2908,0.04525614609797557
Richards Injury-Response,-1663,-3528,0.08107930619249093
Richards Injury-Response,-2999,-1992,0.03977498201717666
Richards Injury-Response,-3107,-1991,0.045721357447997046
Richards Injury-Response,-1123,-3657,0.08568267061985277
Richards Injury-Response,-2881,-937,0.05028231657804992
Richards Injury-Response,-2896,-2553,0.042198992193742305
Richards Injury-Response,-3323,-1927,0.034772658325980574
Richards Injury-Response,-2849,-3268,0.05258551163005508
Richards Injury-Response,-1541,-2100,0.09492417782629974
Richards Injury-Response,-3119,-3234,0.10188155701783749
Richards Injury-Response,-993,-1359,0.0416347279857153
Richards Injury-Response,-3222,-2674,0.03606582200506571
Richards Injury-Response,-1701,-1943,0.059070734213333254
Richards Injury-Response,-1756,-1973,0.06726312654155622
Richards Injury-Response,-3706,-2389,0.04515849727948634
Richards Injury-Response,-991,-1173,0.04584677445277506
Richards Injury-Response,-3474,-838,0.0637522319328161
Richards Injury-Response,-3594,-2018,0.04561621875366832
Richards Injury-Response,-799,-3660,0.09339090597161795
Richards Injury-Response,-4068,-739,0.02910098676928842
Richards Injury-Response,-1282,-3314,0.07442160739874432
Richards Injury-Response,-1371,-1325,0.03776861430987666
Richards Injury-Response,-2358,-2806,0.09118467268987017
Richards Injury-Response,-3375,-1709,0.04193503947311246
Richards Injury-Response,-1065,-3254,0.11081906367228964
Richards Injury-Response,-1967,-1474,0.03735379941720174
Richards Injury-Response,-1666,-3838,0.07215074736676601
Richards Injury-Response,-2256,-3367,0.08000924242990119
Richards Injury-Response,-740,-3195,0.10083227722469269
Richards Injury-Response,-1589,-1571,0.05545559407433426
Richards Injury-Response,-3648,-1986,0.03993037970934586
Richards Injury-Response,-1593,-1944,0.06811242387379711
Richards Injury-Response,-3744,-804,0.059043738597579984
Richards Injury-Response,-3227,-3171,0.07309606274437164
Richards Injury-Response,-3060,-2706,0.055110451856625414
Richards Injury-Response,-2179,-1099,0.03829877291558986
Richards Injury-Response,-2577,-3053,0.054311333669654654
Richards Injury-Response,-1936,-3867,0.06371161827464657
Richards Injury-Response,-1475,-951,0.036731581015629136
Richards Injury-Response,-1374,-1635,0.06994642913926774
Richards Injury-Response,-1328,-2475,0.02143137022135489
Richards Injury-Response,-2944,-1837,0.05935336912419123
Richards Injury-Response,-3211,-1555,0.04877760687422507
Richards Injury-Response,-1550,-3032,0.047519086785503706
Richards Injury-Response,-1644,-1664,0.05201929121067793
Richards Injury-Response,-2015,-821,0.04523732806428764
Richards Injury-Response,-1719,-3807,0.07080315632952215
Richards Injury-Response,-1424,-1231,0.09122795114189214
Richards Injury-Response,-2135,-2125,0.06168632875141958
Richards Injury-Response,-3746,-929,0.0562313395240627
Richards Injury-Response,-2251,-2932,0.0898554959919216
Richards Injury-Response,-2988,-874,0.07392759779583503
Richards Injury-Response,-2528,-3581,0.08008180968796517
Richards Injury-Response,-2779,-1559,0.043659806062036594
Richards Injury-Response,-1711,-2999,0.07432009868336197
Richards Injury-Response,-3104,-1618,0.04455035591867604
Richards Injury-Response,-892,-2168,0.09461537379082215
Richards Injury-Response,-2727,-1840,0.0500161043273913
Richards Injury-Response,-3390,-3262,0.06499543951389616
Richards Injury-Response,-2780,-1746,0.051294285956349356
Richards Injury-Response,-796,-3412,0.09238278034239158
Richards Injury-Response,-1972,-2033,0.05898880684303169
Richards Injury-Response,-1715,-3372,0.07872517479262409
Richards Injury-Response,-2995,-1619,0.04808534898141041
Richards Injury-Response,-1860,-1599,0.04599086291207076
Richards Injury-Response,-2732,-2337,0.05855550875190063
Richards Injury-Response,-1544,-2410,0.078250600670714
Richards Injury-Response,-2617,-1654,0.05653054023517849
Richards Injury-Response,-3317,-1306,0.04416333836643438
Richards Injury-Response,-2347,-1626,0.03804390407244511
Richards Injury-Response,-3766,-2979,0.05232009971882268
Richards Injury-Response,-1015,-3596,0.0931068219577502
Richards Injury-Response,-1581,-701,0.038692472504687284
Richards Injury-Response,-3269,-1959,0.05101017868122007
Richards Injury-Response,-1748,-1166,0.04438381928915304
Richards Injury-Response,-3160,-1835,0.039669439855908914
Richards Injury-Response,-1176,-3564,0.06980161827762862
Richards Injury-Response,-561,-1488,0.04909074717273511
Richards Injury-Response,-1602,-2814,0.05339511092233644
Richards Injury-Response,-1435,-2349,0.032652418702168805
Richards Injury-Response,-2192,-2342,0.04845642304146261
Richards Injury-Response,-1586,-1198,0.040850692145382464
Richards Injury-Response,-847,-3007,0.09709199116560974
Richards Injury-Response,-3101,-1308,0.0492879656234525
Richards Injury-Response,-2616,-1468,0.048464631399727925
Richards Injury-Response,-3444,-3231,0.09309983177464894
Richards Injury-Response,-836,-1951,0.09421588745609245
Richards Injury-Response,-3001,-2179,0.056275719021073645
Richards Injury-Response,-949,-2447,0.044759746918711825
Richards Injury-Response,-1326,-2288,0.02964442876064987
Richards Injury-Response,-1316,-1232,0.053631581463959216
Richards Injury-Response,-1280,-3128,0.09056616745227025
Richards Injury-Response,-1645,-1726,0.04543743413771087
Richards Injury-Response,-1925,-2748,0.04417440930771159
Richards Injury-Response,-2035,-2934,0.06626683542801486
Richards Injury-Response,-3000,-2054,0.04389655263555818
Richards Injury-Response,-3262,-1275,0.03906783619277579
Richards Injury-Response,-2887,-1558,0.05322286611484589
Richards Injury-Response,-1875,-3091,0.08123074829321196
Richards Injury-Response,-2299,-2279,0.04342689535591775
Richards Injury-Response,-3148,-593,0.05892437668390266
Richards Injury-Response,-1062,-2881,0.045345274636270284
Richards Injury-Response,-3257,-716,0.046328419846869084
Richards Injury-Response,-1597,-2379,0.08677715066925729
Richards Injury-Response,-3445,-3355,0.05190795705883125
Richards Injury-Response,-3656,-2856,0.06615367425667164
Richards Injury-Response,-3634,-619,0.040801680580062394
Richards Injury-Response,-1382,-2443,0.03532433139169558
Richards Injury-Response,-3102,-1432,0.04360417771343106
Richards Injury-Response,-3436,-2423,0.04478837155045966
Richards Injury-Response,-3165,-2395,0.04257453019281106
Richards Injury-Response,-1592,-1882,0.06441757252967481
Richards Injury-Response,-1707,-2564,0.0800721298611906
Richards Injury-Response,-1527,-671,0.051354443557851015
Richards Injury-Response,-2090,-2964,0.07438675056986294
Richards Injury-Response,-3538,-1863,0.04341708495768004
Richards Injury-Response,-3643,-1489,0.04211842020537322
Richards Injury-Response,-2831,-1404,0.04196446340160036
Richards Injury-Response,-784,-2169,0.10813691612098478
Neftel MES1,-566,-1923,0.586602287536824
Neftel MES1,-1176,-3501,0.7107231814457404
Neftel MES1,-2718,-845,0.09403683771022797
Neftel MES1,-2935,-968,0.2189576815828984
Neftel MES1,-3742,-556,0.037320559243671836
Neftel MES1,-2669,-1436,-0.05779305355517961
Neftel MES1,-3214,-1866,-0.15601937421618062
Neftel MES1,-2396,-1159,0.1870103779832505
Neftel MES1,-734,-2574,0.9271037897248192
Neftel MES1,-3527,-682,0.0528554439186073
Neftel MES1,-2306,-3024,0.6232008640625256
Neftel MES1,-2843,-2646,-0.051181761953744354
Neftel MES1,-3854,-928,0.048492249438811474
Neftel MES1,-2829,-1155,0.38138081736702134
Neftel MES1,-3851,-617,0.03356872041409664
Neftel MES1,-946,-2074,0.8634379825682267
Neftel MES1,-1963,-1039,0.012623492126178637
Neftel MES1,-3758,-2233,0.164919480140153
Neftel MES1,-3380,-2268,0.07720551953945198
Neftel MES1,-1707,-2502,0.8187760050529649
Neftel MES1,-1696,-1384,0.4844201862491472
Neftel MES1,-3156,-1400,-0.12246560467959045
Neftel MES1,-947,-2199,0.6713034075717369
Neftel MES1,-2797,-3486,0.6499496207525445
Neftel MES1,-2690,-3549,0.9793659201624754
Neftel MES1,-1174,-3315,0.8403424696211076
Neftel MES1,-2952,-2707,0.021006655315780942
Neftel MES1,-3279,-3015,0.3603541544420251
Neftel MES1,-3473,-714,0.3530024072126763
Neftel MES1,-2786,-2305,-0.06493726923226706
Neftel MES1,-1263,-1326,0.055936414393657374
Neftel MES1,-1114,-2725,0.46700134612507144
Neftel MES1,-2190,-2156,0.18566506127826954
Neftel MES1,-1796,-575,0.019538129944679294
Neftel MES1,-2246,-2372,0.23017834046889452
Neftel MES1,-2121,-696,0.0745820720465512
Neftel MES1,-1173,-3253,0.52864475055470606
Neftel MES1,-1824,-3495,0.871851785365759
Neftel MES1,-3373,-1523,0.04788185525197364
Neftel MES1,-667,-1176,0.27879246899639465
Neftel MES1,-742,-3381,1.0051156193968949
Neftel MES1,-2941,-1589,-0.03361462555578343
Neftel MES1,-1917,-1879,0.2625197224757889
Neftel MES1,-3699,-1706,-0.00755700474841392
Neftel MES1,-1966,-1350,0.015238780448458611
Neftel MES1,-3176,-3451,0.39552131271391955
Neftel MES1,-897,-2603,0.8747382314447152
Neftel MES1,-2829,-1217,-0.09737412634838127
Neftel MES1,-725,-1642,0.43870147155512207
Neftel MES1,-3589,-1520,0.2574629679728132
Neftel MES1,-1222,-2662,0.6040922450675575
Neftel MES1,-1968,-1536,-4.9784482874182245e-5
Neftel MES1,-1880,-3650,0.6826015606941358
Neftel MES1,-558,-1115,0.25268064770045884
Neftel MES1,-2344,-1315,-0.07227012637615782
Neftel MES1,-743,-3443,0.8964070934024173
Neftel MES1,-3907,-896,0.1219276484474976
Neftel MES1,-1156,-1513,0.30638894320697907
Neftel MES1,-1213,-1792,0.917356145563653
Neftel MES1,-2582,-3550,0.730423206713028
Neftel MES1,-844,-2759,1.1075447864850658
Neftel MES1,-1709,-2751,0.6516710539304211
Neftel MES1,-2905,-3422,0.7010041293566691
Neftel MES1,-1059,-2570,0.4643360731791313
Neftel MES1,-3767,-3103,0.6640862747300895
Neftel MES1,-3330,-2673,0.3269677168066947
Neftel MES1,-1283,-3438,0.6305737527737578
Neftel MES1,-3528,-806,0.13800898575941756
Neftel MES1,-3278,-2828,0.2354637212758114
Neftel MES1,-1217,-2227,0.5227077098035987
Neftel MES1,-1711,-2937,0.974777952965518
Neftel MES1,-1503,-3809,0.6764829195696153
Neftel MES1,-830,-1268,0.05021404260058826
Neftel MES1,-1653,-2596,0.899455888275238
Neftel MES1,-3338,-3480,0.6653736980077755
Neftel MES1,-3121,-3420,0.6457027019355187
Neftel MES1,-2943,-1775,-0.04382625613000135
Neftel MES1,-2998,-1868,0.12136184497387892
Neftel MES1,-1700,-1819,0.46116751946839407
Neftel MES1,-902,-3162,0.9366296876296452
Neftel MES1,-2359,-2868,0.3590843691024157
Neftel MES1,-1583,-888,-0.14029378918153523
Neftel MES1,-621,-2078,0.6384033962570147
Neftel MES1,-3382,-2455,-0.11593671586193954
Neftel MES1,-2458,-1935,0.14457388020799034
Neftel MES1,-1067,-3440,1.2028724158762707
Neftel MES1,-993,-1422,0.2107421654473377
Neftel MES1,-2311,-3459,0.8136816894928849
Neftel MES1,-3268,-1834,-0.1028311871848705
Neftel MES1,-1275,-2630,0.7539755491106782
Neftel MES1,-1492,-2628,0.7465737316230875
Neftel MES1,-784,-2107,1.0918261946010919
Neftel MES1,-1369,-1138,-0.1844298547738581
Neftel MES1,-1966,-1412,0.012459362820658182
Neftel MES1,-1153,-1202,-0.016873299203056136
Neftel MES1,-2068,-790,0.12784880204584703
Neftel MES1,-676,-2108,0.6602517737956896
Neftel MES1,-1101,-1358,0.17913856491212465
Neftel MES1,-3744,-742,0.17486223095194176
Neftel MES1,-3650,-2234,0.06132274001565563
Neftel MES1,-669,-1425,0.41091335467761914
Neftel MES1,-2357,-2682,0.20389759267192586
Neftel MES1,-1858,-1413,0.20356805361572228
Neftel MES1,-2306,-2962,0.5344772106617789
Neftel MES1,-2507,-1469,-0.03942650140816306
Neftel MES1,-2361,-3055,0.8008929800628017
Neftel MES1,-3592,-1769,-0.08877855449009509
Neftel MES1,-1823,-3371,0.9651056610981616
Neftel MES1,-3602,-2825,0.4702814246770418
Neftel MES1,-3276,-2704,0.3921788989233286
Neftel MES1,-906,-3597,0.9183389514233449
Neftel MES1,-3482,-1646,0.027834181355359866
Neftel MES1,-3114,-2675,0.16852235793486725
Neftel MES1,-2305,-2838,0.16058404743592802
Neftel MES1,-3496,-3075,0.5939796492737587
Neftel MES1,-570,-2358,0.7333894051722502
Neftel MES1,-1919,-2065,0.5794831478488696
Neftel MES1,-1876,-3277,0.6219445416323135
Neftel MES1,-1699,-1756,0.5050714573090036
Neftel MES1,-2026,-2002,0.3479786862324129
Neftel MES1,-3802,-1208,0.22140905682027112
Neftel MES1,-1824,-3433,0.9173318774736191
Neftel MES1,-3642,-1365,0.08580741962036464
Neftel MES1,-3580,-588,0.23971522276748403
Neftel MES1,-1766,-3092,0.8427315720751464
Neftel MES1,-2797,-3423,0.47096108581163587
Neftel MES1,-1432,-2039,0.8773029233328635
Neftel MES1,-2184,-1534,0.18310696004709137
Neftel MES1,-2500,-661,-0.048113377060468254
Neftel MES1,-2614,-1344,0.06088165543411217
Neftel MES1,-3756,-2047,0.44122976587420193
Neftel MES1,-1907,-884,-0.1582250975798748
Neftel MES1,-3047,-1401,-0.14145413629516623
Neftel MES1,-3226,-3046,0.37802171027093967
Neftel MES1,-3497,-3199,0.5200090274901251
Neftel MES1,-1395,-3810,0.6645481958884737
Neftel MES1,-2887,-1621,-0.009729197164267789
Neftel MES1,-679,-2481,0.8551724263553854
Neftel MES1,-2346,-1502,0.02201581645279649
Neftel MES1,-3213,-1742,0.15096945043998033
Neftel MES1,-682,-2792,0.9000886601157821
Neftel MES1,-1640,-1167,-0.05016505133630955
Neftel MES1,-3215,-1990,0.2889946479104569
Neftel MES1,-3011,-3235,0.3329322781957966
Neftel MES1,-3489,-2329,0.00801573529756261
Neftel MES1,-1744,-793,0.08144700084392587
Neftel MES1,-836,-1889,0.8952999245143121
Neftel MES1,-2878,-626,-0.007958487199004494
Neftel MES1,-1881,-3712,0.49891153825944856
Neftel MES1,-2343,-1253,0.21378141818007235
Neftel MES1,-668,-1300,0.09272133462429821
Neftel MES1,-1107,-2042,0.579813913499286
Neftel MES1,-831,-1392,0.06583298880294997
Neftel MES1,-2523,-3022,0.14838821507866684
Neftel MES1,-841,-2448,0.8836030902419116
Neftel MES1,-2448,-879,0.09579265655938718
Neftel MES1,-2148,-3430,0.7793077042278147
Neftel MES1,-2994,-1495,-0.012758240729429215
Neftel MES1,-2793,-2988,-0.02830238370044258
Neftel MES1,-1648,-2037,0.5221413555283021
Neftel MES1,-1208,-1233,0.27470813162585417
Neftel MES1,-1662,-3466,0.5462106435681354
Neftel MES1,-1772,-3713,0.6876342722806769
Neftel MES1,-1760,-2408,0.794854508197434
Neftel MES1,-1447,-3592,0.4848654770230161
Neftel MES1,-2017,-1070,0.12057814117753318
Neftel MES1,-1428,-1666,0.5151107514138293
Neftel MES1,-3907,-834,0.28668438137797936
Neftel MES1,-3372,-1398,-0.11869699258743993
Neftel MES1,-2568,-2121,0.2214511657796402
Neftel MES1,-3546,-2608,0.2528182812896337
Neftel MES1,-3581,-713,0.11072618384143951
Neftel MES1,-933,-832,-0.09713845693316636
Neftel MES1,-3166,-2519,0.17461028258538402
Neftel MES1,-1661,-3403,0.6052369238527076
Neftel MES1,-3799,-835,0.08472245735006467
Neftel MES1,-3058,-2520,0.011024837241450647
Neftel MES1,-2848,-3143,0.298781043242338
Neftel MES1,-4015,-833,0.3988929712885644
Neftel MES1,-1121,-3409,0.9009122550486548
Neftel MES1,-1005,-2664,0.8315312801181576
Neftel MES1,-2878,-689,0.030342039629331352
Neftel MES1,-3118,-3110,0.369813408936547
Neftel MES1,-2794,-3175,0.3031369311250143
Neftel MES1,-800,-3785,0.6571336416840258
Neftel MES1,-2142,-2808,0.012771662047283638
Neftel MES1,-1589,-1509,0.19682828274082975
Neftel MES1,-2020,-1380,0.09541605775641882
Neftel MES1,-2391,-600,0.14835514855367626
Neftel MES1,-3062,-2893,0.16477548153557853
Neftel MES1,-1969,-1723,0.12825721766434106
Neftel MES1,-2792,-2926,0.1959910747487359
Neftel MES1,-2667,-1188,0.2094783536071937
Neftel MES1,-2346,-1564,0.09472274884915022
Neftel MES1,-3481,-1522,0.10163584834150641
Neftel MES1,-2069,-852,0.09204217133078718
Neftel MES1,-1929,-3121,0.5576675533065306
Neftel MES1,-1705,-2316,1.3008131984570865
Neftel MES1,-2796,-3361,0.4377293715960233
Neftel MES1,-1167,-2569,0.44021661230435993
Neftel MES1,-825,-833,0.24430249101383394
Neftel MES1,-1703,-2129,0.6815328506491886
Neftel MES1,-1429,-1790,0.8511935293464423
Neftel MES1,-1203,-736,-0.008816085120687545
Neftel MES1,-1755,-1911,0.5553821943936842
Neftel MES1,-2088,-2778,0.2516136450682719
Neftel MES1,-790,-2791,0.6755539475889576
Neftel MES1,-1872,-2780,0.560204981481893
Neftel MES1,-1315,-1108,0.08615569126093092
Neftel MES1,-3216,-2052,0.3563360533426315
Neftel MES1,-3209,-1307,0.07335621208966081
Neftel MES1,-786,-2356,1.0236224851700833
Neftel MES1,-949,-2385,0.7254279999570769
Neftel MES1,-955,-3069,0.8249448503971664
Neftel MES1,-3282,-3263,0.3379103231978595
Neftel MES1,-3159,-1773,0.06587087538879388
Neftel MES1,-2445,-569,0.12568983561292824
Neftel MES1,-3582,-837,0.24342914945359895
Neftel MES1,-1545,-2535,0.846721053464235
Neftel MES1,-2124,-944,0.08378240087478672
Neftel MES1,-3381,-2330,0.07029806059481736
Neftel MES1,-2680,-2492,0.016014291056165475
Neftel MES1,-2618,-1716,0.13641650153984475
Neftel MES1,-2848,-3081,0.14932018840383132
Neftel MES1,-900,-2914,0.5696725723571668
Neftel MES1,-629,-2885,1.1664118696786023
Neftel MES1,-827,-1019,-0.018191489869749833
Neftel MES1,-3166,-2457,0.28032874654516327
Neftel MES1,-573,-2668,1.0877969116916075
Neftel MES1,-3270,-2083,0.08179874032256051
Neftel MES1,-1324,-2102,0.7722772513788021
Neftel MES1,-3441,-2982,0.4134746247687131
Neftel MES1,-793,-3101,1.062636372548432
Neftel MES1,-2029,-2250,0.4782501865914114
Neftel MES1,-3008,-2924,0.05097375806336135
Neftel MES1,-933,-770,0.010257594845284435
Neftel MES1,-2446,-693,0.0867093494501896
Neftel MES1,-629,-2823,1.4794411290773355
Neftel MES1,-908,-3784,0.7203807048433741
Neftel MES1,-3014,-3483,0.5183018625305373
Neftel MES1,-2462,-2308,0.15283240428033895
Neftel MES1,-2773,-938,0.11170979413329662
Neftel MES1,-2674,-1871,-0.008523264526106966
Neftel MES1,-1095,-737,0.07749690453829028
Neftel MES1,-2038,-3244,0.807183452575435
Neftel MES1,-1749,-1352,0.02738648100313834
Neftel MES1,-2402,-1718,0.16455742345694857
Neftel MES1,-3697,-1457,0.1282377304141492
Neftel MES1,-3491,-2578,0.25577341965391687
Neftel MES1,-2475,-3675,0.7734860615276336
Neftel MES1,-2675,-2058,0.08604639514087509
Neftel MES1,-4339,-830,0.18851724841806383
Neftel MES1,-3542,-2236,0.06552199653701662
Neftel MES1,-1045,-1204,0.11263298735197169
Neftel MES1,-3430,-1802,0.14192054255723396
Neftel MES1,-3011,-3173,0.26035494498645007
Neftel MES1,-1113,-2601,0.28960219972587276
Neftel MES1,-739,-3071,1.0573740439631467
Neftel MES1,-893,-2230,0.9177405766972071
Neftel MES1,-3475,-900,0.19111181921753317
Neftel MES1,-3708,-2638,-0.07836399834962571
Neftel MES1,-1924,-2624,0.6568213244541099
Neftel MES1,-2364,-3428,0.9075613232883093
Neftel MES1,-3171,-3016,0.2758476889305541
Neftel MES1,-2907,-3609,0.4474873650374277
Neftel MES1,-637,-3693,0.3442526225703184
Neftel MES1,-3797,-711,0.08227672565390398
Neftel MES1,-3700,-1768,0.0602438875793172
Neftel MES1,-680,-2605,1.275495965297074
Neftel MES1,-3102,-1494,0.029724818027284883
Neftel MES1,-2129,-1504,-0.005470018929702114
Neftel MES1,-2128,-1317,0.1274953230643453
Neftel MES1,-833,-1641,0.6172643614404577
Neftel MES1,-902,-3100,0.7384908685010458
Neftel MES1,-3476,-962,0.18473791525627847
Neftel MES1,-1936,-3805,1.0062779789077283
Neftel MES1,-609,-835,0.09768321750923215
Neftel MES1,-1604,-3062,0.75090453131421675
Neftel MES1,-2175,-602,-0.02461026649650122
Neftel MES1,-1761,-2533,0.7184909237746084
Neftel MES1,-2367,-3738,0.39993732216067446
Neftel MES1,-2404,-1905,0.17672422861241188
Neftel MES1,-952,-2758,0.6015742213997768
Neftel MES1,-3810,-2015,0.23353087750080614
Neftel MES1,-2193,-2466,0.2634762734429684
Neftel MES1,-1332,-2847,1.0616773039281833
Neftel MES1,-2736,-2772,0.5066292260204214
Neftel MES1,-3057,-2396,0.10475457348332728
Neftel MES1,-2616,-1530,0.23427076287418935
Neftel MES1,-2247,-2497,0.04018762880892113
Neftel MES1,-1960,-729,0.0498333596161582
Neftel MES1,-1934,-3680,0.5611369168484377
Neftel MES1,-1210,-1419,-0.012068544439656548
Neftel MES1,-3496,-3013,0.4539994036114815
Neftel MES1,-3220,-2425,-0.10408286730679617
Neftel MES1,-3272,-2269,0.0918262345869344
Neftel MES1,-3063,-2955,0.46734364502296954
Neftel MES1,-670,-1549,0.6516591013156726
Neftel MES1,-3691,-898,0.1923511141006109
Neftel MES1,-2939,-1340,-0.10529552472465409
Neftel MES1,-1204,-860,-0.01493351751739369
Neftel MES1,-951,-2634,0.45961285572618604
Neftel MES1,-2195,-2653,0.17084544934988521
Neftel MES1,-2636,-3580,1.02902791100187
Neftel MES1,-4067,-615,0.5301873240705609
Neftel MES1,-2771,-752,-0.06517281204497805
Neftel MES1,-3203,-685,0.09768321762017118
Neftel MES1,-1329,-2537,0.3611812400231224
Neftel MES1,-2628,-2710,0.013005220799817918
Neftel MES1,-2510,-1780,0.14992667135300342
Neftel MES1,-1421,-982,-0.12050975011566833
Neftel MES1,-839,-2262,0.9571961104570635
Neftel MES1,-3647,-1924,0.04261696503292356
Neftel MES1,-1168,-2694,0.5865076997093084
Neftel MES1,-853,-3629,0.7420571061020735
Neftel MES1,-1754,-1849,0.4905716147348095
Neftel MES1,-3651,-2297,0.04696538924246407
Neftel MES1,-1125,-3844,0.5555516664283164
Neftel MES1,-1094,-613,-0.027898495800347423
Neftel MES1,-3857,-1238,0.023128632801314386
Neftel MES1,-1170,-2880,0.7999935209649665
Neftel MES1,-3592,-1831,0.05509901776995885
Neftel MES1,-779,-1610,0.2877645447749232
Neftel MES1,-3660,-3229,0.5355611260027254
Neftel MES1,-1763,-2719,0.5123048315944712
Neftel MES1,-890,-1920,1.053354449117566
Neftel MES1,-3493,-2702,0.3444033540707453
Neftel MES1,-3006,-2738,-0.04558547870908514
Neftel MES1,-1367,-890,-0.06618925887111848
Neftel MES1,-3046,-1277,-0.019194219777934562
Neftel MES1,-2360,-2993,0.6079478078393574
Neftel MES1,-1850,-605,0.09982495677275949
Neftel MES1,-2684,-2990,0.18675922669107548
Neftel MES1,-848,-3194,1.090983536013196
Neftel MES1,-2358,-2744,0.10048865095043402
Neftel MES1,-3500,-3448,0.4790365384938199
Neftel MES1,-2956,-3142,0.4003715619380974
Neftel MES1,-631,-3072,0.8438857638016112
Neftel MES1,-1277,-2755,0.8174175273761267
Neftel MES1,-3258,-840,0.31979000538700464
Neftel MES1,-2036,-2996,0.24749066034711853
Neftel MES1,-1862,-1786,0.21392627249034102
Neftel MES1,-942,-1702,0.6896275606944734
Neftel MES1,-2191,-2280,0.11764566651974251
Neftel MES1,-2032,-2561,0.38046693487702865
Neftel MES1,-1103,-1545,0.5376945687180706
Neftel MES1,-571,-2420,1.0936344286385768
Neftel MES1,-1014,-3534,1.1859418258515226
Neftel MES1,-3549,-2981,0.45829775959450025
Neftel MES1,-1157,-1575,0.4677617390405586
Neftel MES1,-2364,-3366,0.8537881992182603
Neftel MES1,-2460,-2184,-0.06606668327546006
Neftel MES1,-2904,-3360,0.6178048636416555
Neftel MES1,-3172,-3078,0.26049092927265616
Neftel MES1,-3473,-652,0.26591008961085627
Neftel MES1,-1873,-2904,0.6370148238704407
Neftel MES1,-2683,-2803,0.5368547582022558
Neftel MES1,-624,-2326,0.8078298496313434
Neftel MES1,-4121,-645,0.2580173387473029
Neftel MES1,-1973,-2095,0.3394801712496839
Neftel MES1,-2772,-876,-0.01035397439072483
Neftel MES1,-1923,-2500,0.1851917980214527
Neftel MES1,-2502,-910,-0.04371848016620361
Neftel MES1,-3692,-960,0.05028516034302566
Neftel MES1,-3691,-836,0.08258761583936225
Neftel MES1,-1872,-2842,0.6531275097634838
Neftel MES1,-2471,-3302,0.125904656113
Neftel MES1,-2674,-1933,0.00788527620282431
Neftel MES1,-2994,-1433,-0.18104964540622182
Neftel MES1,-2394,-911,0.1405479662373742
Neftel MES1,-2150,-3616,0.43016571325019703
Neftel MES1,-1316,-1294,0.06383481865938523
Neftel MES1,-1583,-950,0.047166538248318624
Neftel MES1,-783,-2045,0.9586491464297807
Neftel MES1,-3150,-841,0.08483870393088955
Neftel MES1,-1588,-1447,0.14529339351507287
Neftel MES1,-3059,-2582,-0.1058762498952347
Neftel MES1,-1813,-2315,0.446326735227894
Neftel MES1,-3265,-1586,-0.047958632197543705
Neftel MES1,-854,-3753,0.5972447390055874
Neftel MES1,-1918,-2003,0.5919726466811022
Neftel MES1,-3810,-1953,0.12424917605059593
Neftel MES1,-1823,-3309,0.9822378650971811
Neftel MES1,-3536,-1614,-0.008255830162849809
Neftel MES1,-2558,-1127,0.1457049339702644
Neftel MES1,-1964,-1164,-0.0780282082491689
Neftel MES1,-1275,-2568,0.4625074042938955
Neftel MES1,-1696,-1446,0.08448149713027453
Neftel MES1,-936,-1080,0.1697083267688474
Neftel MES1,-568,-2171,0.7486515406015852
Neftel MES1,-745,-3630,0.7919228605756966
Neftel MES1,-2134,-1939,0.17625160538157758
Neftel MES1,-2564,-1748,0.19153231922874026
Neftel MES1,-1212,-1668,0.5486181664979677
Neftel MES1,-2902,-3112,0.11246620363058757
Neftel MES1,-1981,-2903,0.2672932572604543
Neftel MES1,-1542,-2286,0.41972446462071544
Neftel MES1,-1177,-3626,0.4418097374017048
Neftel MES1,-3533,-1304,0.16532217942484073
Neftel MES1,-2987,-750,0.19514107335263964
Neftel MES1,-987,-800,0.13775763253592188
Neftel MES1,-2353,-2247,-0.14581879147264765
Neftel MES1,-3259,-964,0.23929693281054543
Neftel MES1,-3656,-2794,0.2769951832209939
Neftel MES1,-2635,-3456,0.8973829836065135
Neftel MES1,-1870,-2594,0.45012030900283917
Neftel MES1,-2234,-1192,-0.04217369219730638
Neftel MES1,-3280,-3077,0.37717224865140986
Neftel MES1,-2077,-1660,0.3021435087868647
Neftel MES1,-3435,-2361,0.07278338285285724
Neftel MES1,-3176,-3513,0.6191900510177338
Neftel MES1,-1595,-2192,0.9480377773884313
Neftel MES1,-1658,-3093,0.8919978737506795
Neftel MES1,-2669,-1374,0.14406769340368553
Neftel MES1,-3703,-2079,0.004564566768924361
Neftel MES1,-1221,-2600,0.6194862500743357
Neftel MES1,-1341,-3779,0.9163972681683875
Neftel MES1,-2391,-662,0.15423282699894258
Neftel MES1,-985,-614,0.11980323008834559
Neftel MES1,-3100,-1246,-0.05454996580702853
Neftel MES1,-1530,-1043,-0.06465662103088976
Neftel MES1,-3159,-1711,0.20323760058929008
Neftel MES1,-1327,-2412,0.525989169343209
Neftel MES1,-1759,-2284,0.5542753883386228
Neftel MES1,-3488,-2267,0.028807795107775203
Neftel MES1,-1716,-3434,0.5552953227932707
Neftel MES1,-852,-3567,0.750305121790122
Neftel MES1,-3761,-2482,0.22473712559348769
Neftel MES1,-3097,-935,0.13964003568986783
Neftel MES1,-1104,-1731,0.6804804037640875
Neftel MES1,-830,-1330,0.4341816878249817
Neftel MES1,-560,-1364,0.30982971737083076
Neftel MES1,-726,-1704,0.5055190652287899
Neftel MES1,-2845,-2771,-0.06419326627496624
Neftel MES1,-3698,-1582,-0.0055567803109906055
Neftel MES1,-1278,-2879,0.8270265220509541
Neftel MES1,-3227,-3233,0.4418974958893056
Neftel MES1,-2468,-2930,0.1811562524222774
Neftel MES1,-1390,-3313,0.4238939555147198
Neftel MES1,-2620,-1965,-0.0020678453846156852
Neftel MES1,-1497,-3188,1.0222809435172877
Neftel MES1,-3318,-1430,0.07404103877729651
Neftel MES1,-675,-2046,0.4961199267775529
Neftel MES1,-4286,-861,0.27261165634670204
Neftel MES1,-2614,-1281,0.05103776173025931
Neftel MES1,-665,-990,-1.2178279676022807e-4
Neftel MES1,-3708,-2576,-0.14012712843512298
Neftel MES1,-2741,-3206,0.22795370684465088
Neftel MES1,-1267,-1761,0.48566118485490495
Neftel MES1,-2729,-1964,0.0855129683803677
Neftel MES1,-1393,-3624,0.5192081658153953
Neftel MES1,-1094,-675,-0.028525629282948883
Neftel MES1,-3275,-2580,0.11730025244275033
Neftel MES1,-2906,-3547,0.43740986494215994
Neftel MES1,-553,-618,-0.07401057331106892
Neftel MES1,-1822,-3247,0.9064621932244055
Neftel MES1,-3595,-2080,-0.05356424085050948
Neftel MES1,-1916,-1754,0.18977519615037475
Neftel MES1,-882,-1050,0.38185520600960665
Neftel MES1,-1218,-2289,0.49813233270235335
Neftel MES1,-2831,-1341,0.00478669459476222
Neftel MES1,-1805,-1507,0.2399542762072111
Neftel MES1,-3106,-1867,0.047394463284327615
Neftel MES1,-1693,-1135,-0.11702237058508091
Neftel MES1,-1120,-3347,1.0019234032993465
Neftel MES1,-621,-2015,0.45319539028040157
Neftel MES1,-3380,-2206,0.1361243316833496
Neftel MES1,-845,-2883,0.8152623394533328
Neftel MES1,-2775,-1187,0.35760118662696017
Neftel MES1,-1323,-1978,0.48902697237636805
Neftel MES1,-2302,-2589,0.0295112974848174
Neftel MES1,-2420,-3582,0.5461524556084452
Neftel MES1,-2256,-3429,0.5104971520725999
Neftel MES1,-1961,-915,0.23786705091297722
Neftel MES1,-2039,-3307,0.4907514803991091
Neftel MES1,-2193,-2528,-0.053912478614949855
Neftel MES1,-1106,-1855,0.792076047330657
Neftel MES1,-1062,-2943,0.42290176417306025
Neftel MES1,-2292,-1533,0.13202452430075529
Neftel MES1,-2883,-1186,0.1361670541862987
Neftel MES1,-561,-1426,0.43569311842423986
Neftel MES1,-1827,-3806,0.7910750202105539
Neftel MES1,-2396,-1097,0.029891545046431767
Neftel MES1,-3961,-802,0.07220247269299973
Neftel MES1,-1602,-2876,0.7645848838059653
Neftel MES1,-2627,-2648,0.20370362046854518
Neftel MES1,-688,-3413,0.678544061594624
Neftel MES1,-1274,-2444,0.4197837341439469
Neftel MES1,-2286,-912,0.2279615996683323
Neftel MES1,-1766,-3030,0.9667501498058352
Neftel MES1,-742,-3319,0.81482191315655506
Neftel MES1,-3444,-3293,0.7500231453942005
Neftel MES1,-1752,-1601,0.2505600235018951
Neftel MES1,-614,-1332,0.26614959169743746
Neftel MES1,-3534,-1366,-0.17870104846718848
Neftel MES1,-3541,-2173,0.181036920800548
Neftel MES1,-2621,-2027,-0.06021443238293478
Neftel MES1,-3012,-3359,0.4462888120151751
Neftel MES1,-724,-1517,0.19660060003054458
Neftel MES1,-1264,-1450,0.08706211558354848
Neftel MES1,-613,-1208,0.3433438124293944
Neftel MES1,-1338,-3469,0.5590088683708085
Neftel MES1,-2472,-3364,0.845212035938516
Neftel MES1,-1754,-1787,0.08412699252228983
Neftel MES1,-2938,-1278,-0.07009129987826279
Neftel MES1,-3499,-3386,0.6525940744773956
Neftel MES1,-3156,-1463,0.021700883792223014
Neftel MES1,-3319,-1492,-0.19238921159322553
Neftel MES1,-1370,-1200,-0.007277014872772103
Neftel MES1,-1708,-2626,0.8333966345386339
Neftel MES1,-2785,-2181,-0.09045619251935055
Neftel MES1,-2309,-3273,0.6568790904612218
Neftel MES1,-1989,-3773,0.5402216076992397
Neftel MES1,-850,-3318,1.2054484879038596
Neftel MES1,-3607,-3322,0.858328531293717
Neftel MES1,-2838,-2087,-0.12038080748270286
Neftel MES1,-2201,-3274,0.8308796776056936
Neftel MES1,-3230,-3543,0.8085240659452377
Neftel MES1,-2890,-1869,0.09876647592475862
Neftel MES1,-2634,-3332,0.6536745531824345
Neftel MES1,-1716,-3496,0.38511749227114966
Neftel MES1,-2556,-940,-0.1894911686247081
Neftel MES1,-715,-585,0.07495551479664725
Neftel MES1,-2934,-843,0.3039548159025506
Neftel MES1,-2285,-788,0.1751685200386468
Neftel MES1,-1338,-3531,0.5252757969075582
Neftel MES1,-1150,-892,0.11452228926989128
Neftel MES1,-1533,-1292,-0.02238092981768247
Neftel MES1,-2566,-1934,0.25203112547916984
Neftel MES1,-1280,-3065,1.285743940999653
Neftel MES1,-3155,-1338,0.15898885165917798
Neftel MES1,-1690,-824,-0.0982110559400452
Neftel MES1,-1800,-1010,-0.08602583874289116
Neftel MES1,-1228,-3346,0.5935443376533744
Neftel MES1,-1474,-827,-0.02812559783596269
Neftel MES1,-2027,-2126,0.3642364936861121
Neftel MES1,-2735,-2585,0.16005898673687147
Neftel MES1,-1099,-1172,0.20357200394264408
Neftel MES1,-939,-1391,0.14295132613732775
Neftel MES1,-1261,-1139,0.03174342635458027
Neftel MES1,-1058,-2508,0.3453850155001366
Neftel MES1,-3548,-2857,0.0417232226549773
Neftel MES1,-2940,-1527,0.019630692923984783
Neftel MES1,-566,-1985,0.6922407351993266
Neftel MES1,-2950,-2459,-0.1293106192170591
Neftel MES1,-2244,-2124,0.10907970237021825
Neftel MES1,-687,-3227,0.9577728133053509
Neftel MES1,-2453,-1438,-0.05492469339831674
Neftel MES1,-2307,-3086,0.6357318242533945
Neftel MES1,-1765,-2905,0.6053603306519639
Neftel MES1,-3115,-2799,0.018476192585711426
Neftel MES1,-1881,-3774,0.7639911136692052
Neftel MES1,-2893,-2180,0.21277464978345795
Neftel MES1,-1260,-1077,-0.014023133654063713
Neftel MES1,-2950,-2521,0.205045693806731
Neftel MES1,-1373,-1511,0.17520691325813276
Neftel MES1,-3711,-2948,0.33616493700321426
Neftel MES1,-3439,-2796,0.1894319752362459
Neftel MES1,-2291,-1471,-0.04836638832210205
Neftel MES1,-625,-2450,1.081393307758651
Neftel MES1,-894,-2292,1.0122454869008828
Neftel MES1,-3545,-2546,0.12605847473372667
Neftel MES1,-454,-1551,0.3996266216792107
Neftel MES1,-2576,-2991,0.0032615690604952396
Neftel MES1,-3424,-1242,-0.053980072013351754
Neftel MES1,-1605,-3124,0.7199750193824156
Neftel MES1,-2178,-913,0.19903274434516904
Neftel MES1,-3387,-2952,0.2707141537962088
Neftel MES1,-2959,-3453,0.4921719729266256
Neftel MES1,-1544,-2473,0.9016250235645608
Neftel MES1,-885,-1360,0.06953491121299449
Neftel MES1,-3551,-3168,0.6021536971234814
Neftel MES1,-2015,-883,0.012542392781219491
Neftel MES1,-1932,-3432,0.6507949490279856
Neftel MES1,-2188,-1969,0.11237954734598454
Neftel MES1,-1810,-2066,0.7266436056380469
Neftel MES1,-1878,-3463,0.7208759901023094
Neftel MES1,-1368,-1014,0.019697754483035457
Neftel MES1,-1258,-891,-0.3035019712513388
Neftel MES1,-2725,-1591,-0.16402582315835856
Neftel MES1,-1771,-3589,1.0290514057765425
Neftel MES1,-1547,-2783,0.867154697250138
Neftel MES1,-1923,-2562,0.5022537955068496
Neftel MES1,-789,-2666,0.8615748672120206
Neftel MES1,-2624,-2338,-0.07295607738056942
Neftel MES1,-2476,-3737,0.3817477980286526
Neftel MES1,-3546,-2670,0.03689481356744684
Neftel MES1,-3332,-2859,0.2686658490580369
Neftel MES1,-3040,-594,0.031693580483184935
Neftel MES1,-3799,-897,0.1362111219698855
Neftel MES1,-3419,-745,0.22803365055871694
Neftel MES1,-3554,-3416,0.744093808353268
Neftel MES1,-1444,-3281,0.6679486174993836
Neftel MES1,-2301,-2465,0.015645580661277636
Neftel MES1,-2312,-3584,0.9452276670860045
Neftel MES1,-877,-615,-0.13164402734814068
Neftel MES1,-2781,-1808,-0.011177810085072792
Neftel MES1,-3171,-2954,0.1795754265081856
Neftel MES1,-1003,-2416,0.6979655184099459
Neftel MES1,-1373,-1573,0.2540581670275076
Neftel MES1,-2083,-2281,0.382489090584634
Neftel MES1,-3049,-1588,-0.1941464052888533
Neftel MES1,-2194,-2590,0.2647553722280278
Neftel MES1,-1496,-3125,0.7646671617856926
Neftel MES1,-2888,-1683,-0.08365454256254456
Neftel MES1,-1546,-2659,0.9718961694750144
Neftel MES1,-2782,-1870,-0.02411874398685554
Neftel MES1,-3498,-3261,0.8555037176649575
Neftel MES1,-851,-3505,0.8226738274988062
Neftel MES1,-1660,-3279,0.6889068075259612
Neftel MES1,-2517,-2401,0.1196891826784523
Neftel MES1,-3796,-586,0.07395589671823
Neftel MES1,-1753,-1725,0.4203701253317711
Neftel MES1,-2723,-1405,0.12148032634699524
Neftel MES1,-2338,-756,0.09418938874934701
Neftel MES1,-686,-3164,0.8954146149202338
Neftel MES1,-3109,-2178,0.14651351017673464
Neftel MES1,-2567,-1996,0.02997712340585801
Neftel MES1,-3746,-991,0.2197685269233557
Neftel MES1,-2783,-2057,0.020917715605043963
Neftel MES1,-2452,-1376,0.013874391006879594
Neftel MES1,-2837,-2025,-0.05340544060991159
Neftel MES1,-728,-1952,0.8931260890599526
Neftel MES1,-2734,-2523,-0.14055360589771593
Neftel MES1,-1652,-2471,0.8340196810785888
Neftel MES1,-774,-1113,-0.17660724881874867
Neftel MES1,-1759,-2346,0.8106287073533415
Neftel MES1,-3224,-2922,0.20990396169262027
Neftel MES1,-2231,-819,0.1435215343122902
Neftel MES1,-1959,-666,0.22279002668672854
Neftel MES1,-881,-988,-0.057433084736951634
Neftel MES1,-3803,-1270,0.12630431998961533
Neftel MES1,-960,-3503,0.9295458784106183
Neftel MES1,-878,-677,0.015760212741875668
Neftel MES1,-3384,-2641,0.2940594467304447
Neftel MES1,-554,-680,0.014054085879278366
Neftel MES1,-1277,-2817,0.6176948198701564
Neftel MES1,-1259,-953,0.1538966658508676
Neftel MES1,-1989,-3711,0.33989242051873847
Neftel MES1,-3709,-2700,0.20524555427890678
Neftel MES1,-1819,-2936,0.6334555148809439
Neftel MES1,-1219,-2351,0.49888969256460547
Neftel MES1,-1809,-1942,0.547595126008632
Neftel MES1,-1594,-2006,0.6850900732393211
Neftel MES1,-2013,-697,0.21557918871649273
Neftel MES1,-1273,-2382,0.4861578301551768
Neftel MES1,-3210,-1493,0.031728951214958445
Neftel MES1,-3809,-1891,-0.09034755238903125
Neftel MES1,-3012,-3297,0.5548997766455535
Neftel MES1,-1752,-1663,0.2616138364866215
Neftel MES1,-1272,-2258,0.16727452709313473
Neftel MES1,-2784,-2119,-0.013166878871408993
Neftel MES1,-1473,-764,-0.10614922460603315
Neftel MES1,-3583,-899,0.4086165251953682
Neftel MES1,-1864,-1972,0.290281255705638
Neftel MES1,-1762,-2595,0.5789791048254158
Neftel MES1,-622,-2202,0.4245234446399062
Neftel MES1,-2742,-3393,0.26257007960377154
Neftel MES1,-2089,-2902,0.23841716113014444
Neftel MES1,-1443,-3157,1.1341299047378317
Neftel MES1,-2304,-2776,0.2793206715697135
Neftel MES1,-1534,-1478,0.13709095916060632
Neftel MES1,-3657,-2918,0.23639842221785312
Neftel MES1,-3258,-778,0.20628685618864684
Neftel MES1,-2356,-2620,0.062167798874031566
Neftel MES1,-1441,-3033,0.8422573957768549
Neftel MES1,-1868,-2469,0.46608849961179943
Neftel MES1,-2177,-851,0.0334522476388357
Neftel MES1,-905,-3473,0.8687984614801796
Neftel MES1,-633,-3320,0.7611588519038579
Neftel MES1,-3697,-1519,0.014006401318777728
Neftel MES1,-2851,-3392,0.558141363222087
Neftel MES1,-2849,-3205,0.30542071609643895
Neftel MES1,-1365,-703,-0.1460155688505005
Neftel MES1,-2884,-1248,0.016706333813788277
Neftel MES1,-1651,-2347,0.6038233517452722
Neftel MES1,-2953,-2769,-0.011468809261107826
Neftel MES1,-679,-2419,0.8013094781481568
Neftel MES1,-1210,-1482,0.11056962798731806
Neftel MES1,-1258,-829,0.06124118733666983
Neftel MES1,-2733,-2399,0.06514623430265942
Neftel MES1,-1418,-610,0.0205139506963542
Neftel MES1,-1600,-2627,0.775964255704752
Neftel MES1,-1658,-3031,0.9445128841310598
Neftel MES1,-1167,-2632,0.3839813173227364
Neftel MES1,-1011,-3285,0.9196216421739997
Neftel MES1,-2562,-1499,-0.12585687649331612
Neftel MES1,-4067,-677,0.0024405714798944045
Neftel MES1,-1377,-1946,0.6685638951586432
Neftel MES1,-1610,-3684,0.3331864370694172
Neftel MES1,-1774,-3837,0.7449882552606871
Neftel MES1,-1432,-2101,0.814960232079829
Neftel MES1,-2412,-2775,0.2146083770865227
Neftel MES1,-1387,-3002,0.8879225063818356
Neftel MES1,-787,-2480,0.8652002345400266
Neftel MES1,-3962,-927,0.11127268822551617
Neftel MES1,-1542,-2224,0.8775476517106013
Neftel MES1,-3591,-1707,0.13027341994417507
Neftel MES1,-825,-771,0.2538714710847544
Neftel MES1,-3438,-2672,0.07881973369458739
Neftel MES1,-1858,-1351,0.1308953710661218
Neftel MES1,-2895,-2428,-0.12541079827137658
Neftel MES1,-1803,-1320,0.1626483011084171
Neftel MES1,-3634,-557,0.2997602527803006
Neftel MES1,-1646,-1788,0.5186647669623284
Neftel MES1,-938,-1329,-0.05575807548111378
Neftel MES1,-2344,-1377,0.27068449826013585
Neftel MES1,-741,-3257,0.8495559563817392
Neftel MES1,-903,-3287,1.177473119679946
Neftel MES1,-2081,-2094,0.16652621242789867
Neftel MES1,-845,-2821,0.7978896172548944
Neftel MES1,-1046,-1266,0.10586261559737087
Neftel MES1,-3204,-810,0.14994506721579126
Neftel MES1,-2204,-3647,0.4593595377848487
Neftel MES1,-2295,-1906,0.4155122939863468
Neftel MES1,-1743,-669,0.06515377686642021
Neftel MES1,-2314,-3770,0.703808268231754
Neftel MES1,-1227,-3221,0.7968017653661852
Neftel MES1,-1163,-2197,0.3617549332117988
Neftel MES1,-2024,-1753,0.03922336185871689
Neftel MES1,-1171,-3004,1.0742837396131377
Neftel MES1,-3374,-1647,-0.08425145289743763
Neftel MES1,-3265,-1524,-0.06761566022363641
Neftel MES1,-3526,-558,-0.004548200663997748
Neftel MES1,-2578,-3177,0.4259187478899623
Neftel MES1,-1439,-2784,0.7756584550281966
Neftel MES1,-2336,-570,0.04292488913990278
Neftel MES1,-2945,-2024,-0.18764858481285174
Neftel MES1,-2024,-1815,0.14632300516332863
Neftel MES1,-630,-3010,1.0887099268527636
Neftel MES1,-1065,-3192,1.1218872389414634
Neftel MES1,-1008,-2913,0.9294593261240527
Neftel MES1,-3427,-1491,0.22116204952084906
Neftel MES1,-880,-926,0.10452905236312393
Neftel MES1,-2776,-1311,0.025030962152886915
Neftel MES1,-2839,-2211,0.3475326608125996
Neftel MES1,-1114,-2663,0.46337185946864995
Neftel MES1,-718,-958,0.26402326949033694
Neftel MES1,-987,-738,4.1808272975141225e-4
Neftel MES1,-1487,-2131,0.9438677294785803
Neftel MES1,-1375,-1760,0.6877037418920299
Neftel MES1,-1225,-3035,1.0757938885047382
Neftel MES1,-633,-3258,1.0144605042819492
Neftel MES1,-1377,-2008,0.8325468051840664
Neftel MES1,-3596,-2266,0.18112940982078152
Neftel MES1,-889,-1858,0.9338941128173168
Neftel MES1,-2899,-2863,0.3076121567391986
Neftel MES1,-2850,-3330,0.4293787702930044
Neftel MES1,-2132,-1752,0.0021284686185053525
Neftel MES1,-1384,-2629,0.8277326075109857
Neftel MES1,-3331,-2797,0.1425810006501903
Neftel MES1,-2573,-2680,0.07325910796908608
Neftel MES1,-450,-1116,0.2400367205426719
Neftel MES1,-731,-2263,0.883872776944363
Neftel MES1,-2581,-3488,0.8542544694420139
Neftel MES1,-1818,-2874,0.6490289938316177
Neftel MES1,-2556,-878,0.06716721961405492
Neftel MES1,-3322,-1803,0.2424691977352741
Neftel MES1,-828,-1144,0.48703203763779335
Neftel MES1,-1066,-3316,1.052410767225038
Neftel MES1,-1155,-1327,-0.061621516697875744
Neftel MES1,-3334,-3107,0.4450970867378714
Neftel MES1,-905,-3411,0.8109318101506184
Neftel MES1,-1930,-3245,0.7261937248978552
Neftel MES1,-732,-2325,0.7840528323335806
Neftel MES1,-1978,-2593,0.5127738636968108
Neftel MES1,-3419,-683,0.25458291729094185
Neftel MES1,-2410,-2526,0.1519183379101372
Neftel MES1,-773,-989,0.16492988961995292
Neftel MES1,-2676,-2120,-0.08178445188631611
Neftel MES1,-1750,-1414,0.019736070931416272
Neftel MES1,-2201,-3336,0.6451091129972777
Neftel MES1,-688,-3351,0.9745006104975531
Neftel MES1,-3856,-1176,0.2487628689010224
Neftel MES1,-2084,-2405,0.044054142224124626
Neftel MES1,-1490,-2442,0.610262574357974
Neftel MES1,-3760,-2420,-0.00815471494966924
Neftel MES1,-453,-1489,0.5348342323814493
Neftel MES1,-2953,-2832,0.09003921180734742
Neftel MES1,-3645,-1737,0.07394627549519683
Neftel MES1,-3494,-2888,0.49810303118400423
Neftel MES1,-2464,-2557,0.0720215665308317
Neftel MES1,-937,-1142,0.22925978527853563
Neftel MES1,-1391,-3375,0.6758256782408808
Neftel MES1,-3311,-684,-0.020738755795960073
Neftel MES1,-2555,-816,0.0010260477739008067
Neftel MES1,-3640,-1240,0.07944757164323257
Neftel MES1,-1004,-2478,0.5545101296764678
Neftel MES1,-1322,-1915,0.620394388583735
Neftel MES1,-1498,-3250,0.46187964023638
Neftel MES1,-3267,-1772,0.12512199804440227
Neftel MES1,-3442,-3044,0.3756943032659339
Neftel MES1,-835,-1827,0.9234162684149468
Neftel MES1,-957,-3193,1.3630063017324647
Neftel MES1,-1868,-2407,0.616358367162861
Neftel MES1,-897,-2665,0.4903067772699173
Neftel MES1,-1287,-3811,0.7038626639044957
Neftel MES1,-797,-3474,0.9986419226225628
Neftel MES1,-3267,-1710,9.233888073656438e-4
Neftel MES1,-2940,-1465,-0.05070780871217051
Neftel MES1,-1317,-1356,0.07940769624060051
Neftel MES1,-1493,-2815,0.633731548391242
Neftel MES1,-1385,-2754,0.9263220363836204
Neftel MES1,-1713,-3185,0.799840797411094
Neftel MES1,-2183,-1472,0.017504701040803816
Neftel MES1,-568,-2109,0.760510764927701
Neftel MES1,-1710,-2813,0.794053154109526
Neftel MES1,-2079,-1908,0.30212389174674403
Neftel MES1,-2691,-3611,0.86842409124623
Neftel MES1,-2070,-914,-0.13865692661681572
Neftel MES1,-3050,-1712,-0.08101300306265691
Neftel MES1,-1202,-612,-0.11839937273067458
Neftel MES1,-798,-3536,0.7630976465335604
Neftel MES1,-2415,-3085,0.4634296030793752
Neftel MES1,-3391,-3387,0.6036770041749258
Neftel MES1,-2298,-2154,4.554020459769381e-4
Neftel MES1,-684,-2916,1.222663564648009
Neftel MES1,-2516,-2339,-0.22568307321602799
Neftel MES1,-1007,-2788,0.6353078526404543
Neftel MES1,-3429,-1677,-0.030523697523528126
Neftel MES1,-1228,-3283,0.9178987629425105
Neftel MES1,-3008,-2862,0.16470894298339978
Neftel MES1,-1431,-1914,0.9272719964818348
Neftel MES1,-2243,-2062,0.19989294114422806
Neftel MES1,-1535,-1541,-0.0926751554714027
Neftel MES1,-1152,-1016,0.01434770515989614
Neftel MES1,-3281,-3201,0.45402178987479624
Neftel MES1,-3271,-2145,-0.10490231702526998
Neftel MES1,-2096,-3648,0.7471799720040688
Neftel MES1,-3108,-2115,-0.04829540044374192
Neftel MES1,-3165,-2332,0.22366066227954395
Neftel MES1,-1817,-2749,0.6285979975952113
Neftel MES1,-3324,-2051,0.015392794645470609
Neftel MES1,-898,-2727,0.7752914822400107
Neftel MES1,-1810,-2004,0.6075853299938385
Neftel MES1,-3202,-623,-0.09620136550285474
Neftel MES1,-1928,-2997,0.6290372706851209
Neftel MES1,-572,-2544,1.3199199538245117
Neftel MES1,-1011,-3223,1.2311168092517661
Neftel MES1,-1657,-2969,0.6413866301409978
Neftel MES1,-1230,-3532,0.8334628492808103
Neftel MES1,-3268,-1896,-0.12075829587852627
Neftel MES1,-2392,-724,0.17529947403642476
Neftel MES1,-2192,-2404,0.1130354110638927
Neftel MES1,-1931,-3370,0.5944393980748659
Neftel MES1,-1160,-1886,0.7492902227041103
Neftel MES1,-2992,-1247,0.19559047165853416
Neftel MES1,-2129,-1442,-8.087303936950008e-4
Neftel MES1,-1119,-3222,0.8476349434332016
Neftel MES1,-2787,-2429,0.130887825540965
Neftel MES1,-2512,-1904,0.03132501895962503
Neftel MES1,-3426,-1429,0.04233831241040742
Neftel MES1,-3061,-2831,0.05941600470722319
Neftel MES1,-501,-836,0.2151506235391436
Neftel MES1,-3851,-679,0.04931875257358742
Neftel MES1,-1533,-1354,0.03993426176483694
Neftel MES1,-1310,-611,-0.22206945838652686
Neftel MES1,-1769,-3402,0.7668583226934604
Neftel MES1,-616,-1518,0.31600149114719955
Neftel MES1,-1772,-3651,0.8131798032437707
Neftel MES1,-2824,-658,-0.04013079918406959
Neftel MES1,-723,-1455,0.43160634070480974
Neftel MES1,-2681,-2617,-0.12404744975787063
Neftel MES1,-1767,-3154,0.8465299524386072
Neftel MES1,-1262,-1264,0.17115327676399839
Neftel MES1,-1213,-1730,0.8115034138178278
Neftel MES1,-3229,-3419,1.043718486622299
Neftel MES1,-1974,-2158,0.27493140904573143
Neftel MES1,-1804,-1383,-0.019466364584600937
Neftel MES1,-2365,-3490,0.9198940512422836
Neftel MES1,-3548,-2795,0.34193164130076814
Neftel MES1,-729,-2014,1.0543402143623772
Neftel MES1,-1104,-1669,0.5301512808359772
Neftel MES1,-3418,-559,0.28003231105247284
Neftel MES1,-3705,-2265,0.16437844690519499
Neftel MES1,-2400,-1532,0.23927923285136243
Neftel MES1,-2518,-2525,0.16369948160759673
Neftel MES1,-666,-1114,0.12230981255307938
Neftel MES1,-2351,-2061,-0.04446406924955004
Neftel MES1,-1803,-1258,-0.09400264833484862
Neftel MES1,-3322,-1865,0.037604426241262257
Neftel MES1,-1225,-2973,1.0429053372474755
Neftel MES1,-1431,-1976,0.845590928587799
Neftel MES1,-2832,-1528,0.012755792382553977
Neftel MES1,-1394,-3748,0.25972861337635
Neftel MES1,-2732,-2275,0.03801720684025267
Neftel MES1,-2992,-1309,0.006285302930793102
Neftel MES1,-901,-3038,0.8145922108486146
Neftel MES1,-1203,-798,0.067869978648599
Neftel MES1,-1006,-2726,0.9197004484122039
Neftel MES1,-3230,-3481,0.5287493465489806
Neftel MES1,-1206,-1047,0.3172120211751259
Neftel MES1,-3337,-3418,0.6323454402486135
Neftel MES1,-558,-1177,-0.0483164600184961
Neftel MES1,-1161,-1948,0.7136478692890005
Neftel MES1,-2678,-2368,-0.11070023944457918
Neftel MES1,-1637,-918,0.10920748606332153
Neftel MES1,-1394,-3686,0.5830558643851059
Neftel MES1,-1906,-822,0.14398147312438436
Neftel MES1,-2421,-3645,0.6486605758632681
Neftel MES1,-998,-1919,0.8113738765455973
Neftel MES1,-682,-2729,0.9608987338905866
Neftel MES1,-3604,-3012,0.6302090520061842
Neftel MES1,-1547,-2721,0.9425480561323359
Neftel MES1,-736,-2760,0.7094702879676169
Neftel MES1,-2721,-1218,-0.0035651968141920953
Neftel MES1,-1826,-3619,0.7559343720219228
Neftel MES1,-1220,-2538,0.6420544664156707
Neftel MES1,-1057,-2446,0.83373811023401
Neftel MES1,-1327,-2350,0.15393006579375956
Neftel MES1,-1634,-607,0.14011167622318732
Neftel MES1,-3442,-3106,0.49809092965152657
Neftel MES1,-1551,-3218,0.9989253792850838
Neftel MES1,-2845,-2833,0.0947093253127883
Neftel MES1,-3582,-775,0.15187622513220012
Neftel MES1,-1816,-2625,0.3727620282841173
Neftel MES1,-3337,-3356,0.5782071482575534
Neftel MES1,-3065,-3203,0.568020929084158
Neftel MES1,-1437,-2598,0.9356912514650926
Neftel MES1,-1812,-2190,0.6643936195238663
Neftel MES1,-681,-2667,1.0228014552687796
Neftel MES1,-667,-1238,0.20759360228088874
Neftel MES1,-1045,-1141,0.06621737702634256
Neftel MES1,-1098,-1048,0.11596642689560477
Neftel MES1,-1768,-3216,0.8781420415287087
Neftel MES1,-684,-2978,0.8956023423654622
Neftel MES1,-1263,-1388,0.03936733511673174
Neftel MES1,-3108,-2053,0.11244007016468494
Neftel MES1,-1594,-2068,0.9929377394282428
Neftel MES1,-934,-894,0.002011864837311861
Neftel MES1,-564,-1736,0.39942064560505675
Neftel MES1,-2077,-1722,0.1996977861239274
Neftel MES1,-961,-3690,0.827849671391436
Neftel MES1,-3217,-2177,-0.08315450041915295
Neftel MES1,-1490,-2504,0.9343346771153895
Neftel MES1,-2196,-2777,0.3400135433028628
Neftel MES1,-1162,-2072,0.720850800982731
Neftel MES1,-1150,-830,0.12090312914189105
Neftel MES1,-1904,-574,0.17927404816477466
Neftel MES1,-2241,-1875,0.6044457324210278
Neftel MES1,-1173,-3191,1.0790786175184288
Neftel MES1,-2405,-2091,0.12057970840115495
Neftel MES1,-1446,-3468,0.6066451411081011
Neftel MES1,-1486,-2007,0.8579036224010047
Neftel MES1,-1984,-3214,0.7690938291327057
Neftel MES1,-2514,-2090,0.03131609349123221
Neftel MES1,-831,-1454,0.13128878989849124
Neftel MES1,-3013,-3421,0.20008610259046378
Neftel MES1,-3365,-715,0.12453774120814964
Neftel MES1,-3213,-1804,0.0968352430777647
Neftel MES1,-2413,-2899,0.22664666611098627
Neftel MES1,-1332,-2910,1.001951000719628
Neftel MES1,-2939,-1403,-0.12115126095395146
Neftel MES1,-612,-1146,0.22760696819467796
Neftel MES1,-2505,-1220,0.2834210552163159
Neftel MES1,-3212,-1680,-0.04572117169494305
Neftel MES1,-1640,-1229,0.012858851333051313
Neftel MES1,-1930,-3183,0.5954773869317107
Neftel MES1,-2410,-2588,0.3495147006284408
Neftel MES1,-888,-1671,0.8320837243344217
Neftel MES1,-2397,-1221,0.10361837470348068
Neftel MES1,-1963,-1101,-0.08755553739028121
Neftel MES1,-1866,-2221,0.8082571047549706
Neftel MES1,-1878,-3401,0.7497574231025129
Neftel MES1,-2663,-815,0.03368936873688899
Neftel MES1,-938,-1267,0.14650967542037052
Neftel MES1,-1714,-3248,0.5834957357705629
Neftel MES1,-3598,-2390,0.2207699272834791
Neftel MES1,-1170,-2942,0.7948021106393188
Neftel MES1,-3149,-717,0.06739957655086792
Neftel MES1,-2043,-3741,0.3846247965582722
Neftel MES1,-2120,-572,0.13952210814717303
Neftel MES1,-3635,-681,0.1674446853813173
Neftel MES1,-1382,-2505,0.6560072336514287
Neftel MES1,-1206,-1109,-0.04523941761205108
Neftel MES1,-988,-924,0.16512005541450903
Neftel MES1,-1159,-1762,0.9483668241113562
Neftel MES1,-3112,-2488,-0.025287673797567578
Neftel MES1,-2474,-3613,1.0673956832401308
Neftel MES1,-781,-1859,0.6555165445833138
Neftel MES1,-2298,-2217,0.25293734051484706
Neftel MES1,-1539,-1913,0.6786940065938878
Neftel MES1,-2127,-1255,-0.08089793671594292
Neftel MES1,-2133,-1876,0.04460517362320027
Neftel MES1,-2186,-1783,0.4636711545215787
Neftel MES1,-3385,-2765,0.07706989254358809
Neftel MES1,-2255,-3304,0.5151636627465962
Neftel MES1,-2725,-1653,0.006974675489921811
Neftel MES1,-843,-2635,0.7826889529895338
Neftel MES1,-622,-2140,0.6265164782072291
Neftel MES1,-3646,-1800,0.044908300791298594
Neftel MES1,-2509,-1593,0.23760023488914706
Neftel MES1,-3040,-656,0.3170135744850714
Neftel MES1,-1557,-3839,0.653833386448945
Neftel MES1,-3205,-934,0.11665027701770914
Neftel MES1,-2686,-3114,0.15370339499930608
Neftel MES1,-2826,-907,0.08996595054110557
Neftel MES1,-1494,-2877,0.6682087999894313
Neftel MES1,-3060,-2644,-0.06148112184015919
Neftel MES1,-1009,-3037,0.8525258831220739
Neftel MES1,-1430,-1852,0.8103061938834695
Neftel MES1,-1425,-1293,0.20679382054536988
Neftel MES1,-511,-1830,0.4690946287884964
Neftel MES1,-932,-645,0.34326262902151317
Neftel MES1,-1748,-1228,0.18421808784240035
Neftel MES1,-2561,-1437,-0.05662465690634699
Neftel MES1,-3483,-1770,-0.05142329641223908
Neftel MES1,-1649,-2161,0.8546526233060748
Neftel MES1,-2770,-690,0.2951333327053035
Neftel MES1,-555,-867,0.15940512296534282
Neftel MES1,-2932,-657,0.06648212890317873
Neftel MES1,-937,-1205,-0.07450706748734803
Neftel MES1,-3641,-1302,-0.04491613981387643
Neftel MES1,-1473,-702,-0.03911542370119592
Neftel MES1,-1269,-1947,0.9051863349269349
Neftel MES1,-2078,-1784,0.07874341192510004
Neftel MES1,-2448,-941,0.11503216780334846
Neftel MES1,-1152,-1078,0.1272367394340247
Neftel MES1,-2613,-1157,0.031770381086583144
Neftel MES1,-2236,-1316,-0.06666412339710714
Neftel MES1,-2933,-719,0.0878110270240472
Neftel MES1,-737,-2822,0.6294931496115109
Neftel MES1,-1042,-893,-0.003920352403338212
Neftel MES1,-510,-1706,0.5439229654529038
Neftel MES1,-3110,-2302,0.09298794732114901
Neftel MES1,-1318,-1418,0.1381812641498924
Neftel MES1,-3061,-2768,0.16201811156738188
Neftel MES1,-3689,-712,0.1266748662691518
Neftel MES1,-1586,-1260,0.05675420398413755
Neftel MES1,-1260,-1015,-0.009557809474827428
Neftel MES1,-2181,-1224,-0.08615175786416618
Neftel MES1,-3317,-1368,-0.11694560269458709
Neftel MES1,-1123,-3595,0.677336860132721
Neftel MES1,-630,-2947,1.1460006134110028
Neftel MES1,-734,-2511,0.7832286668495413
Neftel MES1,-2421,-3707,0.6733477957045577
Neftel MES1,-2451,-1190,-0.0308369278334657
Neftel MES1,-2360,-2931,0.3788336500866163
Neftel MES1,-1912,-1381,0.2250586825798654
Neftel MES1,-3438,-2609,0.30068212810175354
Neftel MES1,-627,-2637,1.1958743000299505
Neftel MES1,-3313,-933,0.20198140689001098
Neftel MES1,-1110,-2290,0.4905300802107914
Neftel MES1,-1231,-3594,0.36518688920386555
Neftel MES1,-2717,-783,-0.25311734425089033
Neftel MES1,-2501,-848,0.07300534418969817
Neftel MES1,-3797,-649,0.29223950180279534
Neftel MES1,-3161,-1960,-0.033589195898395485
Neftel MES1,-2128,-1379,0.23495477342324889
Neftel MES1,-2019,-1256,-0.07285194967566866
Neftel MES1,-2842,-2522,0.11953828544347744
Neftel MES1,-737,-2884,0.9900528648286351
Neftel MES1,-2942,-1651,-0.057592549539641436
Neftel MES1,-510,-1768,0.5394464831837358
Neftel MES1,-1698,-1570,0.17500441134517475
Neftel MES1,-3543,-2298,0.02195184705547415
Neftel MES1,-3526,-620,0.4591916402677215
Neftel MES1,-1164,-2321,0.7252589991262057
Neftel MES1,-2934,-905,0.2615776383515943
Neftel MES1,-1271,-2196,0.40011725636811735
Neftel MES1,-2143,-2933,0.423779892524492
Neftel MES1,-2363,-3241,0.7402390951191591
Neftel MES1,-2454,-1563,0.21326584814621463
Neftel MES1,-771,-802,0.28402891309765443
Neftel MES1,-3430,-1864,-0.08010947430100879
Neftel MES1,-2198,-2963,0.6169713162520569
Neftel MES1,-1049,-1638,0.4299208147371457
Neftel MES1,-3264,-1399,0.150941400785931
Neftel MES1,-1054,-2073,0.6163133648067991
Neftel MES1,-1720,-3869,0.7194670797217044
Neftel MES1,-2996,-1682,0.1367390079067552
Neftel MES1,-1498,-3312,0.49372111817843306
Neftel MES1,-2559,-1251,0.07277888276671873
Neftel MES1,-1172,-3129,0.8288689772878853
Neftel MES1,-2681,-2679,0.24306846345639876
Neftel MES1,-3066,-3328,0.6318694571209841
Neftel MES1,-1554,-3467,0.5876174919728885
Neftel MES1,-505,-1271,0.11528173825881671
Neftel MES1,-3157,-1587,0.1963036539013503
Neftel MES1,-1265,-1574,0.3632148389762634
Neftel MES1,-1865,-2097,0.6017479606547427
Neftel MES1,-2363,-3303,0.4405559041254312
Neftel MES1,-3151,-903,0.04940977726897866
Neftel MES1,-1061,-2819,0.621117070022094
Neftel MES1,-3388,-3076,0.4552217700349148
Neftel MES1,-3377,-1958,-0.04551625498048806
Neftel MES1,-3637,-868,0.08591306777998087
Neftel MES1,-3758,-2171,-0.05501972544115219
Neftel MES1,-1441,-2971,0.8939954999099237
Neftel MES1,-3749,-1301,-0.03268693396713962
Neftel MES1,-1979,-2717,0.1536128969088525
Neftel MES1,-3905,-647,0.11746446557209766
Neftel MES1,-3201,-561,0.3204324036843468
Neftel MES1,-1320,-1667,0.48568461864164325
Neftel MES1,-1935,-3743,0.5325742600212163
Neftel MES1,-1879,-3588,0.7919366294670868
Neftel MES1,-940,-1515,0.337439471269106
Neftel MES1,-896,-2541,0.7168531644876115
Neftel MES1,-2184,-1596,0.12463056955007146
Neftel MES1,-4016,-957,-0.07300600849744487
Neftel MES1,-2447,-817,0.028093533545339056
Neftel MES1,-1223,-2786,0.6795796519411361
Neftel MES1,-575,-2855,1.1662250783237607
Neftel MES1,-1386,-2878,0.919018680478468
Neftel MES1,-1554,-3529,0.411407575997439
Neftel MES1,-3490,-2391,-0.021710714582334423
Neftel MES1,-2633,-3208,0.5315034222955713
Neftel MES1,-2123,-882,-0.016442266559933194
Neftel MES1,-1656,-2844,0.7707068870996331
Neftel MES1,-3209,-1369,0.17130880118253766
Neftel MES1,-2239,-1689,0.3525175852454637
Neftel MES1,-1224,-2911,1.1504388515150872
Neftel MES1,-3274,-2456,0.10799757754741357
Neftel MES1,-2416,-3210,0.37076914018774065
Neftel MES1,-1655,-2782,0.5656478893794333
Neftel MES1,-1418,-672,-0.10018053789913084
Neftel MES1,-2841,-2460,0.020101544126299498
Neftel MES1,-2285,-850,0.11569011480604552
Neftel MES1,-829,-1206,0.2093796160717285
Neftel MES1,-1811,-2128,0.4118586628424372
Neftel MES1,-1971,-1909,0.1181650323710548
Neftel MES1,-3601,-2701,-0.01878763488738744
Neftel MES1,-2403,-1843,0.08891444620554967
Neftel MES1,-2560,-1313,0.07586049645829862
Neftel MES1,-1978,-2655,0.45623635257174633
Neftel MES1,-2355,-2496,0.34328312865446176
Neftel MES1,-4177,-800,-0.010925092715226903
Neftel MES1,-2229,-633,-0.039659616330354086
Neftel MES1,-612,-1083,0.15064854587393328
Neftel MES1,-3702,-2016,0.0957376324164475
Neftel MES1,-1440,-2846,0.9269821922118234
Neftel MES1,-3541,-2111,-0.02540722194517575
Neftel MES1,-1771,-3527,0.7582655695635008
Neftel MES1,-3528,-744,0.097767542844033
Neftel MES1,-1008,-2975,0.8365276361191292
Neftel MES1,-2617,-1592,0.03558197902075022
Neftel MES1,-3122,-3545,0.5613357471659387
Neftel MES1,-3054,-2085,0.10269319363769513
Neftel MES1,-1168,-2756,0.5397907577009171
Neftel MES1,-2175,-664,0.24612624537600303
Neftel MES1,-4285,-799,0.10283093640649044
Neftel MES1,-3962,-989,0.19308779969464512
Neftel MES1,-2185,-1658,0.12629840056328234
Neftel MES1,-3749,-1239,0.19285415006866125
Neftel MES1,-3748,-1177,0.1344135881310483
Neftel MES1,-2744,-3517,0.7954307493543834
Neftel MES1,-2906,-3485,0.4339162304205846
Neftel MES1,-2349,-1874,0.21103143251414258
Neftel MES1,-842,-2573,0.9667922426167943
Neftel MES1,-2989,-936,0.17951197661322782
Neftel MES1,-2877,-564,0.07554331561304595
Neftel MES1,-3096,-873,0.1556868681812119
Neftel MES1,-1661,-3341,0.4314403266995245
Neftel MES1,-2733,-2461,-0.02775261157072728
Neftel MES1,-1980,-2841,0.3749256412786104
Neftel MES1,-2825,-782,0.07484289361280327
Neftel MES1,-508,-1582,0.3174823283408672
Neftel MES1,-1641,-1353,0.007402473971376611
Neftel MES1,-986,-676,-0.07971831509457683
Neftel MES1,-1053,-2011,0.639571717991301
Neftel MES1,-1330,-2661,0.6779321205186932
Neftel MES1,-1154,-1265,0.14627748216775804
Neftel MES1,-1980,-2779,0.29243794443210225
Neftel MES1,-2468,-2992,0.13640073890778914
Neftel MES1,-2834,-1652,-0.08425920073865789
Neftel MES1,-3372,-1460,0.18410428124752587
Neftel MES1,-943,-1764,0.9249462813748962
Neftel MES1,-1876,-3215,0.9350702048665799
Neftel MES1,-2419,-3458,0.7321568087289998
Neftel MES1,-2567,-2059,0.06428624508550229
Neftel MES1,-3961,-864,0.13948479425903182
Neftel MES1,-780,-1672,0.3499597716411176
Neftel MES1,-2460,-2122,0.15281772936776228
Neftel MES1,-2884,-1310,0.0952484888493993
Neftel MES1,-1609,-3559,0.368680571868819
Neftel MES1,-3529,-931,0.18178276994568932
Neftel MES1,-3436,-2485,0.10743905831232248
Neftel MES1,-3494,-2826,0.4477533098373273
Neftel MES1,-1861,-1724,0.19637439031123594
Neftel MES1,-1688,-576,0.4513329040015577
Neftel MES1,-1644,-1602,0.06325149892157633
Neftel MES1,-1917,-1941,0.24855508764038603
Neftel MES1,-1804,-1445,0.09311799000714016
Neftel MES1,-2525,-3271,0.5440635485214934
Neftel MES1,-2529,-3644,0.9138062733051541
Neftel MES1,-841,-2386,1.1251418348416733
Neftel MES1,-903,-3224,1.173120216294015
Neftel MES1,-2573,-2618,5.14129682005704e-4
Neftel MES1,-1867,-2345,0.4875809060148274
Neftel MES1,-770,-678,-0.14348826943623605
Neftel MES1,-3042,-842,0.273765157004048
Neftel MES1,-720,-1145,0.02180453924750303
Neftel MES1,-1712,-3061,0.936048509300276
Neftel MES1,-3595,-2142,0.017210090117962484
Neftel MES1,-1388,-3064,0.8164903021803639
Neftel MES1,-4016,-895,0.10138974035933945
Neftel MES1,-1694,-1197,0.176969094981674
Neftel MES1,-2284,-725,0.04991390504454629
Neftel MES1,-2524,-3146,0.3709212735175943
Neftel MES1,-2737,-2834,0.56730413380853
Neftel MES1,-2615,-1406,-0.008547028918955979
Neftel MES1,-1691,-949,0.03673531171098887
Neftel MES1,-3604,-3074,0.7066901464688726
Neftel MES1,-3207,-1182,0.14785030868854154
Neftel MES1,-3425,-1305,0.21775136270834583
Neftel MES1,-670,-1487,0.41340796601880203
Neftel MES1,-3110,-2240,0.17021239070991556
Neftel MES1,-1548,-2907,0.9064941842909304
Neftel MES1,-1044,-1079,-0.1116704789695091
Neftel MES1,-2744,-3579,0.9525293850510551
Neftel MES1,-1928,-3059,0.5668015672620784
Neftel MES1,-1865,-2159,0.5744257416902201
Neftel MES1,-2459,-2060,0.029305185870851402
Neftel MES1,-2529,-3706,0.9264483390273843
Neftel MES1,-1158,-1700,0.49048866752434794
Neftel MES1,-1427,-1542,0.19212533628111628
Neftel MES1,-2463,-2432,0.2520650359683314
Neftel MES1,-1539,-1975,0.8167628385774359
Neftel MES1,-2186,-1721,0.14375719744046078
Neftel MES1,-619,-1829,0.5355516711189084
Neftel MES1,-1756,-2035,0.45755383264424565
Neftel MES1,-3593,-1893,0.28671374338470446
Neftel MES1,-2670,-1498,-0.09169582160906442
Neftel MES1,-1376,-1884,0.5992716417178913
Neftel MES1,-2092,-3213,0.7018908148350432
Neftel MES1,-3540,-2049,0.06479275878405089
Neftel MES1,-1365,-765,-0.02426552008522087
Neftel MES1,-632,-3134,0.9624119600127863
Neftel MES1,-2945,-1962,-0.2584950108449574
Neftel MES1,-2663,-753,0.0817760811237902
Neftel MES1,-3328,-2424,0.018784228295640304
Neftel MES1,-2519,-2649,0.1286977773482333
Neftel MES1,-957,-3255,1.1363212442647312
Neftel MES1,-2022,-1629,0.020838267115279696
Neftel MES1,-1423,-1107,-0.04964168139376968
Neftel MES1,-3658,-3042,0.6153163671214272
Neftel MES1,-3221,-2611,0.20894032062589618
Neftel MES1,-1012,-3348,1.1354628221785883
Neftel MES1,-1048,-1452,0.21023812522383367
Neftel MES1,-2149,-3492,0.9756216950585436
Neftel MES1,-2300,-2403,0.19070976790974437
Neftel MES1,-849,-3256,1.0003487658942114
Neftel MES1,-627,-2699,1.2936648462026334
Neftel MES1,-840,-2324,1.093448563780995
Neftel MES1,-4231,-831,0.18059168428191907
Neftel MES1,-2843,-2584,0.11386326955601833
Neftel MES1,-3067,-3390,0.5831992096551037
Neftel MES1,-1422,-1045,0.011058740289259017
Neftel MES1,-1652,-2409,0.8444101595255403
Neftel MES1,-2137,-2311,-0.05178500397249197
Neftel MES1,-1153,-1140,-0.06252075440787319
Neftel MES1,-2623,-2276,0.018333084740822847
Neftel MES1,-2146,-3243,0.6152976256588798
Neftel MES1,-559,-1239,-0.04062109333542974
Neftel MES1,-500,-712,0.02698904379311895
Neftel MES1,-3256,-592,0.25077906311025644
Neftel MES1,-2740,-3144,0.23972163871362084
Neftel MES1,-1608,-3435,0.4351736581970184
Neftel MES1,-1015,-3658,1.1414048865295836
Neftel MES1,-1820,-3060,0.9120878596801798
Neftel MES1,-3811,-2140,0.11434153475599257
Neftel MES1,-1388,-3126,0.7745395338205262
Neftel MES1,-2289,-1285,-0.12084902228534466
Neftel MES1,-2672,-1685,-0.011654454321227026
Neftel MES1,-3051,-1774,-0.13791385451777882
Neftel MES1,-1231,-3656,0.642293110019448
Neftel MES1,-1319,-1543,0.07707099412047269
Neftel MES1,-2042,-3617,0.46134234545339003
Neftel MES1,-1718,-3620,0.8225340737324213
Neftel MES1,-886,-1485,0.19681110736805418
Neftel MES1,-2506,-1345,0.0879478565469004
Neftel MES1,-853,-3691,0.7777001714051984
Neftel MES1,-3959,-616,0.1946754424244287
Neftel MES1,-963,-3814,0.660254996281237
Neftel MES1,-992,-1297,0.22838846782291022
Neftel MES1,-1149,-768,0.18119289216072598
Neftel MES1,-935,-956,0.14151900720391153
Neftel MES1,-1600,-2689,0.8954728063384474
Neftel MES1,-1115,-2787,0.6537054951741176
Neftel MES1,-785,-2231,1.0292108474593151
Neftel MES1,-2137,-2249,-0.00569632244484064
Neftel MES1,-988,-862,0.0519047107942856
Neftel MES1,-2947,-2148,-0.12441665589506279
Neftel MES1,-1313,-921,0.08490563976952803
Neftel MES1,-1000,-2105,0.9575974043828205
Neftel MES1,-1478,-1199,0.3172054835049458
Neftel MES1,-1039,-582,-0.057632746548963554
Neftel MES1,-1043,-1017,0.06747871823620977
Neftel MES1,-3804,-1332,-0.0016023856068760889
Neftel MES1,-2257,-3553,0.6077399862835515
Neftel MES1,-3316,-1244,0.18146236822946893
Neftel MES1,-3441,-2920,0.29027886772477285
Neftel MES1,-1274,-2506,0.8646490232516821
Neftel MES1,-2570,-2307,0.015281327626505359
Neftel MES1,-1226,-3159,1.1547255205606795
Neftel MES1,-2575,-2866,-0.0012819222805259267
Neftel MES1,-2508,-1531,-0.060759416100218844
Neftel MES1,-2738,-2958,0.3891104132592804
Neftel MES1,-883,-1174,0.0652036559659519
Neftel MES1,-3750,-1426,0.08178770322477202
Neftel MES1,-1916,-1816,0.1104957112984738
Neftel MES1,-3644,-1613,-0.02746239948119733
Neftel MES1,-3606,-3260,0.6139196136996323
Neftel MES1,-1175,-3377,0.7814638725069073
Neftel MES1,-2823,-596,0.05242593287717345
Neftel MES1,-2991,-1185,0.09863909630696921
Neftel MES1,-3495,-2951,0.2694368596312685
Neftel MES1,-2791,-2864,0.44433023591407317
Neftel MES1,-1016,-3720,0.9215290540889521
Neftel MES1,-1530,-981,0.005468689405122906
Neftel MES1,-2241,-1813,0.49640140414117606
Neftel MES1,-1111,-2415,0.849336541707018
Neftel MES1,-1391,-3437,0.5497642883539805
Neftel MES1,-2297,-2092,-0.06096388879587822
Neftel MES1,-3376,-1833,0.2603960196224956
Neftel MES1,-619,-1891,0.46971164933491993
Neftel MES1,-2347,-1688,0.06895294070753555
Neftel MES1,-2788,-2491,0.2673172672752592
Neftel MES1,-613,-1270,0.27031384250926804
Neftel MES1,-3698,-1644,0.022777790694484712
Neftel MES1,-1821,-3184,1.148507528939612
Neftel MES1,-3688,-587,0.20169834635007555
Neftel MES1,-2401,-1656,0.11705663556737933
Neftel MES1,-2041,-3493,0.6198994733308381
Neftel MES1,-3104,-1681,0.07827174257330394
Neftel MES1,-2791,-2802,0.43043239621485807
Neftel MES1,-746,-3754,0.7630532864114835
Neftel MES1,-607,-586,0.08120703115340827
Neftel MES1,-1914,-1630,0.23799596191516093
Neftel MES1,-1882,-3836,0.8084450524082706
Neftel MES1,-1534,-1416,0.09875633618956259
Neftel MES1,-3538,-1801,0.2154080204942822
Neftel MES1,-618,-1767,0.3850896969883555
Neftel MES1,-2094,-3399,0.7714500688222543
Neftel MES1,-683,-2854,1.290329347870756
Neftel MES1,-2452,-1314,0.23080530167412816
Neftel MES1,-2300,-2341,0.020970632808543166
Neftel MES1,-1063,-3068,0.9843289204094922
Neftel MES1,-722,-1331,0.2822086686626031
Neftel MES1,-3263,-1337,-0.08499048093072836
Neftel MES1,-1986,-3462,0.4856166400718528
Neftel MES1,-3647,-1862,0.17917473818997842
Neftel MES1,-2074,-1349,0.07159182277228027
Neftel MES1,-1869,-2531,0.5106006669581021
Neftel MES1,-960,-3566,0.8912536629451162
Neftel MES1,-776,-1362,0.05994188785581811
Neftel MES1,-2206,-3771,0.6194936731191272
Neftel MES1,-2683,-2865,0.5469989262736453
Neftel MES1,-507,-1457,0.242747692915938
Neftel MES1,-2248,-2621,-0.012806428974547979
Neftel MES1,-1664,-3714,0.5638046236966615
Neftel MES1,-3175,-3389,0.6468693107334418
Neftel MES1,-616,-1581,0.25561286834457586
Neftel MES1,-3547,-2733,0.17659276405334146
Neftel MES1,-3821,-3072,0.5648447255549366
Neftel MES1,-1172,-3066,0.9209546463377825
Neftel MES1,-2411,-2713,0.1677733852327764
Neftel MES1,-2240,-1751,0.2807290583219497
Neftel MES1,-3276,-2642,0.3444801835896326
Neftel MES1,-1817,-2687,0.5212597479765119
Neftel MES1,-1826,-3681,0.8343632420909938
Neftel MES1,-3743,-680,0.1411933313275373
Neftel MES1,-3753,-1736,-0.1944211738783539
Neftel MES1,-3284,-3450,0.6255007935487213
Neftel MES1,-2303,-2714,-0.027252239325924577
Neftel MES1,-2032,-2623,0.08656645616959724
Neftel MES1,-1002,-2291,0.5908649400241155
Neftel MES1,-3220,-2487,0.13703322386375993
Neftel MES1,-1124,-3719,0.48162392005416266
Neftel MES1,-2361,-3117,0.6343519352128663
Neftel MES1,-2121,-634,-0.060980114986115885
Neftel MES1,-2561,-1375,-0.017719160760665154
Neftel MES1,-2716,-721,0.14115056151679128
Neftel MES1,-1264,-1512,0.11542204270999634
Neftel MES1,-1717,-3558,0.5927876452987775
Neftel MES1,-1112,-2539,0.3006924752892647
Neftel MES1,-3101,-1370,-0.0870029338311874
Neftel MES1,-1851,-668,0.09512854610268084
Neftel MES1,-3657,-2980,0.5445192274205518
Neftel MES1,-1599,-2503,0.8598442235229622
Neftel MES1,-3154,-1276,0.387228110534376
Neftel MES1,-2727,-1777,-0.044019991197180475
Neftel MES1,-1435,-2411,0.7077792579631761
Neftel MES1,-1207,-1171,0.0422509757173648
Neftel MES1,-1048,-1514,0.4675554533281211
Neftel MES1,-3757,-2109,0.6164827584497508
Neftel MES1,-745,-3692,0.7924496104871673
Neftel MES1,-3366,-777,0.18817639256462815
Neftel MES1,-989,-987,0.07595086624069691
Neftel MES1,-1976,-2406,0.669234232064671
Neftel MES1,-1664,-3652,0.7459726170625578
Neftel MES1,-1708,-2688,0.5913571630203917
Neftel MES1,-3637,-930,-0.019258094831973604
Neftel MES1,-3653,-2545,0.22173888182901635
Neftel MES1,-3696,-1395,0.017104521882211343
Neftel MES1,-2631,-3083,-0.0820759251726445
Neftel MES1,-1379,-2132,0.8990670837959492
Neftel MES1,-3425,-1367,0.03271118549300367
Neftel MES1,-1611,-3808,0.49949168026438984
Neftel MES1,-3006,-2676,-0.13516278692425454
Neftel MES1,-2141,-2746,0.30908518620125613
Neftel MES1,-626,-2513,1.132230084100624
Neftel MES1,-1690,-762,-0.020012783171228787
Neftel MES1,-3478,-1211,0.14506166612513294
Neftel MES1,-2139,-2498,0.29317741566613154
Neftel MES1,-1169,-2818,0.6603760239864532
Neftel MES1,-3754,-1798,0.1361141761119551
Neftel MES1,-3327,-2362,-0.13012713785846053
Neftel MES1,-1438,-2722,0.8597749636164991
Neftel MES1,-2947,-2210,0.10369335378688849
Neftel MES1,-1612,-3870,0.6296805066271322
Neftel MES1,-2097,-3710,0.7363847288256303
Neftel MES1,-1209,-1357,-0.14182413582960163
Neftel MES1,-2125,-1069,0.09966585204759737
Neftel MES1,-3116,-2923,0.16149547489201443
Neftel MES1,-1216,-2103,0.7130404897346012
Neftel MES1,-3331,-2735,0.36520397428853113
Neftel MES1,-717,-772,0.2243012064980917
Neftel MES1,-1549,-2970,0.9953208495018959
Neftel MES1,-2572,-2494,0.26735401320630803
Neftel MES1,-2122,-758,0.11110552577983146
Neftel MES1,-847,-3070,0.8145774435431123
Neftel MES1,-2073,-1287,-0.0034688211506743727
Neftel MES1,-959,-3441,1.1766193572147765
Neftel MES1,-1283,-3376,0.9088380834331272
Neftel MES1,-3050,-1650,0.0679242739001491
Neftel MES1,-3278,-2891,0.26862208996202774
Neftel MES1,-1974,-2220,0.27872909169515614
Neftel MES1,-3120,-3296,0.7132126274382982
Neftel MES1,-3151,-966,0.2748079455752316
Neftel MES1,-3056,-2271,0.15759104722500938
Neftel MES1,-2993,-1371,0.04558868194594201
Neftel MES1,-1334,-3096,0.9986904501500514
Neftel MES1,-2418,-3334,0.6064974241115568
Neftel MES1,-1478,-1261,0.06634983313120468
Neftel MES1,-777,-1424,0.601712995710182
Neftel MES1,-2798,-3548,0.7575119052379845
Neftel MES1,-668,-1363,0.2620780444378372
Neftel MES1,-3326,-2300,0.18914976669430383
Neftel MES1,-2470,-3178,0.3274695303452353
Neftel MES1,-2778,-1497,0.02133412183978145
Neftel MES1,-2739,-3020,0.10419036566855733
Neftel MES1,-3259,-902,0.1757709841468693
Neftel MES1,-2687,-3300,0.6227669856315768
Neftel MES1,-1988,-3587,0.5631771423424388
Neftel MES1,-1638,-1042,-0.11284978625006448
Neftel MES1,-789,-2604,0.6252986772303156
Neftel MES1,-834,-1765,0.9223291097004452
Neftel MES1,-2904,-3298,0.3296823419577444
Neftel MES1,-2514,-2152,0.1206159175586431
Neftel MES1,-3432,-1988,0.014517747207677512
Neftel MES1,-1481,-1572,0.07512001562933868
Neftel MES1,-1659,-3155,0.8465453587627746
Neftel MES1,-961,-3628,0.8936206355378069
Neftel MES1,-823,-584,-0.008304938522550043
Neftel MES1,-2682,-2741,0.5294250363548075
Neftel MES1,-3391,-3324,0.5294603362106031
Neftel MES1,-3003,-2365,0.13878004195539217
Neftel MES1,-1597,-2317,0.8753941224774531
Neftel MES1,-1590,-1633,0.44325897933138636
Neftel MES1,-1472,-640,-0.1799393306432534
Neftel MES1,-1745,-855,-0.23435954310313378
Neftel MES1,-1004,-2540,0.719514364106247
Neftel MES1,-3148,-655,-0.040181933984861806
Neftel MES1,-2080,-1970,0.4742318591517598
Neftel MES1,-1270,-2071,0.6279402938781806
Neftel MES1,-1853,-854,0.02537228629846322
Neftel MES1,-1603,-3000,1.0328091121678713
Neftel MES1,-2151,-3740,0.897405987486054
Neftel MES1,-3713,-3135,0.5068708753164908
Neftel MES1,-2718,-908,-0.003699959642434969
Neftel MES1,-1101,-1420,-0.06245339889936252
Neftel MES1,-3603,-2950,0.507308607934566
Neftel MES1,-1429,-1728,0.7912883108091665
Neftel MES1,-2355,-2434,0.3199352324716539
Neftel MES1,-3433,-2112,-0.11742917125239505
Neftel MES1,-2512,-1966,0.14089294083379356
Neftel MES1,-2886,-1434,-0.04678105018674361
Neftel MES1,-3162,-2022,0.011349208585776926
Neftel MES1,-1165,-2445,0.41535736782085847
Neftel MES1,-894,-2355,0.9771446900264801
Neftel MES1,-1046,-1328,0.3230090067289161
Neftel MES1,-2527,-3457,0.8996351582242301
Neftel MES1,-2722,-1343,0.1517014503852986
Neftel MES1,-2840,-2273,-0.00946711484553453
Neftel MES1,-3705,-2327,0.09002439902133086
Neftel MES1,-1541,-2162,0.9044557628627868
Neftel MES1,-3113,-2613,0.15622986254555737
Neftel MES1,-509,-1644,0.05553041805321357
Neftel MES1,-718,-896,0.21362416327161782
Neftel MES1,-941,-1640,0.5616486785861929
Neftel MES1,-1608,-3497,0.45251571656782447
Neftel MES1,-2469,-3054,0.18919432224066346
Neftel MES1,-1372,-1449,0.23315484060617708
Neftel MES1,-1654,-2658,0.7286751233026063
Neftel MES1,-3169,-2829,0.22983367480780292
Neftel MES1,-3119,-3172,0.521572877690591
Neftel MES1,-2633,-3270,0.7635720309059059
Neftel MES1,-2788,-2554,0.07611924826155225
Neftel MES1,-3329,-2610,0.1585372227024664
Neftel MES1,-2769,-565,-0.1216971385214034
Neftel MES1,-2126,-1131,-0.051619684668213206
Neftel MES1,-2132,-1814,0.07409156319290355
Neftel MES1,-3755,-1923,-0.11167437811701159
Neftel MES1,-3474,-776,0.039142399540591066
Neftel MES1,-2581,-3426,0.9203001909104261
Neftel MES1,-1112,-2477,0.7277276549150329
Neftel MES1,-3640,-1178,0.13036845165677524
Neftel MES1,-2838,-2149,0.08621715159562748
Neftel MES1,-3650,-2172,0.0903886232204365
Neftel MES1,-1911,-1319,0.07798328770321505
Neftel MES1,-1115,-2850,0.6794074794845117
Neftel MES1,-3434,-2237,0.32496303403185667
Neftel MES1,-2289,-1222,-0.11228801642271602
Neftel MES1,-1751,-1538,0.10516058767862779
Neftel MES1,-795,-3225,1.1608426523257829
Neftel MES1,-1370,-1263,-0.009802637701712191
Neftel MES1,-2181,-1286,-0.12654837084571002
Neftel MES1,-1384,-2692,0.826746648035427
Neftel MES1,-1364,-641,0.008678538020152393
Neftel MES1,-2028,-2188,0.6760559487406753
Neftel MES1,-1098,-1110,0.060614888591500105
Neftel MES1,-1393,-3561,0.5869679426253934
Neftel MES1,-1108,-2104,0.7733377420332697
Neftel MES1,-2731,-2212,0.13221639016311781
Neftel MES1,-1595,-2130,0.9277326502517528
Neftel MES1,-3493,-2764,0.12402629273818588
Neftel MES1,-623,-2264,0.6663393697780083
Neftel MES1,-3600,-2639,0.25307910730010563
Neftel MES1,-2609,-847,-0.26278902958545186
Neftel MES1,-3820,-3010,0.5906162887795348
Neftel MES1,-1437,-2536,0.6977984590138838
Neftel MES1,-2093,-3275,0.8061458051248839
Neftel MES1,-3589,-1458,-0.1121645407641163
Neftel MES1,-1159,-1824,0.8918947024841625
Neftel MES1,-1635,-670,-0.1274524319626289
Neftel MES1,-3706,-2451,0.16838971078415044
Neftel MES1,-2247,-2435,0.26569494249981973
Neftel MES1,-3370,-1212,0.07806964471868927
Neftel MES1,-1148,-705,-0.11335972786673276
Neftel MES1,-1969,-1661,0.012946626906389924
Neftel MES1,-772,-927,0.19020453434409357
Neftel MES1,-3219,-2363,0.0017501026607765757
Neftel MES1,-2418,-3396,0.789895340919441
Neftel MES1,-2513,-2028,-0.027268317097603578
Neftel MES1,-1220,-2476,0.69338373442180945
Neftel MES1,-2350,-1999,-0.10413810079379682
Neftel MES1,-2689,-3424,0.5473375546556613
Neftel MES1,-3645,-1675,0.08818880547212371
Neftel MES1,-1118,-3160,0.8563164996139806
Neftel MES1,-1809,-1880,0.4058406091388871
Neftel MES1,-998,-1856,0.6190364507289277
Neftel MES1,-2680,-2555,-0.04796326459129863
Neftel MES1,-1531,-1106,0.08313517604911258
Neftel MES1,-2555,-754,0.045114798600246586
Neftel MES1,-1229,-3408,0.8345990978034057
Neftel MES1,-2739,-3082,0.014943920154230739
Neftel MES1,-1655,-2720,0.6334488752616652
Neftel MES1,-2249,-2683,0.3676835622631477
Neftel MES1,-2948,-2272,-0.060844141153308384
Neftel MES1,-1913,-1506,0.1286546862813257
Neftel MES1,-1765,-2967,0.7673888608725279
Neftel MES1,-1488,-2256,0.6061647020984031
Neftel MES1,-2034,-2809,0.13255607260028412
Neftel MES1,-1425,-1355,0.04923255238229329
Neftel MES1,-2783,-1994,-0.09096601483277877
Neftel MES1,-2771,-814,0.17701600313170585
Neftel MES1,-2687,-3238,0.43708039405810106
Neftel MES1,-2451,-1252,0.1272115844289432
Neftel MES1,-1528,-857,-0.10481587474447362
Neftel MES1,-3217,-2114,0.09856232589110403
Neftel MES1,-2080,-2032,0.12530015310899
Neftel MES1,-3316,-1181,0.0991317934201652
Neftel MES1,-895,-2417,0.9782909118682396
Neftel MES1,-502,-898,0.08867102249242997
Neftel MES1,-2235,-1254,-0.04599148039729628
Neftel MES1,-1118,-3098,1.0241862516051459
Neftel MES1,-2568,-2183,0.09591518473863925
Neftel MES1,-2446,-755,-0.1200836998823902
Neftel MES1,-931,-583,0.09049250532510233
Neftel MES1,-3223,-2736,0.45238828937713704
Neftel MES1,-3852,-741,0.15723902612236695
Neftel MES1,-3326,-2238,0.08100617041354219
Neftel MES1,-995,-1546,0.508197697715682
Neftel MES1,-2456,-1687,0.09011972560778714
Neftel MES1,-624,-2388,0.972707220087057
Neftel MES1,-3703,-2141,0.08810525921051915
Neftel MES1,-2042,-3679,0.8072634920960539
Neftel MES1,-832,-1516,0.3060455410489944
Neftel MES1,-1914,-1568,0.12718971165410348
Neftel MES1,-850,-3380,1.050968171422391
Neftel MES1,-1650,-2223,0.41675999357210325
Neftel MES1,-1863,-1910,0.3180118366200766
Neftel MES1,-3046,-1215,-0.034848652656322754
Neftel MES1,-848,-3132,0.70594167256568785
Neftel MES1,-3421,-870,0.3355842003581555
Neftel MES1,-1933,-3556,0.45204167400184103
Neftel MES1,-908,-3721,0.8869734773306923
Neftel MES1,-3602,-2887,0.42756532332379327
Neftel MES1,-2901,-3050,0.33031736677948986
Neftel MES1,-1855,-1040,-0.006064492618570894
Neftel MES1,-743,-3506,0.7437649987857482
Neftel MES1,-2068,-728,-0.07991973049788881
Neftel MES1,-1921,-2313,0.5451038145111226
Neftel MES1,-3273,-2331,-0.0030107256995557385
Neftel MES1,-1906,-760,0.1354258442336721
Neftel MES1,-2457,-1811,0.03584805312777051
Neftel MES1,-2777,-1435,0.01194949484136465
Neftel MES1,-4013,-646,0.36589837016454485
Neftel MES1,-2242,-1938,0.528051527237221
Neftel MES1,-2035,-2872,0.3656112622960198
Neftel MES1,-2846,-2957,0.09864369375905613
Neftel MES1,-3223,-2798,0.10629744807577823
Neftel MES1,-3550,-3043,0.39239624551195873
Neftel MES1,-1051,-1825,0.555422693211662
Neftel MES1,-891,-2044,1.1271424643930152
Neftel MES1,-3282,-3325,0.6023956089285063
Neftel MES1,-1165,-2383,0.6349979096735601
Neftel MES1,-3067,-3452,0.4495674558009357
Neftel MES1,-3695,-1271,0.1782941482501359
Neftel MES1,-1983,-3152,0.5792775748114661
Neftel MES1,-1211,-1606,0.5252708371874364
Neftel MES1,-1859,-1537,-0.021246903098778747
Neftel MES1,-1042,-831,0.1159805756772333
Neftel MES1,-3371,-1274,0.068597707057659
Neftel MES1,-2291,-1409,-0.004848824844322697
Neftel MES1,-995,-1608,0.7858545606023472
Neftel MES1,-1877,-3339,0.7095094268285678
Neftel MES1,-3805,-1518,-0.1441024084089067
Neftel MES1,-1060,-2695,0.7045044251980612
Neftel MES1,-1371,-1387,0.08987970083470043
Neftel MES1,-1214,-1916,0.8964779506086894
Neftel MES1,-3761,-2544,0.1819711705246898
Neftel MES1,-3052,-1899,-0.15581027804893266
Neftel MES1,-3432,-2050,-0.05066200803427623
Neftel MES1,-2895,-2366,-0.20121245870875165
Neftel MES1,-1961,-853,-0.09683662093965484
Neftel MES1,-2931,-595,0.1419514696954972
Neftel MES1,-2796,-3299,0.46497696398225463
Neftel MES1,-3581,-651,0.05889600296967168
Neftel MES1,-3153,-1152,0.3049036622030702
Neftel MES1,-4069,-801,0.12959926823254486
Neftel MES1,-1214,-1854,0.8644841738029829
Neftel MES1,-2526,-3333,0.7511002304214844
Neftel MES1,-940,-1453,0.4054466388115673
Neftel MES1,-2837,-1963,-0.06967472213685066
Neftel MES1,-1040,-644,-0.051730844732560954
Neftel MES1,-3003,-2427,-0.033031251418523366
Neftel MES1,-3364,-653,0.13306605779328884
Neftel MES1,-880,-863,0.1188196682513557
Neftel MES1,-1057,-2384,0.5067060739155551
Neftel MES1,-2523,-3084,0.325594676354377
Neftel MES1,-1445,-3406,0.6384664377046214
Neftel MES1,-1910,-1133,-0.022193847313028425
Neftel MES1,-2259,-3677,0.3045529535007946
Neftel MES1,-1336,-3344,0.5995262274728512
Neftel MES1,-3753,-1674,0.0887352044612828
Neftel MES1,-2029,-2312,0.4495103018064922
Neftel MES1,-1922,-2438,0.3355430270180467
Neftel MES1,-2521,-2836,0.07387865222202472
Neftel MES1,-1879,-3526,0.740967118216436
Neftel MES1,-3103,-1556,0.034593883310838236
Neftel MES1,-794,-3163,1.4134405634985827
Neftel MES1,-1864,-2034,0.5082868599450989
Neftel MES1,-2352,-2185,0.034608059245405554
Neftel MES1,-3695,-1333,0.0328616732749929
Neftel MES1,-1476,-1013,-0.1179950276896704
Neftel MES1,-1925,-2686,0.627800382905145
Neftel MES1,-2466,-2805,-0.128712992934776
Neftel MES1,-3203,-748,0.10697956633010941
Neftel MES1,-3759,-2296,-0.042120686092018356
Neftel MES1,-1420,-858,-0.14620323758416887
Neftel MES1,-2790,-2740,0.14777950528421646
Neftel MES1,-2348,-1750,0.2276501452849241
Neftel MES1,-3482,-1584,0.041772515643371366
Neftel MES1,-1639,-1105,-0.101614396906759
Neftel MES1,-3530,-993,0.17153122708782031
Neftel MES1,-1799,-885,0.22588657036432502
Neftel MES1,-2408,-2340,0.31620454728588687
Neftel MES1,-1325,-2164,0.8579252962128281
Neftel MES1,-2738,-2896,0.40632587727517133
Neftel MES1,-1426,-1479,0.4205650168400267
Neftel MES1,-955,-3006,1.2451135402327411
Neftel MES1,-3154,-1214,0.2633107819896372
Neftel MES1,-780,-1734,0.7077879446809068
Neftel MES1,-899,-2852,0.8384062886256972
Neftel MES1,-738,-3009,1.3954925788865729
Neftel MES1,-2620,-1903,-0.052241838544170416
Neftel MES1,-1481,-1510,-0.1629818826794993
Neftel MES1,-3392,-3449,0.42569320058074145
Neftel MES1,-615,-1456,0.4352323619018592
Neftel MES1,-2619,-1779,-0.1700357556695682
Neftel MES1,-1762,-2657,0.5933931277787958
Neftel MES1,-1278,-2941,1.122611687505414
Neftel MES1,-1749,-1290,0.2892484338155461
Neftel MES1,-2628,-2773,0.11433483885696194
Neftel MES1,-680,-2543,1.0109999794475415
Neftel MES1,-3804,-1394,-0.07025270759993785
Neftel MES1,-3010,-3111,0.46198883556180603
Neftel MES1,-3492,-2640,0.07944734041438128
Neftel MES1,-4122,-707,0.3693621637126415
Neftel MES1,-2295,-1844,0.6068855600614039
Neftel MES1,-2608,-722,0.05584293564887255
Neftel MES1,-1175,-3439,0.6636233402209222
Neftel MES1,-2724,-1467,-0.0629638695707766
Neftel MES1,-2067,-665,0.09995735187234123
Neftel MES1,-2780,-1684,0.0643965835626995
Neftel MES1,-3310,-622,-0.0814629220034806
Neftel MES1,-1701,-1881,0.5224227334658251
Neftel MES1,-3529,-869,0.19022419151194525
Neftel MES1,-1257,-767,0.0120474812286967
Neftel MES1,-950,-2571,0.8067230274407526
Neftel MES1,-3446,-3479,0.4422613837178162
Neftel MES1,-2231,-881,-0.18494494691594154
Neftel MES1,-3375,-1771,0.19770154156986353
Neftel MES1,-1106,-1918,0.9085684380255853
Neftel MES1,-887,-1609,0.44558588848417313
Neftel MES1,-3173,-3202,0.6950476674288407
Neftel MES1,-1638,-980,0.006896466468227169
Neftel MES1,-2409,-2464,0.2102153896775404
Neftel MES1,-2457,-1873,-0.027422093222862598
Neftel MES1,-778,-1548,0.3653445567948054
Neftel MES1,-3260,-1027,0.2958499343854353
Neftel MES1,-2294,-1720,0.2646131180820468
Neftel MES1,-1392,-3499,0.6890348043999811
Neftel MES1,-3605,-3136,0.44798304559348745
Neftel MES1,-2408,-2402,0.1643455033940372
Neftel MES1,-1268,-1885,0.6997828307181228
Neftel MES1,-2039,-3369,0.4283175011586987
Neftel MES1,-2608,-660,0.010336593170441222
Neftel MES1,-3094,-686,0.04795417761172549
Neftel MES1,-2613,-1219,-0.010958785565592377
Neftel MES1,-1828,-3868,0.836971572665304
Neftel MES1,-2880,-875,0.09739668292221026
Neftel MES1,-1773,-3775,0.7252187133349294
Neftel MES1,-2835,-1776,-0.13171972231887452
Neftel MES1,-661,-617,0.06540575791910308
Neftel MES1,-1553,-3342,0.8042610663132188
Neftel MES1,-904,-3349,1.1662137248768683
Neftel MES1,-879,-739,-0.10384379903041419
Neftel MES1,-1607,-3373,0.8411983357372382
Neftel MES1,-3270,-2021,0.13839004567290958
Neftel MES1,-3367,-963,0.26998879121335306
Neftel MES1,-1051,-1763,0.6360444196271294
Neftel MES1,-1591,-1757,0.3799997535840369
Neftel MES1,-3047,-1339,0.11800481114049888
Neftel MES1,-3745,-867,0.04402967991094353
Neftel MES1,-3275,-2518,0.05537673193635073
Neftel MES1,-3052,-1836,-0.0026832379095768077
Neftel MES1,-1484,-1821,0.8561049467966648
Neftel MES1,-1874,-3029,0.5711916739860949
Neftel MES1,-3314,-1057,-0.015559649493161687
Neftel MES1,-2296,-1968,0.2685868577008057
Neftel MES1,-3751,-1488,0.038205233300754204
Neftel MES1,-2625,-2462,0.11462558367201858
Neftel MES1,-2288,-1098,-0.07400926388313933
Neftel MES1,-2349,-1812,0.1809973714894617
Neftel MES1,-569,-2233,0.753774454794793
Neftel MES1,-2625,-2400,-0.10862016415847753
Neftel MES1,-508,-1519,0.43403870451067494
Neftel MES1,-1484,-1883,0.9909915821346937
Neftel MES1,-1986,-3400,0.5317656245616612
Neftel MES1,-1697,-1508,-0.09041484130835487
Neftel MES1,-838,-2138,0.783074489831617
Neftel MES1,-2636,-3518,0.9772183743329623
Neftel MES1,-3386,-2890,0.2548009914750671
Neftel MES1,-1271,-2133,0.4656883233826562
Neftel MES1,-1314,-1046,-0.06878154501314859
Neftel MES1,-3853,-865,0.014834932484643959
Neftel MES1,-2794,-3113,0.24539374451142204
Neftel MES1,-2085,-2467,0.14643776993480384
Neftel MES1,-3590,-1583,0.006741453257043339
Neftel MES1,-3002,-2241,0.11773997601323505
Neftel MES1,-1097,-986,-0.03769417401218167
Neftel MES1,-2405,-2029,0.12138067176752165
Neftel MES1,-2302,-2527,-0.12783566039324212
Neftel MES1,-1364,-579,-0.24252505716070705
Neftel MES1,-953,-2882,0.7349728756642678
Neftel MES1,-2414,-2961,0.36305513258908995
Neftel MES1,-3534,-1428,-0.09558369503096764
Neftel MES1,-2583,-3674,0.7245274014769834
Neftel MES1,-1987,-3525,0.748903573856661
Neftel MES1,-2626,-2586,0.17482942949108904
Neftel MES1,-3497,-3137,0.6747682900901396
Neftel MES1,-447,-868,0.24251895899497522
Neftel MES1,-2250,-2745,0.2820848209239032
Neftel MES1,-2729,-2026,0.07303062733609789
Neftel MES1,-1336,-3282,0.8671942572997634
Neftel MES1,-1933,-3494,0.6253463183356658
Neftel MES1,-824,-646,0.13480593857197787
Neftel MES1,-3499,-3323,1.0187361357905464
Neftel MES1,-3160,-1897,-0.1402813230610298
Neftel MES1,-3374,-1585,0.015254692965321559
Neftel MES1,-2901,-2987,0.1838186289308138
Neftel MES1,-3588,-1396,0.07161429792122598
Neftel MES1,-2456,-1749,0.11234802951959955
Neftel MES1,-1378,-2070,0.8182295509806323
Neftel MES1,-3379,-2144,-0.03590979146828022
Neftel MES1,-776,-1299,0.12323180669315725
Neftel MES1,-1107,-1980,0.40278997668915334
Neftel MES1,-1500,-3498,0.6748970211581917
Neftel MES1,-1419,-734,-0.10528994997966845
Neftel MES1,-2946,-2086,0.0027752383626256094
Neftel MES1,-2259,-3739,0.5483017060123637
Neftel MES1,-563,-1674,0.33726727253411914
Neftel MES1,-1329,-2599,0.5161241644315084
Neftel MES1,-3328,-2486,-0.15702344311416594
Neftel MES1,-2511,-1842,0.0012605082239107723
Neftel MES1,-2311,-3521,0.8427224158922743
Neftel MES1,-571,-2482,0.9758288458475396
Neftel MES1,-1641,-1291,-0.01634880332265798
Neftel MES1,-3552,-3292,0.6487268484145101
Neftel MES1,-1854,-978,0.05460615814366976
Neftel MES1,-2253,-3056,0.42084478802843495
Neftel MES1,-1540,-2038,0.6455425965104364
Neftel MES1,-505,-1209,-0.025498143916918847
Neftel MES1,-2736,-2709,0.3107027154780899
Neftel MES1,-3122,-3482,0.5810144760283514
Neftel MES1,-3447,-3541,0.770106963133045
Neftel MES1,-3215,-1928,-0.11371244122841284
Neftel MES1,-3335,-3170,0.5099684398916368
Neftel MES1,-2518,-2587,0.15914870401538506
Neftel MES1,-1321,-1729,0.7203823436017748
Neftel MES1,-3228,-3295,0.3719362254753257
Neftel MES1,-3333,-2983,0.41217754387091776
Neftel MES1,-1479,-1324,0.0699785424149506
Neftel MES1,-2770,-627,-0.016223311790491857
Neftel MES1,-1312,-859,0.033728732585487475
Neftel MES1,-3266,-1648,0.06834855924441052
Neftel MES1,-3760,-2358,-0.2572953904428242
Neftel MES1,-1121,-3471,0.8332252455512016
Neftel MES1,-3427,-1553,-0.05661886011040196
Neftel MES1,-1746,-979,-0.09648977533741832
Neftel MES1,-2637,-3642,0.9370641001238932
Neftel MES1,-1605,-3186,0.7084096038326048
Neftel MES1,-1705,-2378,0.8192640210425732
Neftel MES1,-1808,-1817,0.34951990024987156
Neftel MES1,-1814,-2377,0.6943448076437199
Neftel MES1,-4176,-676,0.37725907130313785
Neftel MES1,-3587,-1272,0.1726100863011406
Neftel MES1,-1420,-796,-0.09464341676316745
Neftel MES1,-2572,-2556,0.1745857980804123
Neftel MES1,-2629,-2835,0.07832568641808746
Neftel MES1,-1526,-609,-0.0802835746431051
Neftel MES1,-3435,-2299,0.21926934638112472
Neftel MES1,-3170,-2892,0.17887010087038857
Neftel MES1,-2085,-2529,0.21177095587600914
Neftel MES1,-1179,-3874,0.458819057986095
Neftel MES1,-1797,-637,-0.012655729027457596
Neftel MES1,-2076,-1535,0.05864162438971332
Neftel MES1,-3329,-2548,-0.03531223067692968
Neftel MES1,-557,-1053,0.24125682139517046
Neftel MES1,-3638,-992,0.1584923126588591
Neftel MES1,-2889,-1745,0.14752824689319632
Neftel MES1,-2527,-3519,0.8132980215818352
Neftel MES1,-2686,-3176,0.16467983454040724
Neftel MES1,-2309,-3335,0.4836711452923933
Neftel MES1,-828,-1081,0.2343505644295547
Neftel MES1,-1981,-2965,0.31675275556104165
Neftel MES1,-1591,-1695,0.34348588794055124
Neftel MES1,-2096,-3586,0.8525729342357314
Neftel MES1,-2203,-3522,0.5587464911708647
Neftel MES1,-1499,-3374,0.5479503629996523
Neftel MES1,-1637,-856,0.03490393353061816
Neftel MES1,-3053,-2023,-0.11568890190803371
Neftel MES1,-3586,-1210,0.143953079618251
Neftel MES1,-1746,-1041,-0.14294663910893135
Neftel MES1,-1010,-3161,0.8969659892793893
Neftel MES1,-733,-2449,0.916021337803691
Neftel MES1,-2145,-3119,0.38300983238495423
Neftel MES1,-3850,-555,0.27334065299031995
Neftel MES1,-2176,-789,0.11378961590656245
Neftel MES1,-3168,-2643,0.002765367877028413
Neftel MES1,-3535,-1490,0.027567031917311247
Neftel MES1,-800,-3723,0.7945356639188059
Neftel MES1,-1852,-730,0.014575129586033686
Neftel MES1,-1646,-1850,0.4380086902176027
Neftel MES1,-662,-741,0.4487674597311351
Neftel MES1,-3096,-811,0.008247120583360967
Neftel MES1,-2735,-2647,0.2839507974192642
Neftel MES1,-1821,-3122,1.0040226266058618
Neftel MES1,-500,-774,0.07163353747787088
Neftel MES1,-791,-2853,0.7743019176344277
Neftel MES1,-2144,-2995,0.2838376790174032
Neftel MES1,-1148,-643,-0.08995322388966298
Neftel MES1,-1434,-2225,0.5597937734006625
Neftel MES1,-891,-1982,0.9811720584969162
Neftel MES1,-731,-2201,1.006059181130024
Neftel MES1,-2715,-597,-0.07285456360532172
Neftel MES1,-1340,-3717,0.8798877079158492
Neftel MES1,-827,-957,0.003992688007084355
Neftel MES1,-2253,-3118,0.5810238206087799
Neftel MES1,-2689,-3487,0.8840472744957094
Neftel MES1,-2404,-1967,0.12081922221571662
Neftel MES1,-2504,-1158,0.18267868273775856
Neftel MES1,-2310,-3397,0.6906944629856342
Neftel MES1,-795,-3288,1.0671547198850138
Neftel MES1,-1428,-1604,0.2212933257972749
Neftel MES1,-1442,-3095,0.7012733315172097
Neftel MES1,-3659,-3166,0.3620852299535936
Neftel MES1,-2091,-3151,0.4908447921017356
Neftel MES1,-3320,-1616,0.047287594332424465
Neftel MES1,-2623,-2213,-0.032565533257869816
Neftel MES1,-2844,-2708,0.1489168719215348
Neftel MES1,-2033,-2747,0.16568647403463665
Neftel MES1,-2242,-2000,0.4383840837724484
Neftel MES1,-2283,-663,0.09693726923943713
Neftel MES1,-2238,-1565,0.09668258503614047
Neftel MES1,-1335,-3158,0.6625822469550816
Neftel MES1,-676,-2170,0.511481414109855
Neftel MES1,-620,-1953,0.7130115982476234
Neftel MES1,-1580,-639,0.13012710588992038
Neftel MES1,-2398,-1284,0.06576975573027866
Neftel MES1,-3752,-1550,0.018897210758263006
Neftel MES1,-3593,-1955,-0.1560678111241719
Neftel MES1,-2339,-818,0.016032449324152376
Neftel MES1,-2741,-3269,0.6427359387582143
Neftel MES1,-3149,-779,0.029548394957443214
Neftel MES1,-2399,-1408,-0.05456467459955361
Neftel MES1,-2677,-2244,-0.1162059515908952
Neftel MES1,-3552,-3230,0.4988761482090557
Neftel MES1,-2949,-2397,-0.03336148724204313
Neftel MES1,-1315,-1170,0.16978756364449132
Neftel MES1,-2134,-2001,0.15135459593990386
Neftel MES1,-2087,-2716,0.09585297128999781
Neftel MES1,-1205,-922,-0.09800818144891332
Neftel MES1,-2076,-1597,-0.08240772080946535
Neftel MES1,-2187,-1845,0.10930189884065744
Neftel MES1,-3590,-1645,0.19643209423607455
Neftel MES1,-2094,-3461,0.9193472254023773
Neftel MES1,-1483,-1759,0.6715847536450347
Neftel MES1,-1818,-2812,0.43269413369980647
Neftel MES1,-3063,-3017,0.5093466251158522
Neftel MES1,-907,-3659,0.8613714944877457
Neftel MES1,-715,-648,0.207886015174769
Neftel MES1,-994,-1484,0.32207186573653857
Neftel MES1,-1688,-638,-0.025870114242892095
Neftel MES1,-3653,-2483,-0.07563004995801681
Neftel MES1,-2510,-1717,0.22611644541348996
Neftel MES1,-1905,-698,0.20601609754768468
Neftel MES1,-3488,-2205,-0.0280420251782868
Neftel MES1,-2138,-2436,0.13306876177284876
Neftel MES1,-2140,-2560,0.4100998056088647
Neftel MES1,-2406,-2153,0.3377704726695432
Neftel MES1,-944,-1888,0.9737002544367854
Neftel MES1,-2197,-2901,0.6212326179698934
Neftel MES1,-1528,-795,-0.0994208250351224
Neftel MES1,-3906,-710,0.09449958553710291
Neftel MES1,-2944,-1900,-0.10362349686151084
Neftel MES1,-609,-773,0.3020406973589743
Neftel MES1,-2688,-3362,0.7637065336758957
Neftel MES1,-1958,-604,0.04810316309355411
Neftel MES1,-3689,-650,0.24457015181462938
Neftel MES1,-2986,-687,0.26045439517552693
Neftel MES1,-3544,-2422,0.14027407488745158
Neftel MES1,-3906,-772,0.21632171346481255
Neftel MES1,-4122,-770,0.18031814276149283
Neftel MES1,-2677,-2182,-0.06286396183824672
Neftel MES1,-2176,-726,-0.010255643847656315
Neftel MES1,-2362,-3179,0.6055963607359034
Neftel MES1,-2826,-844,-0.08794216186837178
Neftel MES1,-1312,-797,0.058955287935978706
Neftel MES1,-1922,-2376,0.4067449107696677
Neftel MES1,-3053,-1961,-0.19117925932361524
Neftel MES1,-2726,-1715,-0.10225400579370081
Neftel MES1,-1156,-1451,0.4340793259505126
Neftel MES1,-1704,-2253,0.6307816944518616
Neftel MES1,-3000,-2117,-0.015379367793050491
Neftel MES1,-1281,-3190,0.9061302818616292
Neftel MES1,-3712,-3073,0.3971944688453206
Neftel MES1,-3095,-749,0.2722476319616436
Neftel MES1,-3487,-2143,0.012251564965107375
Neftel MES1,-1769,-3340,0.8996430697476621
Neftel MES1,-2195,-2715,0.30588120243906414
Neftel MES1,-2082,-2157,0.19383677638951835
Neftel MES1,-883,-1236,0.043836360807865016
Neftel MES1,-717,-834,0.02661241269783099
Neftel MES1,-1155,-1389,0.23572821367091457
Neftel MES1,-2402,-1781,-0.03592759884275465
Neftel MES1,-1913,-1444,-0.0034225765258918406
Neftel MES1,-2297,-2030,0.05947258301992875
Neftel MES1,-1584,-1012,0.10928820127315653
Neftel MES1,-4232,-893,0.13937020543730083
Neftel MES1,-2894,-2304,0.031059528243505663
Neftel MES1,-790,-2728,1.0348005673744627
Neftel MES1,-1276,-2693,0.3812532395611176
Neftel MES1,-3325,-2113,-0.017417243037902264
Neftel MES1,-1423,-1169,0.0797038343669092
Neftel MES1,-1010,-3099,0.724512623353166
Neftel MES1,-716,-710,0.1363315976241296
Neftel MES1,-3480,-1397,0.04967906930477439
Neftel MES1,-1053,-1949,0.616730079172941
Neftel MES1,-2569,-2245,-0.008799597633865952
Neftel MES1,-2450,-1128,0.2975609427016913
Neftel MES1,-1990,-3835,0.6252336011709299
Neftel MES1,-3277,-2766,0.36766800519779363
Neftel MES1,-3271,-2207,-0.007331441608706024
Neftel MES1,-2250,-2807,0.49005167483507517
Neftel MES1,-2228,-571,0.21549618314830576
Neftel MES1,-2190,-2218,0.4150819185076938
Neftel MES1,-726,-1766,0.3922290705431357
Neftel MES1,-3004,-2489,-0.09718650193704859
Neftel MES1,-1096,-861,0.019195243597637357
Neftel MES1,-1663,-3590,0.4711422401910249
Neftel MES1,-2146,-3181,0.5469773075147858
Neftel MES1,-1050,-1701,0.8252368282296866
Neftel MES1,-3433,-2174,-0.021847539881508227
Neftel MES1,-3045,-1153,0.14669267833097444
Neftel MES1,-3212,-1617,0.22275895797059786
Neftel MES1,-2036,-3058,0.41338548697813793
Neftel MES1,-769,-616,0.1360285649890206
Neftel MES1,-729,-2077,0.7962077308116802
Neftel MES1,-833,-1578,0.3178713362929597
Neftel MES1,-2942,-1713,0.14377616296032247
Neftel MES1,-1266,-1698,0.47697560535014205
Neftel MES1,-2414,-3023,0.582651975320149
Neftel MES1,-2067,-603,0.2819398537755615
Neftel MES1,-889,-1795,0.8732205007030089
Neftel MES1,-1071,-3813,0.9269302150936453
Neftel MES1,-1269,-2009,0.5158713493990648
Neftel MES1,-1856,-1227,0.012246057299005964
Neftel MES1,-2675,-1995,0.24715582195581587
Neftel MES1,-3389,-3200,0.6728389052585309
Neftel MES1,-634,-3382,0.8251138904920505
Neftel MES1,-2833,-1590,0.20755644252038907
Neftel MES1,-2957,-3267,0.1340113617084121
Neftel MES1,-1915,-1692,0.14542195210862874
Neftel MES1,-1857,-1289,0.13779311961569995
Neftel MES1,-2501,-785,-0.0414584787955975
Neftel MES1,-1691,-887,0.06794083617009805
Neftel MES1,-1764,-2843,0.7067713063228797
Neftel MES1,-2202,-3398,0.7124273935500176
Neftel MES1,-1052,-1887,0.6300030585037689
Neftel MES1,-943,-1826,0.8926631983180856
Neftel MES1,-1653,-2534,0.8023358266525014
Neftel MES1,-952,-2696,0.6998520878580712
Neftel MES1,-2578,-3115,0.09467301607039014
Neftel MES1,-1807,-1693,0.25325429442094616
Neftel MES1,-2097,-3772,0.5548133211462251
Neftel MES1,-3107,-1929,-0.08026723879161457
Neftel MES1,-2356,-2558,0.28027771647875677
Neftel MES1,-2416,-3148,0.7386517398697122
Neftel MES1,-1047,-1390,0.1112025568105659
Neftel MES1,-1543,-2348,0.8740801923029375
Neftel MES1,-2899,-2801,0.025610228076043295
Neftel MES1,-2790,-2678,0.14718283890756678
Neftel MES1,-1867,-2283,0.6618567731032725
Neftel MES1,-2345,-1439,0.11242597800527199
Neftel MES1,-1827,-3744,0.4733107938759712
Neftel MES1,-999,-2043,0.8829327403376493
Neftel MES1,-997,-1794,0.7594490668706734
Neftel MES1,-2199,-3087,0.48356665045096836
Neftel MES1,-1319,-1605,0.45021500130686376
Neftel MES1,-1693,-1073,-0.13670319365562733
Neftel MES1,-786,-2293,1.046746398344674
Neftel MES1,-1105,-1793,0.6878838915244275
Neftel MES1,-3157,-1525,0.16442209294953758
Neftel MES1,-3114,-2737,-0.017259537735313746
Neftel MES1,-730,-2139,0.7435570694229665
Neftel MES1,-2520,-2712,0.046215095163346764
Neftel MES1,-2093,-3337,0.8098073087144062
Neftel MES1,-1333,-3034,1.207237932814752
Neftel MES1,-3064,-3079,0.43838965657939155
Neftel MES1,-1151,-954,-0.023736220155529564
Neftel MES1,-1489,-2380,0.870192843442929
Neftel MES1,-635,-3445,0.9339636498749324
Neftel MES1,-721,-1207,0.016887921361643077
Neftel MES1,-1482,-1634,0.10313199860643707
Neftel MES1,-665,-1052,0.28528483252233694
Neftel MES1,-3532,-1241,0.06193933478641234
Neftel MES1,-2897,-2615,0.19020606746538948
Neftel MES1,-3208,-1245,0.14290142886546198
Neftel MES1,-778,-1486,0.12944149028308183
Neftel MES1,-2472,-3427,0.6881231168846834
Neftel MES1,-1479,-1386,-0.07135956415452482
Neftel MES1,-2997,-1744,0.010948370424593623
Neftel MES1,-775,-1237,0.08412354031646241
Neftel MES1,-1102,-1483,0.25841573302925747
Neftel MES1,-2522,-2960,0.21547322240653533
Neftel MES1,-674,-1984,0.5578922100338826
Neftel MES1,-895,-2479,0.5479396389131628
Neftel MES1,-4013,-584,0.4501471030524631
Neftel MES1,-1643,-1539,0.21192942741280607
Neftel MES1,-2022,-1567,-0.04666768120449072
Neftel MES1,-824,-709,-0.005298614178603778
Neftel MES1,-899,-2789,0.6657746847269304
Neftel MES1,-1043,-955,0.08630680120152134
Neftel MES1,-1977,-2468,0.5934260596507588
Neftel MES1,-1815,-2501,0.5392057162182357
Neftel MES1,-2411,-2650,0.07378769336669133
Neftel MES1,-2071,-1100,0.09170815933593757
Neftel MES1,-2196,-2839,0.42068250695460896
Neftel MES1,-2661,-629,0.05040222749662748
Neftel MES1,-3551,-3105,0.28247455468539884
Neftel MES1,-2123,-820,0.053245769583062263
Neftel MES1,-3336,-3294,0.7203744839901556
Neftel MES1,-1920,-2189,0.795987199892872
Neftel MES1,-1368,-1076,0.046017527624192756
Neftel MES1,-3283,-3388,0.6676903907763264
Neftel MES1,-3311,-746,0.04460367159466161
Neftel MES1,-3960,-740,0.11453054459171241
Neftel MES1,-1960,-791,0.032431556182697774
Neftel MES1,-1582,-763,-0.028182832266813618
Neftel MES1,-956,-3131,0.7247645586649573
Neftel MES1,-4125,-1080,0.2041450002961463
Neftel MES1,-3485,-1894,0.11223623243917791
Neftel MES1,-2521,-2898,-0.10638206173771203
Neftel MES1,-2131,-1690,0.0662955977034011
Neftel MES1,-1333,-2972,1.0485224101190305
Neftel MES1,-2554,-692,0.03656097011638881
Neftel MES1,-3599,-2577,-0.09684837276610314
Neftel MES1,-2896,-2490,-0.03265456477486639
Neftel MES1,-2393,-849,0.2630291545079759
Neftel MES1,-1446,-3530,0.6426920985644752
Neftel MES1,-999,-1981,0.8183370358982403
Neftel MES1,-2900,-2925,-0.08035125821680689
Neftel MES1,-2565,-1872,-0.057912330889843044
Neftel MES1,-3121,-3358,0.6537543880634138
Neftel MES1,-3654,-2607,0.2208960004491448
Neftel MES1,-3584,-961,0.33920436202195137
Neftel MES1,-1496,-3063,0.7532357166030235
Neftel MES1,-2890,-1931,0.08536655575845331
Neftel MES1,-1063,-3005,0.7717363547256291
Neftel MES1,-2012,-573,0.04099220018549443
Neftel MES1,-1714,-3310,0.6538404465287242
Neftel MES1,-996,-1732,1.0049726800232461
Neftel MES1,-2044,-3804,0.46322599686678145
Neftel MES1,-3041,-780,0.20242281102417292
Neftel MES1,-2526,-3395,0.8524209707426345
Neftel MES1,-2892,-2118,0.25441505460983727
Neftel MES1,-2182,-1348,0.06845768355976212
Neftel MES1,-2630,-2959,0.00974867238403565
Neftel MES1,-1120,-3284,0.9563231970863905
Neftel MES1,-1745,-917,-0.14035401103424772
Neftel MES1,-3218,-2301,-0.1135666284603064
Neftel MES1,-2960,-3577,0.46361774364047337
Neftel MES1,-2840,-2336,0.014460835786157755
Neftel MES1,-1068,-3565,0.951300656280967
Neftel MES1,-2997,-1806,0.01406801770301691
Neftel MES1,-1166,-2507,0.531852250766504
Neftel MES1,-1331,-2785,0.9419175384608727
Neftel MES1,-2671,-1623,-0.022053276709493197
Neftel MES1,-2524,-3209,0.6900488975444676
Neftel MES1,-2782,-1932,0.10718982817744327
Neftel MES1,-1097,-923,0.10345106439520724
Neftel MES1,-1013,-3472,1.2974168122131857
Neftel MES1,-2836,-1901,-0.102934758636397
Neftel MES1,-2367,-3676,0.7787529169185479
Neftel MES1,-671,-1611,0.29250351000228836
Neftel MES1,-727,-1828,0.5283586405570524
Neftel MES1,-1489,-2318,0.4823054211045778
Neftel MES1,-2632,-3145,0.2814389118000229
Neftel MES1,-2244,-2186,0.017293132443991666
Neftel MES1,-2393,-786,0.18541739776312272
Neftel MES1,-1226,-3097,1.1983376741920995
Neftel MES1,-2832,-1466,0.1263299747376132
Neftel MES1,-3437,-2547,0.3454766354782256
Neftel MES1,-1321,-1791,0.8012962854518791
Neftel MES1,-3321,-1741,0.24171395693609954
Neftel MES1,-3099,-1183,0.06296245273815293
Neftel MES1,-4069,-863,0.2573752338221805
Neftel MES1,-2283,-601,0.08316629713147927
Neftel MES1,-2559,-1189,0.15551320198386331
Neftel MES1,-1970,-1785,0.1788996422745085
Neftel MES1,-3094,-624,0.28080907039256187
Neftel MES1,-504,-1147,0.43873109208153394
Neftel MES1,-3484,-1832,-0.10407256908192308
Neftel MES1,-851,-3442,1.0368116529439062
Neftel MES1,-2847,-3019,0.02088585369945606
Neftel MES1,-2671,-1561,-0.2152879431965864
Neftel MES1,-1820,-2998,0.9409436597314825
Neftel MES1,-3549,-2919,0.41871489413899443
Neftel MES1,-673,-1860,0.6345771531645542
Neftel MES1,-3333,-2921,0.4625564426971469
Neftel MES1,-2199,-3150,0.3945293411479236
Neftel MES1,-455,-1613,0.19526438191505024
Neftel MES1,-1202,-674,-0.1694961060951623
Neftel MES1,-2629,-2897,0.05173847345364846
Neftel MES1,-3064,-3141,0.321365988086732
Neftel MES1,-3386,-2827,0.22477189291505617
Neftel MES1,-3709,-2762,0.27763977091544056
Neftel MES1,-2016,-946,-0.059717703358875274
Neftel MES1,-2401,-1594,0.021709423085575885
Neftel MES1,-2951,-2645,0.22132319069855944
Neftel MES1,-563,-1612,-0.028370152252259806
Neftel MES1,-564,-1799,0.32268437160605135
Neftel MES1,-2730,-2150,-0.034646393335341696
Neftel MES1,-792,-2915,0.7067260206687346
Neftel MES1,-3002,-2303,0.1095087128980109
Neftel MES1,-732,-2387,0.882445695865433
Neftel MES1,-1585,-1136,-0.11064186250512054
Neftel MES1,-1580,-577,-0.06227815875467779
Neftel MES1,-632,-3196,0.8847241878433115
Neftel MES1,-2131,-1628,0.2709573679332077
Neftel MES1,-615,-1394,0.4315183842097743
Neftel MES1,-1326,-2226,0.6381172515391509
Neftel MES1,-2407,-2216,0.2278834160351323
Neftel MES1,-662,-679,-0.08573133274924882
Neftel MES1,-3174,-3327,0.5239742977966529
Neftel MES1,-1217,-2165,0.6716677052335595
Neftel MES1,-2673,-1809,-0.0014559311201570724
Neftel MES1,-3225,-2984,0.27001385966447444
Neftel MES1,-1702,-2067,0.6220782876692532
Neftel MES1,-1284,-3562,0.6316449359801598
Neftel MES1,-2147,-3305,0.5844071814669343
Neftel MES1,-2352,-2123,0.09554036552856282
Neftel MES1,-3383,-2517,-0.06894647648377128
Neftel MES1,-1216,-2041,0.22512432876575222
Neftel MES1,-3005,-2551,0.16281989376167472
Neftel MES1,-1582,-825,-0.04824264672878087
Neftel MES1,-2507,-1407,0.11151699910763535
Neftel MES1,-1757,-2098,0.4953303535205309
Neftel MES1,-2575,-2804,0.07407989750052524
Neftel MES1,-2030,-2375,0.5483858950995968
Neftel MES1,-2685,-3052,0.030534666534820065
Neftel MES1,-1049,-1576,0.4662426594129194
Neftel MES1,-3167,-2581,0.07243739260131932
Neftel MES1,-3273,-2393,0.06953626996031248
Neftel MES1,-3256,-654,0.12275733109964793
Neftel MES1,-3320,-1678,-0.017042070624476935
Neftel MES1,-1367,-952,0.25157522734450166
Neftel MES1,-945,-2012,1.1707602848461973
Neftel MES1,-1931,-3308,0.7035266348974878
Neftel MES1,-1339,-3593,0.9462055181324454
Neftel MES1,-1643,-1477,0.03820035826552404
Neftel MES1,-1016,-3783,0.8475728030958292
Neftel MES1,-1536,-1665,0.3336110017746935
Neftel MES1,-1909,-1071,0.19837854237004882
Neftel MES1,-2466,-2743,0.03972082187956316
Neftel MES1,-3371,-1336,-0.031338994342685944
Neftel MES1,-892,-2106,0.9806737251865931
Neftel MES1,-2205,-3709,0.6230876650548156
Neftel MES1,-1859,-1475,0.3710835726521079
Neftel MES1,-1698,-1632,0.007106243448753213
Neftel MES1,-2730,-2088,-0.00857826567655684
Neftel MES1,-1426,-1417,0.5187533775066673
Neftel MES1,-4231,-769,0.2255006049902808
Neftel MES1,-618,-1705,0.4618287244567665
Neftel MES1,-2288,-1160,-0.06449607754600084
Neftel MES1,-1268,-1823,0.9145733534512401
Neftel MES1,-1763,-2781,0.777690627454996
Neftel MES1,-3486,-2081,0.12694319568635704
Neftel MES1,-2852,-3578,0.4396348273850469
Neftel MES1,-3500,-3510,0.49948268443893307
Neftel MES1,-2234,-1130,-0.1638575275917864
Neftel MES1,-690,-3599,0.5624596718908552
Neftel MES1,-2889,-1807,-0.10595861587531707
Neftel MES1,-3319,-1554,0.04642567055454294
Neftel MES1,-3284,-3512,0.7472835471632885
Neftel MES1,-1337,-3407,0.7582590092230509
Neftel MES1,-1491,-2566,0.9905911117651669
Neftel MES1,-3105,-1743,0.23049143528490312
Neftel MES1,-3694,-1209,0.10714298335165373
Neftel MES1,-1875,-3153,0.7358391201334864
Neftel MES1,-1324,-2040,0.35560802748166964
Neftel MES1,-1770,-3465,0.7325488341053268
Neftel MES1,-1747,-1103,0.04416180473030307
Neftel MES1,-941,-1577,0.7354286201713114
Neftel MES1,-1341,-3842,0.6412678848749033
Neftel MES1,-2553,-567,-0.05128372907281231
Neftel MES1,-2622,-2089,-0.0475342627400297
Neftel MES1,-2074,-1411,-0.010268899274206711
Neftel MES1,-3606,-3198,0.6125713073006506
Neftel MES1,-2571,-2431,-0.25940408747953897
Neftel MES1,-1310,-673,-0.09219834621497547
Neftel MES1,-1635,-732,0.030733440956609903
Neftel MES1,-2515,-2277,0.007123599678212522
Neftel MES1,-3598,-2452,-0.042626436643163124
Neftel MES1,-3389,-3138,0.6773265893950113
Neftel MES1,-3055,-2147,0.01885939040146789
Neftel MES1,-1005,-2602,0.40979505814781025
Neftel MES1,-2204,-3585,0.5985613106906803
Neftel MES1,-2951,-2583,-0.01089440110995421
Neftel MES1,-2779,-1622,-0.1467128584512516
Neftel MES1,-3597,-2328,-0.10060368540249476
Neftel MES1,-3168,-2705,0.22513010938503308
Neftel MES1,-3544,-2484,-0.014386228127173162
Neftel MES1,-2553,-630,0.16674976925794172
Neftel MES1,-1272,-2320,0.6009130294161638
Neftel MES1,-3649,-2110,0.2981737355808701
Neftel MES1,-1911,-1257,0.14978836236296134
Neftel MES1,-3048,-1464,-0.030015503810997157
Neftel MES1,-2082,-2219,0.1796815711059797
Neftel MES1,-2893,-2242,0.07833830527964591
Neftel MES1,-2789,-2616,0.1385206490955474
Neftel MES1,-2294,-1782,0.566928810474857
Neftel MES1,-2293,-1657,-0.1395923684324567
Neftel MES1,-2622,-2151,0.17426354546197198
Neftel MES1,-2570,-2369,0.033227718867013034
Neftel MES1,-3428,-1615,0.07892791865244986
Neftel MES1,-3381,-2392,0.08388746878112485
Neftel MES1,-1551,-3156,0.6803565464873461
Neftel MES1,-3755,-1861,0.052511671715307684
Neftel MES1,-1536,-1603,0.16950249487370406
Neftel MES1,-2562,-1562,0.15573950931468805
Neftel MES1,-3486,-2019,-0.07985898984098594
Neftel MES1,-607,-649,0.03502452628069608
Neftel MES1,-1550,-3094,0.7508001089755109
Neftel MES1,-3540,-1987,0.03532101953297162
Neftel MES1,-3431,-1926,0.1386674945803258
Neftel MES1,-3636,-743,0.1376699776545699
Neftel MES1,-1611,-3746,0.7227940069715763
Neftel MES1,-2290,-1347,0.06554078176795564
Neftel MES1,-2417,-3272,0.6828656028925224
Neftel MES1,-2041,-3555,0.4893343206019942
Neftel MES1,-2937,-1154,0.289766346948785
Neftel MES1,-1255,-580,-0.10719662287444287
Neftel MES1,-685,-3040,0.9501873478600551
Neftel MES1,-2091,-3089,0.4644182531523935
Neftel MES1,-2340,-880,0.14173554469012928
Neftel MES1,-663,-803,0.30134102931851503
Neftel MES1,-954,-2944,0.9910307121829103
Neftel MES1,-2148,-3368,0.9355144137751414
Neftel MES1,-2777,-1373,0.03236834137755873
Neftel MES1,-1109,-2228,0.7389691634558836
Neftel MES1,-3339,-3542,0.8620494165853471
Neftel MES1,-1975,-2282,0.3356363216236278
Neftel MES1,-3055,-2209,0.27282269763676736
Neftel MES1,-953,-2820,0.9142894587538769
Neftel MES1,-2126,-1193,-0.029382008116775937
Neftel MES1,-1588,-1385,0.05752594757913465
Neftel MES1,-772,-864,0.16571471245372305
Neftel MES1,-2742,-3331,0.39685683311306685
Neftel MES1,-2200,-3212,0.5232551411000608
Neftel MES1,-3279,-2953,0.22321007950886462
Neftel MES1,-2230,-695,0.012517373378846397
Neftel MES1,-2465,-2681,0.2839466885720696
Neftel MES1,-1975,-2344,0.39688221148674585
Neftel MES1,-3163,-2146,-0.08324409377717212
Neftel MES1,-3648,-2048,0.08950610678148074
Neftel MES1,-3111,-2364,-0.022033282271076593
Neftel MES1,-2664,-877,0.10950891175545219
Neftel MES1,-687,-3289,0.8409340381334497
Neftel MES1,-1660,-3217,0.7805991723096911
Neftel MES1,-3367,-901,0.23194463170387603
Neftel MES1,-3908,-958,0.1420129797243005
Neftel MES1,-2366,-3552,0.7940770848843852
Neftel MES1,-1596,-2255,0.7260744401861923
Neftel MES1,-1965,-1288,0.09117658047350452
Neftel MES1,-2151,-3678,0.8154424014510889
Neftel MES1,-3712,-3011,0.5712104920875118
Neftel MES1,-1968,-1598,0.15990774714533296
Neftel MES1,-2579,-3239,0.649458669956878
Neftel MES1,-3652,-2421,-0.08998816571930468
Neftel MES1,-2303,-2652,0.013803775140333041
Neftel MES1,-3800,-959,-0.11347326545798031
Neftel MES1,-1532,-1230,0.05930412494019888
Neftel MES1,-3701,-1892,0.09184399577109559
Neftel MES1,-2515,-2214,0.0013201674968476018
Neftel MES1,-1205,-984,0.0671037283995437
Neftel MES1,-3014,-3546,0.6074244200956858
Neftel MES1,-1040,-706,0.3933023014187542
Neftel MES1,-2563,-1624,0.12086584187319727
Neftel MES1,-1665,-3776,1.0410416283278696
Neftel MES1,-565,-1861,0.5035419549531857
Neftel MES1,-2136,-2187,0.2569148527270073
Neftel MES1,-932,-708,-0.093120623036689
Neftel MES1,-1531,-1168,-0.0913307058256928
Neftel MES1,-1064,-3130,0.798459832900881
Neftel MES1,-1110,-2352,0.5655483806194457
Neftel MES1,-1485,-1945,0.8620084467397536
Neftel MES1,-1537,-1789,0.6172769566100493
Neftel MES1,-3111,-2426,0.02224181140084247
Neftel MES1,-1374,-1697,0.6437563490211133
Neftel MES1,-3654,-2669,0.039451316781488055
Neftel MES1,-1477,-1137,0.3618208637746385
Neftel MES1,-2933,-781,0.1628658333814973
Neftel MES1,-2343,-1191,0.16826948425876986
Neftel MES1,-3806,-1581,0.01786184125192214
Neftel MES1,-3642,-1427,0.4321811105275657
Neftel MES1,-2014,-759,0.14718611687235117
Neftel MES1,-2366,-3614,0.6690356223490084
Neftel MES1,-1636,-794,-0.0356893679211685
Neftel MES1,-842,-2510,0.8359884625535501
Neftel MES1,-1798,-761,0.15000337308758405
Neftel MES1,-626,-2575,1.1982298049066031
Neftel MES1,-906,-3535,0.9053570007174571
Neftel MES1,-1718,-3682,0.9125851480686286
Neftel MES1,-1339,-3655,0.4472455121451926
Neftel MES1,-3312,-809,0.32429481796540915
Neftel MES1,-3387,-3014,0.5553976881755416
Neftel MES1,-1379,-2194,0.7321641427793071
Neftel MES1,-3596,-2204,0.07353358608144478
Neftel MES1,-1164,-2259,0.2862402569066557
Neftel MES1,-1606,-3311,0.7920967578557772
Neftel MES1,-1649,-2099,0.7478743267683452
Neftel MES1,-2019,-1318,0.004325628395839831
Neftel MES1,-2679,-2430,0.004087323480316929
Neftel MES1,-3852,-803,0.22356319677429748
Neftel MES1,-1964,-1226,0.11805341093540955
Neftel MES1,-2985,-563,0.009623094153938583
Neftel MES1,-740,-3133,1.157857436751709
Neftel MES1,-3553,-3354,0.8139294660363317
Neftel MES1,-671,-1673,0.35735622481249374
Neftel MES1,-1760,-2470,0.7092108020836884
Neftel MES1,-725,-1579,0.6217947594935875
Neftel MES1,-1812,-2252,0.4739499289167357
Neftel MES1,-2021,-1505,0.212243614973047
Neftel MES1,-2353,-2309,-0.04294763816192826
Neftel MES1,-2138,-2374,0.16946715070255736
Neftel MES1,-2354,-2371,0.37537555240740206
Neftel MES1,-3690,-774,0.18122092915505394
Neftel MES1,-1499,-3436,0.6288171865499476
Neftel MES1,-2037,-3120,0.5162593529178321
Neftel MES1,-3313,-871,0.16234209477199868
Neftel MES1,-3485,-1956,0.21261480522218934
Neftel MES1,-2474,-3551,0.7595223810441405
Neftel MES1,-2251,-2870,0.25026621420556727
Neftel MES1,-3056,-2333,0.008208224481329296
Neftel MES1,-3336,-3232,0.5722873738265613
Neftel MES1,-678,-2357,0.9037624000490742
Neftel MES1,-2995,-1557,-0.05523433589100846
Neftel MES1,-2248,-2559,-0.013194847597365222
Neftel MES1,-1381,-2381,0.3817626620800615
Neftel MES1,-1279,-3003,1.2254229758472022
Neftel MES1,-1702,-2005,0.5785061507001124
Neftel MES1,-1706,-2440,0.9231637982283402
Neftel MES1,-2086,-2591,0.37808888175684885
Neftel MES1,-3041,-718,0.06626527146738936
Neftel MES1,-3655,-2732,0.3524858090266194
Neftel MES1,-3264,-1462,0.10858520079336609
Neftel MES1,-996,-1670,0.5896716837928399
Neftel MES1,-3539,-1925,-0.03737289647742148
Neftel MES1,-1757,-2160,0.5346527262769422
Neftel MES1,-2678,-2306,0.13140894706331863
Neftel MES1,-3049,-1526,0.2987795586730686
Neftel MES1,-2506,-1282,-0.05674851814613047
Neftel MES1,-2072,-1162,-0.027796628820084823
Neftel MES1,-2013,-635,0.3703178733539899
Neftel MES1,-990,-1049,0.07675359534109294
Neftel MES1,-3162,-2084,0.2859421240564559
Neftel MES1,-3378,-2082,-0.14149282918722705
Neftel MES1,-2955,-3018,0.4107326970412488
Neftel MES1,-2135,-2063,0.28641461546930247
Neftel MES1,-1910,-1195,0.13827720659645615
Neftel MES1,-2841,-2398,-0.04267966315764071
Neftel MES1,-2040,-3431,0.574655925615895
Neftel MES1,-3210,-1431,-0.08118387883636002
Neftel MES1,-2189,-2093,0.34206649838578385
Neftel MES1,-1647,-1974,0.744509140919028
Neftel MES1,-2463,-2495,0.16704762816868557
Neftel MES1,-1122,-3533,0.8470010091347044
Neftel MES1,-617,-1643,0.2740769752171982
Neftel MES1,-1230,-3470,0.4502609469285967
Neftel MES1,-1366,-828,-0.18505538617712014
Neftel MES1,-3007,-2800,-0.008842940632400986
Neftel MES1,-2088,-2840,0.2200887711659727
Neftel MES1,-3700,-1830,0.15976144844531504
Neftel MES1,-3743,-618,0.043928084725958105
Neftel MES1,-1689,-700,-0.025988697685323747
Neftel MES1,-1585,-1074,0.09967014876892577
Neftel MES1,-796,-3350,1.0244994897598982
Neftel MES1,-1926,-2811,0.36093006545071715
Neftel MES1,-2025,-1877,0.1599071782006144
Neftel MES1,-1806,-1631,-0.06241234247298055
Neftel MES1,-2892,-2055,0.03677699711190496
Neftel MES1,-3537,-1676,-0.1474985129869958
Neftel MES1,-1587,-1323,0.04936031880085612
Neftel MES1,-1318,-1480,0.21779966357302727
Neftel MES1,-1060,-2757,0.7133083447932134
Neftel MES1,-3480,-1459,0.24711000768936597
Neftel MES1,-1389,-3189,0.78601976655666
Neftel MES1,-2312,-3646,0.958100657161667
Neftel MES1,-2565,-1810,-0.01017261963427718
Neftel MES1,-3812,-2202,0.1856018639749838
Neftel MES1,-3904,-585,0.14662846104433425
Neftel MES1,-2023,-1691,0.0019633567665744422
Neftel MES1,-3704,-2203,-0.19729485160032872
Neftel MES1,-2090,-3026,0.6775999409775968
Neftel MES1,-2574,-2742,-0.0688992257616351
Neftel MES1,-2083,-2343,0.004080466233949087
Neftel MES1,-3707,-2514,-0.1112648001316866
Neftel MES1,-3854,-990,-0.07278340770285607
Neftel MES1,-723,-1393,0.3903685876850618
Neftel MES1,-846,-2945,0.7574188856064348
Neftel MES1,-1814,-2439,0.4503161281566759
Neftel MES1,-2245,-2310,0.2546892720560011
Neftel MES1,-2027,-2064,0.49976486577337675
Neftel MES1,-1871,-2718,0.45794843824454623
Neftel MES1,-2239,-1627,0.0031255844028001967
Neftel MES1,-834,-1703,0.7488693057107217
Neftel MES1,-1657,-2906,0.7799698951003191
Neftel MES1,-2793,-3051,0.14184462262841657
Neftel MES1,-506,-1395,0.3675952631214139
Neftel MES1,-2183,-1410,-0.020292126900699148
Neftel MES1,-1390,-3251,0.780015169037487
Neftel MES1,-2180,-1161,-0.18249036675479935
Neftel MES1,-728,-1890,0.7332465728458152
Neftel MES1,-1383,-2567,0.5000202210910742
Neftel MES1,-1603,-2938,0.9898486592099355
Neftel MES1,-1758,-2222,0.44921711481750604
Neftel MES1,-2130,-1566,-0.012376504194553273
Neftel MES1,-1095,-799,0.3201799972231979
Neftel MES1,-3440,-2858,0.16532124265538894
Neftel MES1,-2254,-3180,0.6160260180032519
Neftel MES1,-2956,-3080,0.23377370406915476
Neftel MES1,-3113,-2550,0.04781633263891105
Neftel MES1,-1934,-3618,0.7002390008152788
Neftel MES1,-3163,-2208,0.08986702336106744
Neftel MES1,-1476,-1075,-0.11433386171454929
Neftel MES1,-1985,-3338,0.7586022243138425
Neftel MES1,-3439,-2734,0.04073590555672879
Neftel MES1,-3756,-1985,-0.008035662069377558
Neftel MES1,-2902,-3174,0.15405175570570429
Neftel MES1,-2619,-1841,-0.002129580499246164
Neftel MES1,-2937,-1216,0.0676657582509197
Neftel MES1,-2576,-2928,0.02878275618657633
Neftel MES1,-1806,-1569,0.11434150790035091
Neftel MES1,-2018,-1194,-0.04286356569170213
Neftel MES1,-958,-3317,1.0899915306151344
Neftel MES1,-1066,-3378,1.284348149528599
Neftel MES1,-2454,-1500,-0.020826962332247567
Neftel MES1,-3068,-3514,0.4814757640537791
Neftel MES1,-2607,-598,0.056884787686296456
Neftel MES1,-1222,-2724,0.4192470144982352
Neftel MES1,-3445,-3417,0.4743703302075195
Neftel MES1,-2031,-2499,0.48387961102154053
Neftel MES1,-1972,-1971,0.34491451787544436
Neftel MES1,-3535,-1552,-0.04625266185146404
Neftel MES1,-2407,-2278,0.1890997235711639
Neftel MES1,-3483,-1708,0.09804611127648655
Neftel MES1,-3418,-621,0.12206038142980735
Neftel MES1,-837,-2075,0.8019030732860244
Neftel MES1,-2954,-2894,-0.02086886836196078
Neftel MES1,-3118,-3047,0.4316877680164364
Neftel MES1,-1147,-581,-0.15679617397610413
Neftel MES1,-1211,-1544,0.28652913410126346
Neftel MES1,-888,-1733,0.6641714364899378
Neftel MES1,-2337,-632,-0.14523386564061191
Neftel MES1,-2834,-1714,-0.28482416060486954
Neftel MES1,-2879,-751,0.17624402522161753
Neftel MES1,-554,-742,0.34787151461478727
Neftel MES1,-1797,-699,0.03565214397864824
Neftel MES1,-1436,-2474,0.6164351847610889
Neftel MES1,-664,-928,0.2306762922635699
Neftel MES1,-4176,-738,0.10631283196491326
Neftel MES1,-2075,-1473,0.19716398111768463
Neftel MES1,-1445,-3343,0.5888296806106833
Neftel MES1,-1977,-2530,0.525209488769635
Neftel MES1,-1926,-2873,0.14239197160612838
Neftel MES1,-1322,-1853,0.6752335575907702
Neftel MES1,-1768,-3278,1.0413088484180513
Neftel MES1,-738,-2946,1.0047882343560524
Neftel MES1,-2021,-1443,-0.02425088276937193
Neftel MES1,-2198,-3025,0.35017463005638005
Neftel MES1,-2830,-1279,0.01903228378967947
Neftel MES1,-2143,-2871,0.5192707105329887
Neftel MES1,-4014,-709,0.19935456399710516
Neftel MES1,-3043,-967,-0.07853604821061866
Neftel MES1,-3601,-2763,0.42905113819923535
Neftel MES1,-2579,-3301,0.7955014494555868
Neftel MES1,-948,-2323,0.7399263599620493
Neftel MES1,-3479,-1273,0.0295141741094036
Neftel MES1,-958,-3379,1.1021927442675747
Neftel MES1,-690,-3537,0.7245257271441838
Neftel MES1,-1873,-2966,0.5246160853372209
Neftel MES1,-1056,-2322,0.682304856522973
Neftel MES1,-2398,-1346,-0.16504232405497543
Neftel MES1,-685,-3102,1.0598868312037681
Neftel MES1,-3429,-1740,-0.2028445652298655
Neftel MES1,-1856,-1165,-0.08336273455549825
Neftel MES1,-1592,-1820,0.4813398039685619
Neftel MES1,-3281,-3139,0.4174681942290067
Neftel MES1,-2954,-2956,0.13084999133261724
Neftel MES1,-2722,-1280,-0.1677654033579994
Neftel MES1,-3218,-2239,-0.0012087035822333503
Neftel MES1,-950,-2509,0.38101909436053566
Neftel MES1,-1905,-636,-0.04609444924023931
Neftel MES1,-3323,-1989,-0.16973560772563945
Neftel MES1,-886,-1547,0.09482220315670253
Neftel MES1,-3204,-872,0.3044268825665971
Neftel MES1,-1853,-916,-0.12135664284253489
Neftel MES1,-3479,-1335,0.018467183729105163
Neftel MES1,-689,-3475,0.7216899786763178
Neftel MES1,-1870,-2656,0.5368740517204824
Neftel MES1,-2886,-1496,-0.004657901592039382
Neftel MES1,-1647,-1912,0.6066743657707235
Neftel MES1,-3005,-2614,0.1306050859711252
Neftel MES1,-1988,-3649,0.3112887283921142
Neftel MES1,-2799,-3610,0.6177168064731865
Neftel MES1,-2245,-2248,0.12945451593666835
Neftel MES1,-1376,-1822,0.6455665055240017
Neftel MES1,-1599,-2565,0.9465648593191562
Neftel MES1,-1158,-1637,0.5429964338794538
Neftel MES1,-3066,-3265,0.4060801451679107
Neftel MES1,-1495,-3001,0.6810980910533984
Neftel MES1,-3334,-3045,0.4401141740196981
Neftel MES1,-1068,-3502,1.095226176690237
Neftel MES1,-1100,-1296,0.21199043942306572
Neftel MES1,-2825,-720,0.1178078086662836
Neftel MES1,-1487,-2193,0.7689745143913416
Neftel MES1,-1537,-1727,0.4517641107972874
Neftel MES1,-2960,-3515,0.4780239510058564
Neftel MES1,-3443,-3169,0.6653856968235445
Neftel MES1,-2257,-3491,0.6049730205125087
Neftel MES1,-719,-1020,0.0032184719011548735
Neftel MES1,-3172,-3140,0.31145989411029107
Neftel MES1,-1743,-731,-0.06573354012451516
Neftel MES1,-2631,-3021,0.04155155898845808
Neftel MES1,-1208,-1295,0.13001328117298327
Neftel MES1,-2230,-757,0.10967148010374117
Neftel MES1,-2582,-3612,0.8548535689301643
Neftel MES1,-2564,-1686,0.07585817018252472
Neftel MES1,-944,-1950,1.3503892843766594
Neftel MES1,-560,-1301,0.005403011187349205
Neftel MES1,-2145,-3057,0.37847228705780556
Neftel MES1,-567,-2047,0.8704258246355391
Neftel MES1,-3158,-1649,-0.05402739768532594
Neftel MES1,-1256,-642,-0.2836161016504093
Neftel MES1,-1215,-1979,0.8880365584887935
Neftel MES1,-1553,-3404,0.5997403774025457
Neftel MES1,-1751,-1476,0.05699800327517712
Neftel MES1,-2851,-3454,0.651408625532573
Neftel MES1,-2149,-3554,0.9257013854007623
Neftel MES1,-2520,-2774,-0.009123110915401522
Neftel MES1,-2140,-2622,0.36007369370465747
Neftel MES1,-2141,-2684,0.061007693162241194
Neftel MES1,-1545,-2597,0.9298796770235627
Neftel MES1,-2258,-3615,0.4720308418875758
Neftel MES1,-3959,-678,0.27143482072323055
Neftel MES1,-608,-711,0.09392348926323679
Neftel MES1,-793,-3039,1.109313692324762
Neftel MES1,-1007,-2851,0.6731566625456762
Neftel MES1,-2308,-3149,0.8906751808568987
Neftel MES1,-503,-1085,0.19141557923869212
Neftel MES1,-2499,-599,0.0017710980988369096
Neftel MES1,-1421,-920,0.09885446227387962
Neftel MES1,-1311,-735,-0.005802744747559818
Neftel MES1,-2662,-691,-0.02616473120356999
Neftel MES1,-1286,-3749,0.6625769285392463
Neftel MES1,-3366,-839,0.16713439663850116
Neftel MES1,-2445,-631,-0.0851605242054253
Neftel MES1,-2313,-3708,0.9896792461709552
Neftel MES1,-798,-3598,0.7446553424366139
Neftel MES1,-2189,-2031,0.11646135664383306
Neftel MES1,-2776,-1249,-0.02753799117854472
Neftel MES1,-2419,-3520,0.6490181202304999
Neftel MES1,-2898,-2677,-0.2520673635584534
Neftel MES1,-1380,-2257,0.4894621816878221
Neftel MES1,-2500,-723,-0.051415557800083445
Neftel MES1,-2634,-3394,0.8531200472733249
Neftel MES1,-788,-2542,0.560008387011932
Neftel MES1,-1284,-3500,0.6839842074770904
Neftel MES1,-673,-1797,0.41141600834071046
Neftel MES1,-2672,-1747,0.07607831123761088
Neftel MES1,-3383,-2579,0.3414168148119666
Neftel MES1,-1443,-3219,0.6856355017268622
Neftel MES1,-3543,-2360,-0.031150279158444927
Neftel MES1,-3420,-808,0.24424591516941052
Neftel MES1,-2948,-2335,0.16324473824842578
Neftel MES1,-2835,-1839,-0.05921461739591871
Neftel MES1,-2038,-3182,0.5705237919951821
Neftel MES1,-3377,-1895,0.12928777174761363
Neftel MES1,-1908,-947,0.019932226220095606
Neftel MES1,-2668,-1312,0.03506079404683404
Neftel MES1,-1920,-2251,0.6883692591238748
Neftel MES1,-1919,-2127,0.5887812603718218
Neftel MES1,-664,-865,0.09911849653770755
Neftel MES1,-2988,-812,0.006722625258036685
Neftel MES1,-2079,-1846,0.14271519536778776
Neftel MES1,-2998,-1930,-0.014689163000348504
Neftel MES1,-2455,-1625,-0.054592536972641104
Neftel MES1,-1266,-1636,0.560525875585929
Neftel MES1,-2030,-2437,0.31736196752067736
Neftel MES1,-1069,-3689,0.8397178363128879
Neftel MES1,-735,-2636,0.7727062772189871
Neftel MES1,-1313,-983,0.026800215738372657
Neftel MES1,-2667,-1250,0.2530415342247717
Neftel MES1,-2459,-1998,0.015251111579130394
Neftel MES1,-2666,-1126,0.09553659360315303
Neftel MES1,-1710,-2875,0.787165259969078
Neftel MES1,-2580,-3363,0.6507989482667358
Neftel MES1,-2308,-3211,0.7593806880378099
Neftel MES1,-1438,-2660,0.9017599193354847
Neftel MES1,-1983,-3090,0.21545536216418815
Neftel MES1,-2721,-1156,0.06199868089698757
Neftel MES1,-3325,-2176,0.1062266538728498
Neftel MES1,-2716,-659,-0.16313457051427838
Neftel MES1,-1495,-2939,0.6437167289453883
Neftel MES1,-3169,-2767,0.199408948564332
Neftel MES1,-1552,-3280,0.7362556521400162
Neftel MES1,-2846,-2895,0.104090292159286
Neftel MES1,-3752,-1612,0.2288595506158193
Neftel MES1,-3491,-2516,0.04426253113912093
Neftel MES1,-3472,-590,0.3236706263766922
Neftel MES1,-1261,-1201,0.1637573163937468
Neftel MES1,-1493,-2753,1.0063166188312538
Neftel MES1,-3226,-3109,0.24351458437605
Neftel MES1,-2827,-969,0.1705134438675402
Neftel MES1,-2891,-1993,-0.0013686965217708513
Neftel MES1,-3644,-1551,-0.05003698193386508
Neftel MES1,-610,-897,0.14344792443469478
Neftel MES1,-3105,-1805,0.15949697096155213
Neftel MES1,-1070,-3751,0.8856749311927549
Neftel MES1,-1529,-919,0.0719450267695475
Neftel MES1,-2087,-2654,0.21980110239616935
Neftel MES1,-1862,-1848,0.12802058294199825
Neftel MES1,-1601,-2752,0.6397406397912805
Neftel MES1,-1056,-2260,0.5845315058166162
Neftel MES1,-1059,-2633,0.7928669015050764
Neftel MES1,-2728,-1902,-0.051918220235248724
Neftel MES1,-3262,-1213,0.3273939023991935
Neftel MES1,-990,-1111,0.17526320401152684
Neftel MES1,-2684,-2927,0.4556696779196191
Neftel MES1,-3229,-3357,0.7406864459179467
Neftel MES1,-677,-2295,0.6530841096173101
Neftel MES1,-2852,-3516,0.6332849147178694
Neftel MES1,-3490,-2454,0.06262995482527278
Neftel MES1,-1538,-1851,0.8390220373450791
Neftel MES1,-2465,-2619,0.37719709688654246
Neftel MES1,-3750,-1364,-0.050953695048652436
Neftel MES1,-3762,-2606,0.15163449526067319
Neftel MES1,-882,-1112,0.2674610795039831
Neftel MES1,-720,-1082,0.021706297904382277
Neftel MES1,-1719,-3745,0.9087719116124745
Neftel MES1,-2509,-1655,0.14869455545643073
Neftel MES1,-1161,-2010,0.46947338667508254
Neftel MES1,-1492,-2690,0.8392574546975199
Neftel MES1,-1801,-1134,0.03187149514665988
Neftel MES1,-1475,-889,0.3820384383443556
Neftel MES1,-3766,-3041,0.5660728722987554
Neftel MES1,-775,-1175,0.02908901654101792
Neftel MES1,-3532,-1179,0.42510633280379895
Neftel MES1,-879,-801,0.11284447104463635
Neftel MES1,-2413,-2837,0.3249709564303602
Neftel MES1,-735,-2698,1.0249850893732275
Neftel MES1,-1971,-1847,0.21076936180625472
Neftel MES1,-935,-1018,0.2933047936340063
Neftel MES1,-3117,-2985,0.2518483340357065
Neftel MES1,-1606,-3249,0.8802614204664967
Neftel MES1,-691,-3661,0.6357301160679419
Neftel MES1,-2787,-2367,0.04998960106910555
Neftel MES1,-2517,-2463,0.0472787530741442
Neftel MES1,-3421,-932,0.11181538826017645
Neftel MES1,-1927,-2935,0.5570379865497394
Neftel MES1,-3043,-904,0.28602283972979115
Neftel MES1,-1807,-1755,0.19904672961694625
Neftel MES1,-3378,-2020,0.14463252442446162
Neftel MES1,-3164,-2270,0.13363482762867074
Neftel MES1,-782,-1921,0.7586450540385348
Neftel MES1,-3659,-3104,0.42254252701817485
Neftel MES1,-2664,-939,-0.037962483224519006
Neftel MES1,-3364,-591,0.1906777844033788
Neftel MES1,-1433,-2163,0.6953990478890208
Neftel MES1,-1642,-1415,-0.026275167922661158
Neftel MES1,-770,-740,0.050061067291106376
Neftel MES1,-1069,-3627,0.8612945326510029
Neftel MES1,-837,-2013,1.0077901969670826
Neftel MES1,-1223,-2848,0.5808334734932475
Neftel MES1,-1385,-2816,0.854583549691312
Neftel MES1,-2958,-3329,0.3181010242429734
Neftel MES1,-826,-895,0.05511234521252106
Neftel MES1,-1117,-3036,0.4661304008431491
Neftel MES1,-1472,-578,0.013390939920830625
Neftel MES1,-2610,-909,0.2871831309973296
Neftel MES1,-844,-2697,0.9295401740848309
Neftel MES1,-787,-2418,0.8178200066199739
Neftel MES1,-3224,-2860,0.2152475392811638
Neftel MES1,-2609,-784,-0.06589394363627976
Neftel MES1,-1527,-733,0.11804392126747487
Neftel MES1,-2399,-1470,0.34489533149633567
Neftel MES1,-1801,-1072,0.07846055212724634
Neftel MES1,-3636,-805,0.09981551885742201
Neftel MES1,-1742,-606,-0.03625118541204442
Neftel MES1,-3116,-2861,0.2537967832863057
Neftel MES1,-1650,-2285,0.747460434043161
Neftel MES1,-1013,-3410,1.300639167706877
Neftel MES1,-562,-1550,0.05917758227049841
Neftel MES1,-3958,-554,0.2049779915729235
Neftel MES1,-4014,-771,0.07750994632599817
Neftel MES1,-2462,-2370,0.14082189389016053
Neftel MES1,-674,-1922,0.47391470362603294
Neftel MES1,-2254,-3242,0.5909719342698265
Neftel MES1,-2292,-1595,0.2751900239628797
Neftel MES1,-1982,-3027,0.5054728584710325
Neftel MES1,-946,-2137,0.7061312151360384
Neftel MES1,-2743,-3455,0.6602017828656568
Neftel MES1,-962,-3752,0.7567913618701277
Neftel MES1,-1002,-2354,0.8249649674686003
Neftel MES1,-2018,-1132,-0.12507272738871134
Neftel MES1,-2237,-1503,-3.2001523138980303e-4
Neftel MES1,-884,-1298,0.14348568841010478
Neftel MES1,-1001,-2229,0.5943995869467483
Neftel MES1,-1548,-2845,0.9109760131434176
Neftel MES1,-3599,-2515,-0.16669145396704654
Neftel MES1,-3309,-560,0.1858128789008967
Neftel MES1,-2342,-1129,0.06469655921136597
Neftel MES1,-1984,-3276,0.5966838629358788
Neftel MES1,-2661,-566,-0.05378583681605964
Neftel MES1,-1699,-1694,0.15843333921141978
Neftel MES1,-2986,-625,-0.07757431083130617
Neftel MES1,-2073,-1225,-0.07620345287473185
Neftel MES1,-2795,-3237,0.512512246659623
Neftel MES1,-1798,-823,-0.10211417370416243
Neftel MES1,-2350,-1936,0.29700932045379747
Neftel MES1,-3058,-2458,0.11898784685212527
Neftel MES1,-2187,-1907,0.4057486951436736
Neftel MES1,-1713,-3123,0.7394131173477542
Neftel MES1,-900,-2976,0.6938066897967547
Neftel MES1,-1380,-2319,0.7195839943575236
Neftel MES1,-3798,-773,0.17161906789396442
Neftel MES1,-885,-1423,0.1122094985287393
Neftel MES1,-839,-2200,0.9413437462738454
Neftel MES1,-1800,-948,0.2702284160910887
Neftel MES1,-2095,-3523,0.6537742724168026
Neftel MES1,-1694,-1259,0.20028952421523483
Neftel MES1,-1434,-2287,0.4442464312678532
Neftel MES1,-947,-2261,0.7116015872970107
Neftel MES1,-2338,-694,-0.015881343854181273
Neftel MES1,-1692,-1011,0.2201297593613838
Neftel MES1,-2885,-1372,-0.09034534369237501
Neftel MES1,-744,-3568,0.7906932042881121
Neftel MES1,-1117,-2974,0.5397498529317241
Neftel MES1,-2025,-1940,0.10509055607830975
Neftel MES1,-781,-1796,0.5569787088468199
Neftel MES1,-3587,-1334,0.12258556173381963
Neftel MES1,-1387,-2940,0.8878233686225367
Neftel MES1,-628,-2761,1.400449374898399
Neftel MES1,-2033,-2685,0.41470046805261207
Neftel MES1,-1041,-769,-0.017717286735074667
Neftel MES1,-1330,-2723,0.8929261192027917
Neftel MES1,-1704,-2191,0.6968393155014454
Neftel MES1,-1825,-3557,0.897160906113907
Neftel MES1,-1483,-1696,0.4642520734271959
Neftel MES1,-2237,-1440,-0.03699823647520106
Neftel MES1,-1335,-3220,0.7093565249958764
Neftel MES1,-1695,-1321,0.21325769063481426
Neftel MES1,-3651,-2359,-0.06860746204456492
Neftel MES1,-991,-1235,-0.1518394711836627
Neftel MES1,-2203,-3460,0.5810480176795255
Neftel MES1,-672,-1735,0.5637825331395634
Neftel MES1,-3009,-2986,0.2800199297125544
Neftel MES1,-2252,-2994,0.27991531335838904
Neftel MES1,-2724,-1529,0.11029783472109767
Neftel MES1,-2785,-2243,0.027789083588948826
Neftel MES1,-3221,-2549,0.19333748653514093
Neftel MES1,-3702,-1954,0.16228056480470487
Neftel MES1,-1281,-3252,0.8811576176285997
Neftel MES1,-3009,-3049,0.4003535629552144
Neftel MES1,-3093,-562,0.3464865338505031
Neftel MES1,-2903,-3236,0.27338263992758394
Neftel MES1,-1100,-1234,0.2596279219130996
Neftel MES1,-1480,-1448,0.08736847841171913
Neftel MES1,-2473,-3489,0.8250602330663943
Neftel MES1,-3537,-1738,0.10372160669357444
Neftel MES1,-555,-804,0.04765929144602099
Neftel MES1,-2236,-1378,-0.06410292015675856
Neftel MES1,-2959,-3391,0.4328222086196918
Neftel MES1,-677,-2232,0.49132974452903555
Neftel MES1,-2467,-2867,0.13484537256774654
Neftel MES1,-1815,-2563,0.541566272476259
Neftel MES1,-506,-1333,0.08302124763465268
Neftel MES1,-1103,-1607,0.36132857110786987
Neftel MES1,-3174,-3264,0.38378112570194123
Neftel MES1,-1855,-1102,-0.18508196370155827
Neftel MES1,-2879,-813,0.08464676284392847
Neftel MES1,-1598,-2441,0.8430039069679458
Neftel MES1,-2626,-2524,0.07960189478449065
Neftel MES1,-1861,-1662,0.18995375958340743
Neftel MES1,-2469,-3116,0.35338814217027603
Neftel MES1,-783,-1983,0.9677711080270478
Neftel MES1,-1802,-1196,0.09381268129354392
Neftel MES1,-2898,-2739,-0.02069256391141938
Neftel MES1,-1219,-2414,0.4183413103150739
Neftel MES1,-2305,-2900,0.2838771681598802
Neftel MES1,-1486,-2069,0.9343075999412528
Neftel MES1,-1116,-2912,0.8063858938246653
Neftel MES1,-2471,-3240,0.5615298740250443
Neftel MES1,-792,-2977,0.9726139373991618
Neftel MES1,-2461,-2246,0.07310324558332049
Neftel MES1,-3384,-2703,0.3037329505565216
Neftel MES1,-722,-1269,-0.09836060837976957
Neftel MES1,-2957,-3204,0.15278175653216264
Neftel MES1,-3392,-3511,0.5019713459059104
Neftel MES1,-1852,-792,0.16992836037505132
Neftel MES1,-773,-1051,-0.0509691054120297
Neftel MES1,-1257,-704,-0.15560351929733196
Neftel MES1,-1440,-2908,0.8566715358608141
Neftel MES1,-1663,-3528,0.35533189006072363
Neftel MES1,-2999,-1992,-0.20385733622559865
Neftel MES1,-3107,-1991,-0.0337831067073876
Neftel MES1,-1123,-3657,0.8281711100079171
Neftel MES1,-2881,-937,0.3928703772745088
Neftel MES1,-2896,-2553,0.17746913192712177
Neftel MES1,-3323,-1927,-0.13719424223325294
Neftel MES1,-2849,-3268,0.3744329198972114
Neftel MES1,-1541,-2100,0.9800519736889588
Neftel MES1,-3119,-3234,0.6913340306777626
Neftel MES1,-993,-1359,0.09724908390297227
Neftel MES1,-3222,-2674,0.230609870965645
Neftel MES1,-1701,-1943,0.6369875975509725
Neftel MES1,-1756,-1973,0.5698439776441623
Neftel MES1,-3706,-2389,0.0063835494153798855
Neftel MES1,-991,-1173,0.1318595175770526
Neftel MES1,-3474,-838,0.09174828591665418
Neftel MES1,-3594,-2018,-0.0866972063771233
Neftel MES1,-799,-3660,0.772418157565993
Neftel MES1,-4068,-739,0.2062392579392215
Neftel MES1,-1282,-3314,0.7804802223552288
Neftel MES1,-1371,-1325,-0.17254897639256328
Neftel MES1,-2358,-2806,0.1967165299343998
Neftel MES1,-3375,-1709,0.12639875149535307
Neftel MES1,-1065,-3254,0.9641261527897802
Neftel MES1,-1967,-1474,-0.06073167918261757
Neftel MES1,-1666,-3838,0.8853870531794865
Neftel MES1,-2256,-3367,0.7510596659125542
Neftel MES1,-740,-3195,1.1295245853112366
Neftel MES1,-1589,-1571,0.11397329706431125
Neftel MES1,-3648,-1986,0.028239208856554177
Neftel MES1,-1593,-1944,0.6224259927230403
Neftel MES1,-3744,-804,-0.019867800311734185
Neftel MES1,-3227,-3171,0.4360725410799914
Neftel MES1,-3060,-2706,0.023226033464529228
Neftel MES1,-2179,-1099,-0.008928291198351812
Neftel MES1,-2577,-3053,0.11457285926782346
Neftel MES1,-1936,-3867,0.7406862815972648
Neftel MES1,-1475,-951,0.05510515310766517
Neftel MES1,-1374,-1635,0.4545681743485894
Neftel MES1,-1328,-2475,0.9245608040854536
Neftel MES1,-2944,-1837,0.18640386984080493
Neftel MES1,-3211,-1555,0.02801080150158275
Neftel MES1,-1550,-3032,0.9937867594895795
Neftel MES1,-1644,-1664,-0.08051159991955936
Neftel MES1,-2015,-821,0.20867942829132435
Neftel MES1,-1719,-3807,0.8298174743023111
Neftel MES1,-1424,-1231,0.09903398454850931
Neftel MES1,-2135,-2125,0.06369049368898794
Neftel MES1,-3746,-929,0.26277750317106874
Neftel MES1,-2251,-2932,0.409111717479838
Neftel MES1,-2988,-874,0.4165859602560723
Neftel MES1,-2528,-3581,0.9377279852908469
Neftel MES1,-2779,-1559,-0.07484288967396413
Neftel MES1,-1711,-2999,0.9339879470471084
Neftel MES1,-3104,-1618,0.08311454563247078
Neftel MES1,-892,-2168,0.7689140911726374
Neftel MES1,-2727,-1840,-0.0715226502834535
Neftel MES1,-3390,-3262,0.4949853620689473
Neftel MES1,-2780,-1746,0.04195174409572744
Neftel MES1,-796,-3412,0.9006946474059363
Neftel MES1,-1972,-2033,0.34642097373929814
Neftel MES1,-1715,-3372,0.7349377471319477
Neftel MES1,-2995,-1619,0.0879619243716393
Neftel MES1,-1860,-1599,0.062099353680720615
Neftel MES1,-2732,-2337,-0.014277867221601515
Neftel MES1,-1544,-2410,0.8772339087628639
Neftel MES1,-2617,-1654,0.14119567828923685
Neftel MES1,-3317,-1306,-0.060442168678858876
Neftel MES1,-2347,-1626,0.1440605498248132
Neftel MES1,-3766,-2979,0.10833043686718258
Neftel MES1,-1015,-3596,1.0935273267241212
Neftel MES1,-1581,-701,0.042329212003525574
Neftel MES1,-3269,-1959,-0.06464789023711526
Neftel MES1,-1748,-1166,-0.0359764661462626
Neftel MES1,-3160,-1835,0.3532504173433447
Neftel MES1,-1176,-3564,0.7215960913976037
Neftel MES1,-561,-1488,0.34218941925326796
Neftel MES1,-1602,-2814,0.5279844677316252
Neftel MES1,-1435,-2349,0.5282362467617017
Neftel MES1,-2192,-2342,0.06087172870539803
Neftel MES1,-1586,-1198,0.048763308896300206
Neftel MES1,-847,-3007,0.6938398661692655
Neftel MES1,-3101,-1308,0.09124187977826315
Neftel MES1,-2616,-1468,-0.015374899056242564
Neftel MES1,-3444,-3231,0.6816171926468277
Neftel MES1,-836,-1951,0.7764409262958025
Neftel MES1,-3001,-2179,0.14651991125734887
Neftel MES1,-949,-2447,0.5662194365655426
Neftel MES1,-1326,-2288,0.38573625689075675
Neftel MES1,-1316,-1232,0.04897957063739322
Neftel MES1,-1280,-3128,0.8711789083959292
Neftel MES1,-1645,-1726,0.315044714643257
Neftel MES1,-1925,-2748,0.3882128801413355
Neftel MES1,-2035,-2934,0.49200117624669226
Neftel MES1,-3000,-2054,0.09689114466369009
Neftel MES1,-3262,-1275,0.11569555242937124
Neftel MES1,-2887,-1558,-0.2247675855777327
Neftel MES1,-1875,-3091,0.8596335754648012
Neftel MES1,-2299,-2279,0.05412417310989437
Neftel MES1,-3148,-593,0.020546898993082152
Neftel MES1,-1062,-2881,0.8022647766979175
Neftel MES1,-3257,-716,0.2246645541704385
Neftel MES1,-1597,-2379,1.0261350086414254
Neftel MES1,-3445,-3355,0.6953051044656948
Neftel MES1,-3656,-2856,0.33479039038074254
Neftel MES1,-3634,-619,0.027527453777877908
Neftel MES1,-1382,-2443,0.7024480971085956
Neftel MES1,-3102,-1432,0.02394361136432621
Neftel MES1,-3436,-2423,0.08951081627336277
Neftel MES1,-3165,-2395,0.23138166146990546
Neftel MES1,-1592,-1882,0.5846617580168982
Neftel MES1,-1707,-2564,0.8949451587233883
Neftel MES1,-1527,-671,0.10292068809184962
Neftel MES1,-2090,-2964,0.26849420638052424
Neftel MES1,-3538,-1863,-0.08319634713335422
Neftel MES1,-3643,-1489,-0.04616587265781902
Neftel MES1,-2831,-1404,-0.12243144300336184
Neftel MES1,-784,-2169,0.8460612703292896
Neopl-ACR (refined),-566,-1923,0.505790703274273
Neopl-ACR (refined),-1176,-3501,0.24788487326453063
Neopl-ACR (refined),-2718,-845,0.16942888203081158
Neopl-ACR (refined),-2935,-968,0.22990679759556915
Neopl-ACR (refined),-3742,-556,0.14704865869629513
Neopl-ACR (refined),-2669,-1436,0.04857989346344732
Neopl-ACR (refined),-3214,-1866,-0.03554277618180551
Neopl-ACR (refined),-2396,-1159,0.21561713535377336
Neopl-ACR (refined),-734,-2574,0.287057311074116
Neopl-ACR (refined),-3527,-682,0.1720753919695207
Neopl-ACR (refined),-2306,-3024,0.18169086208799345
Neopl-ACR (refined),-2843,-2646,-0.013583802066411632
Neopl-ACR (refined),-3854,-928,0.09418313261593841
Neopl-ACR (refined),-2829,-1155,0.28768654107365926
Neopl-ACR (refined),-3851,-617,0.03133334783055031
Neopl-ACR (refined),-946,-2074,0.32148354638769144
Neopl-ACR (refined),-1963,-1039,-0.02485195194208928
Neopl-ACR (refined),-3758,-2233,0.17777696988774538
Neopl-ACR (refined),-3380,-2268,0.19790198750863747
Neopl-ACR (refined),-1707,-2502,0.46823504471500194
Neopl-ACR (refined),-1696,-1384,0.1570030586298662
Neopl-ACR (refined),-3156,-1400,-0.020785829572031567
Neopl-ACR (refined),-947,-2199,0.14753608808404994
Neopl-ACR (refined),-2797,-3486,0.3225769196400589
Neopl-ACR (refined),-2690,-3549,0.2039444717562124
Neopl-ACR (refined),-1174,-3315,0.1451855022057798
Neopl-ACR (refined),-2952,-2707,0.09114397085087539
Neopl-ACR (refined),-3279,-3015,0.03545220022013146
Neopl-ACR (refined),-3473,-714,0.10093451800863945
Neopl-ACR (refined),-2786,-2305,0.044392678267773544
Neopl-ACR (refined),-1263,-1326,0.13221333314436934
Neopl-ACR (refined),-1114,-2725,0.11302461176077208
Neopl-ACR (refined),-2190,-2156,0.1443129309099131
Neopl-ACR (refined),-1796,-575,0.10166501564744013
Neopl-ACR (refined),-2246,-2372,0.15584612205771914
Neopl-ACR (refined),-2121,-696,0.20948987288660587
Neopl-ACR (refined),-1173,-3253,0.257714155808735
Neopl-ACR (refined),-1824,-3495,0.2817108558858938
Neopl-ACR (refined),-3373,-1523,0.0058545637121030225
Neopl-ACR (refined),-667,-1176,0.1489123702413206
Neopl-ACR (refined),-742,-3381,0.30810731711216277
Neopl-ACR (refined),-2941,-1589,0.11438107017159121
Neopl-ACR (refined),-1917,-1879,0.3128066306559667
Neopl-ACR (refined),-3699,-1706,0.11991776416874722
Neopl-ACR (refined),-1966,-1350,0.07328626131443511
Neopl-ACR (refined),-3176,-3451,0.3366843246427626
Neopl-ACR (refined),-897,-2603,0.12696706588253404
Neopl-ACR (refined),-2829,-1217,0.25700883261626006
Neopl-ACR (refined),-725,-1642,0.21959922314378644
Neopl-ACR (refined),-3589,-1520,0.19111666859843307
Neopl-ACR (refined),-1222,-2662,0.10933201141969748
Neopl-ACR (refined),-1968,-1536,0.08667022218412362
Neopl-ACR (refined),-1880,-3650,0.2481890088690304
Neopl-ACR (refined),-558,-1115,0.1426991014033886
Neopl-ACR (refined),-2344,-1315,0.20331632189387422
Neopl-ACR (refined),-743,-3443,0.32368406048100273
Neopl-ACR (refined),-3907,-896,0.1307941404040442
Neopl-ACR (refined),-1156,-1513,0.030100492280326074
Neopl-ACR (refined),-1213,-1792,0.2619396014866604
Neopl-ACR (refined),-2582,-3550,0.3071001439592534
Neopl-ACR (refined),-844,-2759,0.2062785966649608
Neopl-ACR (refined),-1709,-2751,0.20660182491127033
Neopl-ACR (refined),-2905,-3422,0.16722142282581948
Neopl-ACR (refined),-1059,-2570,0.16056694579530195
Neopl-ACR (refined),-3767,-3103,0.20362326962218025
Neopl-ACR (refined),-3330,-2673,-0.08290643946058524
Neopl-ACR (refined),-1283,-3438,0.197818021970887
Neopl-ACR (refined),-3528,-806,0.11620686465062258
Neopl-ACR (refined),-3278,-2828,0.11048481064943977
Neopl-ACR (refined),-1217,-2227,0.1372963799461772
Neopl-ACR (refined),-1711,-2937,0.2872836975026015
Neopl-ACR (refined),-1503,-3809,0.11569959995684115
Neopl-ACR (refined),-830,-1268,0.14682586554298743
Neopl-ACR (refined),-1653,-2596,0.44200561350585915
Neopl-ACR (refined),-3338,-3480,0.2531494695571511
Neopl-ACR (refined),-3121,-3420,0.1599544486445032
Neopl-ACR (refined),-2943,-1775,0.07307437265729244
Neopl-ACR (refined),-2998,-1868,0.20631441190749583
Neopl-ACR (refined),-1700,-1819,0.20090390141800063
Neopl-ACR (refined),-902,-3162,0.14742634806790983
Neopl-ACR (refined),-2359,-2868,0.08223698951808905
Neopl-ACR (refined),-1583,-888,0.19545464682625496
Neopl-ACR (refined),-621,-2078,0.28533969420804695
Neopl-ACR (refined),-3382,-2455,0.0881170481065135
Neopl-ACR (refined),-2458,-1935,0.1799462821841037
Neopl-ACR (refined),-1067,-3440,0.412586340596149
Neopl-ACR (refined),-993,-1422,0.29227542728783035
Neopl-ACR (refined),-2311,-3459,0.2931413196016429
Neopl-ACR (refined),-3268,-1834,-0.07942228807187901
Neopl-ACR (refined),-1275,-2630,0.27906489775126564
Neopl-ACR (refined),-1492,-2628,0.34455776854462317
Neopl-ACR (refined),-784,-2107,0.3391850757285004
Neopl-ACR (refined),-1369,-1138,0.117815445002725
Neopl-ACR (refined),-1966,-1412,0.0661171061740552
Neopl-ACR (refined),-1153,-1202,0.1570321640758537
Neopl-ACR (refined),-2068,-790,0.21043732169813245
Neopl-ACR (refined),-676,-2108,0.11845965303057049
Neopl-ACR (refined),-1101,-1358,0.22355685657067303
Neopl-ACR (refined),-3744,-742,0.12694517425799928
Neopl-ACR (refined),-3650,-2234,0.15684549137628484
Neopl-ACR (refined),-669,-1425,0.1077384535981823
Neopl-ACR (refined),-2357,-2682,0.26338426994699954
Neopl-ACR (refined),-1858,-1413,0.20569755913192284
Neopl-ACR (refined),-2306,-2962,0.26641102253180915
Neopl-ACR (refined),-2507,-1469,0.06689148411669454
Neopl-ACR (refined),-2361,-3055,0.340517388567827
Neopl-ACR (refined),-3592,-1769,0.07897153449682393
Neopl-ACR (refined),-1823,-3371,0.2782584629684868
Neopl-ACR (refined),-3602,-2825,-0.08312076573056848
Neopl-ACR (refined),-3276,-2704,0.07698234853926866
Neopl-ACR (refined),-906,-3597,0.30125880183137255
Neopl-ACR (refined),-3482,-1646,0.19534630454479646
Neopl-ACR (refined),-3114,-2675,0.18236483964974937
Neopl-ACR (refined),-2305,-2838,0.14393844051869398
Neopl-ACR (refined),-3496,-3075,0.2365149355442968
Neopl-ACR (refined),-570,-2358,0.298527565075597
Neopl-ACR (refined),-1919,-2065,0.13362698665373796
Neopl-ACR (refined),-1876,-3277,0.3085766458337927
Neopl-ACR (refined),-1699,-1756,0.1279224844668485
Neopl-ACR (refined),-2026,-2002,0.21645084330285913
Neopl-ACR (refined),-3802,-1208,0.23278291321532857
Neopl-ACR (refined),-1824,-3433,0.25561052621919567
Neopl-ACR (refined),-3642,-1365,0.10905335796346871
Neopl-ACR (refined),-3580,-588,0.09860058813669881
Neopl-ACR (refined),-1766,-3092,0.40551334301765934
Neopl-ACR (refined),-2797,-3423,0.2686124786185897
Neopl-ACR (refined),-1432,-2039,0.38749850539656816
Neopl-ACR (refined),-2184,-1534,0.14390420199807558
Neopl-ACR (refined),-2500,-661,-0.0472537078340563
Neopl-ACR (refined),-2614,-1344,0.09342126433137377
Neopl-ACR (refined),-3756,-2047,0.27275207508366456
Neopl-ACR (refined),-1907,-884,0.02983116364981936
Neopl-ACR (refined),-3047,-1401,-0.0192732903438656
Neopl-ACR (refined),-3226,-3046,0.22723069167964527
Neopl-ACR (refined),-3497,-3199,0.21615070461510666
Neopl-ACR (refined),-1395,-3810,-0.07176405248263529
Neopl-ACR (refined),-2887,-1621,0.1165047199969324
Neopl-ACR (refined),-679,-2481,0.416387546043284
Neopl-ACR (refined),-2346,-1502,0.16806100774627458
Neopl-ACR (refined),-3213,-1742,0.07554996466256547
Neopl-ACR (refined),-682,-2792,0.19191701100672182
Neopl-ACR (refined),-1640,-1167,0.06635415959036234
Neopl-ACR (refined),-3215,-1990,0.18048821879127785
Neopl-ACR (refined),-3011,-3235,0.25764061301099106
Neopl-ACR (refined),-3489,-2329,0.10212907364481372
Neopl-ACR (refined),-1744,-793,0.19911360649746807
Neopl-ACR (refined),-836,-1889,0.3683771867845357
Neopl-ACR (refined),-2878,-626,0.1271586766360121
Neopl-ACR (refined),-1881,-3712,0.2379209054590109
Neopl-ACR (refined),-2343,-1253,0.15100966812646227
Neopl-ACR (refined),-668,-1300,-0.05116062087200052
Neopl-ACR (refined),-1107,-2042,0.25760733165304767
Neopl-ACR (refined),-831,-1392,0.15513199086478763
Neopl-ACR (refined),-2523,-3022,0.07373587666031844
Neopl-ACR (refined),-841,-2448,0.18009818996492355
Neopl-ACR (refined),-2448,-879,0.14652803747600956
Neopl-ACR (refined),-2148,-3430,0.13825273180144654
Neopl-ACR (refined),-2994,-1495,0.1675310166493167
Neopl-ACR (refined),-2793,-2988,0.10007795352772103
Neopl-ACR (refined),-1648,-2037,0.11973889998398418
Neopl-ACR (refined),-1208,-1233,0.16870464991755107
Neopl-ACR (refined),-1662,-3466,-0.013842659197193186
Neopl-ACR (refined),-1772,-3713,0.26754458047345164
Neopl-ACR (refined),-1760,-2408,0.11923727075065649
Neopl-ACR (refined),-1447,-3592,0.1790236026867677
Neopl-ACR (refined),-2017,-1070,0.16445661614375584
Neopl-ACR (refined),-1428,-1666,0.2759796454674915
Neopl-ACR (refined),-3907,-834,0.24334468116106017
Neopl-ACR (refined),-3372,-1398,0.05809254445515416
Neopl-ACR (refined),-2568,-2121,0.14446987713437504
Neopl-ACR (refined),-3546,-2608,0.08589663244915124
Neopl-ACR (refined),-3581,-713,0.09616815083325347
Neopl-ACR (refined),-933,-832,0.20249102684781695
Neopl-ACR (refined),-3166,-2519,-0.07713413964864729
Neopl-ACR (refined),-1661,-3403,0.2597064696928302
Neopl-ACR (refined),-3799,-835,0.17950204180710794
Neopl-ACR (refined),-3058,-2520,0.09281371324961135
Neopl-ACR (refined),-2848,-3143,0.20209368044849163
Neopl-ACR (refined),-4015,-833,0.14839224221664282
Neopl-ACR (refined),-1121,-3409,0.38729660234316765
Neopl-ACR (refined),-1005,-2664,0.22198686423483835
Neopl-ACR (refined),-2878,-689,0.020945731977261905
Neopl-ACR (refined),-3118,-3110,0.15650820867901472
Neopl-ACR (refined),-2794,-3175,0.2454777354340611
Neopl-ACR (refined),-800,-3785,0.10826011542463715
Neopl-ACR (refined),-2142,-2808,0.20351398186426767
Neopl-ACR (refined),-1589,-1509,0.1658286440132487
Neopl-ACR (refined),-2020,-1380,0.06210897383964614
Neopl-ACR (refined),-2391,-600,0.029958530992921784
Neopl-ACR (refined),-3062,-2893,0.19668175655997316
Neopl-ACR (refined),-1969,-1723,0.1527167560092853
Neopl-ACR (refined),-2792,-2926,0.07192149479217919
Neopl-ACR (refined),-2667,-1188,0.10675615466136601
Neopl-ACR (refined),-2346,-1564,0.090896618210353
Neopl-ACR (refined),-3481,-1522,0.22735290961375576
Neopl-ACR (refined),-2069,-852,0.25222788281866454
Neopl-ACR (refined),-1929,-3121,0.2497941655745447
Neopl-ACR (refined),-1705,-2316,0.26157591115958045
Neopl-ACR (refined),-2796,-3361,0.12031397228216029
Neopl-ACR (refined),-1167,-2569,0.2590967788902241
Neopl-ACR (refined),-825,-833,0.17268473333477974
Neopl-ACR (refined),-1703,-2129,0.11678586406458347
Neopl-ACR (refined),-1429,-1790,0.44921524474953684
Neopl-ACR (refined),-1203,-736,-0.06633457858800784
Neopl-ACR (refined),-1755,-1911,0.23887181335213498
Neopl-ACR (refined),-2088,-2778,0.07505443253566108
Neopl-ACR (refined),-790,-2791,0.2760815241174809
Neopl-ACR (refined),-1872,-2780,0.07928333653602421
Neopl-ACR (refined),-1315,-1108,0.1585058750547279
Neopl-ACR (refined),-3216,-2052,0.21178277258573652
Neopl-ACR (refined),-3209,-1307,0.1720215056054749
Neopl-ACR (refined),-786,-2356,0.33209521383480295
Neopl-ACR (refined),-949,-2385,0.33055926046195744
Neopl-ACR (refined),-955,-3069,0.21963574761910526
Neopl-ACR (refined),-3282,-3263,0.34930072310483223
Neopl-ACR (refined),-3159,-1773,0.14975992909913283
Neopl-ACR (refined),-2445,-569,0.14277411098502518
Neopl-ACR (refined),-3582,-837,0.2869396495956941
Neopl-ACR (refined),-1545,-2535,0.38189586511802937
Neopl-ACR (refined),-2124,-944,0.13611064082904056
Neopl-ACR (refined),-3381,-2330,0.08199097890487911
Neopl-ACR (refined),-2680,-2492,0.17992157045179685
Neopl-ACR (refined),-2618,-1716,-0.019545351931264165
Neopl-ACR (refined),-2848,-3081,0.22573894163135744
Neopl-ACR (refined),-900,-2914,0.16170196368238093
Neopl-ACR (refined),-629,-2885,0.37507256551735135
Neopl-ACR (refined),-827,-1019,0.09967536402740756
Neopl-ACR (refined),-3166,-2457,0.085161668659546
Neopl-ACR (refined),-573,-2668,0.3707378281091061
Neopl-ACR (refined),-3270,-2083,0.21744213784280092
Neopl-ACR (refined),-1324,-2102,0.3119870992831238
Neopl-ACR (refined),-3441,-2982,0.13120936339923162
Neopl-ACR (refined),-793,-3101,0.28758781937680966
Neopl-ACR (refined),-2029,-2250,0.40632858811097344
Neopl-ACR (refined),-3008,-2924,0.14701665663721103
Neopl-ACR (refined),-933,-770,0.11242325881066806
Neopl-ACR (refined),-2446,-693,0.16178624766953392
Neopl-ACR (refined),-629,-2823,0.5468733291585621
Neopl-ACR (refined),-908,-3784,0.20167694276156434
Neopl-ACR (refined),-3014,-3483,0.33442140249026525
Neopl-ACR (refined),-2462,-2308,0.16826675882289732
Neopl-ACR (refined),-2773,-938,0.17206061633025255
Neopl-ACR (refined),-2674,-1871,0.013279850947030825
Neopl-ACR (refined),-1095,-737,0.126096516915442
Neopl-ACR (refined),-2038,-3244,0.10755430198825039
Neopl-ACR (refined),-1749,-1352,0.12596789171551548
Neopl-ACR (refined),-2402,-1718,0.15712136652214553
Neopl-ACR (refined),-3697,-1457,0.051792387136748275
Neopl-ACR (refined),-3491,-2578,0.07297630912009329
Neopl-ACR (refined),-2475,-3675,0.2917818688918391
Neopl-ACR (refined),-2675,-2058,0.21595165889867574
Neopl-ACR (refined),-4339,-830,0.18676031107086416
Neopl-ACR (refined),-3542,-2236,0.10630633720088195
Neopl-ACR (refined),-1045,-1204,0.1605389215979361
Neopl-ACR (refined),-3430,-1802,-0.084309435005928135
Neopl-ACR (refined),-3011,-3173,0.21694491097780166
Neopl-ACR (refined),-1113,-2601,0.25884007173895407
Neopl-ACR (refined),-739,-3071,0.38555690062563763
Neopl-ACR (refined),-893,-2230,0.12284400268050022
Neopl-ACR (refined),-3475,-900,0.2476961279465294
Neopl-ACR (refined),-3708,-2638,-0.016407965774711097
Neopl-ACR (refined),-1924,-2624,0.12260021837526447
Neopl-ACR (refined),-2364,-3428,0.14797626910512168
Neopl-ACR (refined),-3171,-3016,0.10819943040152213
Neopl-ACR (refined),-2907,-3609,0.19641390833115613
Neopl-ACR (refined),-637,-3693,0.19796759298790087
Neopl-ACR (refined),-3797,-711,0.11363294480053265
Neopl-ACR (refined),-3700,-1768,0.17601903079165726
Neopl-ACR (refined),-680,-2605,0.5056102305988147
Neopl-ACR (refined),-3102,-1494,0.09073820254155024
Neopl-ACR (refined),-2129,-1504,0.08725330662279607
Neopl-ACR (refined),-2128,-1317,0.1955950231457606
Neopl-ACR (refined),-833,-1641,0.28966134612472394
Neopl-ACR (refined),-902,-3100,0.15881476117086574
Neopl-ACR (refined),-3476,-962,0.0011185226763229528
Neopl-ACR (refined),-1936,-3805,0.24428989524693523
Neopl-ACR (refined),-609,-835,0.2683230525488547
Neopl-ACR (refined),-1604,-3062,0.38884189340928155
Neopl-ACR (refined),-2175,-602,0.012025147526941726
Neopl-ACR (refined),-1761,-2533,0.23695711653943913
Neopl-ACR (refined),-2367,-3738,0.22835816089295757
Neopl-ACR (refined),-2404,-1905,0.23086911231138207
Neopl-ACR (refined),-952,-2758,0.2582762076756152
Neopl-ACR (refined),-3810,-2015,0.07111625779354397
Neopl-ACR (refined),-2193,-2466,0.14804639474910758
Neopl-ACR (refined),-1332,-2847,0.11911850533100826
Neopl-ACR (refined),-2736,-2772,0.11593961275703862
Neopl-ACR (refined),-3057,-2396,0.20940510098201376
Neopl-ACR (refined),-2616,-1530,0.15094970644732036
Neopl-ACR (refined),-2247,-2497,0.24271025711195726
Neopl-ACR (refined),-1960,-729,0.03535087683627358
Neopl-ACR (refined),-1934,-3680,0.45375392275293863
Neopl-ACR (refined),-1210,-1419,0.21956026863662143
Neopl-ACR (refined),-3496,-3013,0.09489393166090998
Neopl-ACR (refined),-3220,-2425,0.14918957334460703
Neopl-ACR (refined),-3272,-2269,0.14020364988130063
Neopl-ACR (refined),-3063,-2955,0.23850054249589764
Neopl-ACR (refined),-670,-1549,0.2459223135903258
Neopl-ACR (refined),-3691,-898,0.24513344792751024
Neopl-ACR (refined),-2939,-1340,0.08799420064978491
Neopl-ACR (refined),-1204,-860,0.2194533675012898
Neopl-ACR (refined),-951,-2634,0.1523236352890292
Neopl-ACR (refined),-2195,-2653,0.14057005940489448
Neopl-ACR (refined),-2636,-3580,0.17326528096593047
Neopl-ACR (refined),-4067,-615,0.30283261865686145
Neopl-ACR (refined),-2771,-752,0.023967395082452714
Neopl-ACR (refined),-3203,-685,0.12667538294131342
Neopl-ACR (refined),-1329,-2537,0.14815438486953228
Neopl-ACR (refined),-2628,-2710,0.1467823178798206
Neopl-ACR (refined),-2510,-1780,0.02866948127350699
Neopl-ACR (refined),-1421,-982,0.053963097749014366
Neopl-ACR (refined),-839,-2262,0.33102799578782827
Neopl-ACR (refined),-3647,-1924,-0.02650865250412554
Neopl-ACR (refined),-1168,-2694,0.1616227003464049
Neopl-ACR (refined),-853,-3629,0.24431458549813073
Neopl-ACR (refined),-1754,-1849,0.38585718277500897
Neopl-ACR (refined),-3651,-2297,0.004874361984482323
Neopl-ACR (refined),-1125,-3844,0.07637763589994068
Neopl-ACR (refined),-1094,-613,0.11252543134640192
Neopl-ACR (refined),-3857,-1238,0.15627063911718503
Neopl-ACR (refined),-1170,-2880,0.22346780331691185
Neopl-ACR (refined),-3592,-1831,0.12143978518537679
Neopl-ACR (refined),-779,-1610,0.1818240914247103
Neopl-ACR (refined),-3660,-3229,0.25796668010971463
Neopl-ACR (refined),-1763,-2719,0.19695740887977914
Neopl-ACR (refined),-890,-1920,0.299982772714576
Neopl-ACR (refined),-3493,-2702,0.036394250876566
Neopl-ACR (refined),-3006,-2738,0.05524731643697578
Neopl-ACR (refined),-1367,-890,0.11048377665749648
Neopl-ACR (refined),-3046,-1277,0.18517576780745987
Neopl-ACR (refined),-2360,-2993,0.12668462928813967
Neopl-ACR (refined),-1850,-605,-0.0010042956005035242
Neopl-ACR (refined),-2684,-2990,0.2081273260044491
Neopl-ACR (refined),-848,-3194,0.25357784765558217
Neopl-ACR (refined),-2358,-2744,0.03114748785924437
Neopl-ACR (refined),-3500,-3448,0.061164325484909354
Neopl-ACR (refined),-2956,-3142,0.20588086950259216
Neopl-ACR (refined),-631,-3072,0.2724195098342391
Neopl-ACR (refined),-1277,-2755,0.16897167972649385
Neopl-ACR (refined),-3258,-840,0.14165825526660508
Neopl-ACR (refined),-2036,-2996,0.25387245968251776
Neopl-ACR (refined),-1862,-1786,0.23315585475296224
Neopl-ACR (refined),-942,-1702,0.21510249653774727
Neopl-ACR (refined),-2191,-2280,0.1279856845672832
Neopl-ACR (refined),-2032,-2561,0.27000168450316575
Neopl-ACR (refined),-1103,-1545,0.10953230121058805
Neopl-ACR (refined),-571,-2420,0.27901145341094974
Neopl-ACR (refined),-1014,-3534,0.31508151340891083
Neopl-ACR (refined),-3549,-2981,0.12829738336474428
Neopl-ACR (refined),-1157,-1575,0.04192764907046542
Neopl-ACR (refined),-2364,-3366,0.2763254218141538
Neopl-ACR (refined),-2460,-2184,0.11961776428925852
Neopl-ACR (refined),-2904,-3360,0.2212711890099605
Neopl-ACR (refined),-3172,-3078,0.18749747776259884
Neopl-ACR (refined),-3473,-652,0.16771975158849672
Neopl-ACR (refined),-1873,-2904,0.2605550625219669
Neopl-ACR (refined),-2683,-2803,0.20905570325812645
Neopl-ACR (refined),-624,-2326,0.26465461781771504
Neopl-ACR (refined),-4121,-645,-0.04619562055922266
Neopl-ACR (refined),-1973,-2095,0.11279095391019706
Neopl-ACR (refined),-2772,-876,0.06530502675366695
Neopl-ACR (refined),-1923,-2500,-0.01408250240210529
Neopl-ACR (refined),-2502,-910,0.05389817238596617
Neopl-ACR (refined),-3692,-960,0.08468066423123694
Neopl-ACR (refined),-3691,-836,0.1559516693495981
Neopl-ACR (refined),-1872,-2842,0.3710983161915963
Neopl-ACR (refined),-2471,-3302,0.15408490453708554
Neopl-ACR (refined),-2674,-1933,0.18286637244634424
Neopl-ACR (refined),-2994,-1433,-0.003398042113015032
Neopl-ACR (refined),-2394,-911,0.1306526018067835
Neopl-ACR (refined),-2150,-3616,0.2372364148244655
Neopl-ACR (refined),-1316,-1294,0.16050729500263072
Neopl-ACR (refined),-1583,-950,0.11594543218902637
Neopl-ACR (refined),-783,-2045,0.2438865945008824
Neopl-ACR (refined),-3150,-841,0.041484018271264134
Neopl-ACR (refined),-1588,-1447,0.05249633007284715
Neopl-ACR (refined),-3059,-2582,0.07982610010778712
Neopl-ACR (refined),-1813,-2315,0.06731367913289182
Neopl-ACR (refined),-3265,-1586,0.0399543625899455
Neopl-ACR (refined),-854,-3753,0.150041975212299
Neopl-ACR (refined),-1918,-2003,0.13277138005111827
Neopl-ACR (refined),-3810,-1953,0.2019519740553835
Neopl-ACR (refined),-1823,-3309,0.2907571104894242
Neopl-ACR (refined),-3536,-1614,0.060809086513998856
Neopl-ACR (refined),-2558,-1127,0.12969952695069425
Neopl-ACR (refined),-1964,-1164,0.02854655494452435
Neopl-ACR (refined),-1275,-2568,0.14684686498453317
Neopl-ACR (refined),-1696,-1446,0.15426917651646022
Neopl-ACR (refined),-936,-1080,0.0634898859148269
Neopl-ACR (refined),-568,-2171,0.18717814194891735
Neopl-ACR (refined),-745,-3630,0.17317724521293598
Neopl-ACR (refined),-2134,-1939,0.18616191503085555
Neopl-ACR (refined),-2564,-1748,0.23131857997492705
Neopl-ACR (refined),-1212,-1668,0.2792824964096985
Neopl-ACR (refined),-2902,-3112,0.27598967020276144
Neopl-ACR (refined),-1981,-2903,0.2760921966357874
Neopl-ACR (refined),-1542,-2286,0.36865084794633446
Neopl-ACR (refined),-1177,-3626,0.028058623653680892
Neopl-ACR (refined),-3533,-1304,0.1698232093098555
Neopl-ACR (refined),-2987,-750,0.10094842164380946
Neopl-ACR (refined),-987,-800,0.27250396199680393
Neopl-ACR (refined),-2353,-2247,0.13137002969613687
Neopl-ACR (refined),-3259,-964,0.060461392615330345
Neopl-ACR (refined),-3656,-2794,0.013366650348612397
Neopl-ACR (refined),-2635,-3456,0.3571377718796067
Neopl-ACR (refined),-1870,-2594,0.042576727765644695
Neopl-ACR (refined),-2234,-1192,0.023435384484950195
Neopl-ACR (refined),-3280,-3077,0.18653073590867042
Neopl-ACR (refined),-2077,-1660,0.18359826356372583
Neopl-ACR (refined),-3435,-2361,0.07255102634302363
Neopl-ACR (refined),-3176,-3513,0.36789150013026056
Neopl-ACR (refined),-1595,-2192,0.45237882453195544
Neopl-ACR (refined),-1658,-3093,0.4419739919928948
Neopl-ACR (refined),-2669,-1374,0.051333639827456035
Neopl-ACR (refined),-3703,-2079,0.10572045926904133
Neopl-ACR (refined),-1221,-2600,0.2386178577332216
Neopl-ACR (refined),-1341,-3779,0.15321042138915092
Neopl-ACR (refined),-2391,-662,0.15408588483005914
Neopl-ACR (refined),-985,-614,0.11443739944487846
Neopl-ACR (refined),-3100,-1246,0.07294088916987523
Neopl-ACR (refined),-1530,-1043,0.06295861911759837
Neopl-ACR (refined),-3159,-1711,0.05852167661384827
Neopl-ACR (refined),-1327,-2412,0.30615519648606904
Neopl-ACR (refined),-1759,-2284,0.20753036813887976
Neopl-ACR (refined),-3488,-2267,0.03962318343289445
Neopl-ACR (refined),-1716,-3434,-0.033766817026786466
Neopl-ACR (refined),-852,-3567,0.24514995284461227
Neopl-ACR (refined),-3761,-2482,0.15121055664834065
Neopl-ACR (refined),-3097,-935,0.13238212836710245
Neopl-ACR (refined),-1104,-1731,0.32334573691719865
Neopl-ACR (refined),-830,-1330,0.02230032383517433
Neopl-ACR (refined),-560,-1364,0.271440132483985
Neopl-ACR (refined),-726,-1704,0.2502138248651888
Neopl-ACR (refined),-2845,-2771,0.14281836544030563
Neopl-ACR (refined),-3698,-1582,0.16987227373912034
Neopl-ACR (refined),-1278,-2879,0.4109416752244987
Neopl-ACR (refined),-3227,-3233,0.26995420223465716
Neopl-ACR (refined),-2468,-2930,0.13294367301254845
Neopl-ACR (refined),-1390,-3313,0.14314370024311238
Neopl-ACR (refined),-2620,-1965,0.07900209654210388
Neopl-ACR (refined),-1497,-3188,0.2291850910192479
Neopl-ACR (refined),-3318,-1430,0.07050403306570929
Neopl-ACR (refined),-675,-2046,0.11760901191782042
Neopl-ACR (refined),-4286,-861,0.14455169453187788
Neopl-ACR (refined),-2614,-1281,0.09508444792427007
Neopl-ACR (refined),-665,-990,0.16788733635294972
Neopl-ACR (refined),-3708,-2576,0.09428744876429362
Neopl-ACR (refined),-2741,-3206,0.2285903185198075
Neopl-ACR (refined),-1267,-1761,0.1609901474852592
Neopl-ACR (refined),-2729,-1964,0.19011063140301154
Neopl-ACR (refined),-1393,-3624,-0.01644440864238128
Neopl-ACR (refined),-1094,-675,0.017489579599325955
Neopl-ACR (refined),-3275,-2580,0.05821492930647665
Neopl-ACR (refined),-2906,-3547,0.26234541786579113
Neopl-ACR (refined),-553,-618,0.08628193541958684
Neopl-ACR (refined),-1822,-3247,0.40102792836021567
Neopl-ACR (refined),-3595,-2080,0.06674129066373274
Neopl-ACR (refined),-1916,-1754,0.1514286118291237
Neopl-ACR (refined),-882,-1050,0.14831743111485907
Neopl-ACR (refined),-1218,-2289,0.08381566075816135
Neopl-ACR (refined),-2831,-1341,0.06691027113566184
Neopl-ACR (refined),-1805,-1507,0.13161814574669728
Neopl-ACR (refined),-3106,-1867,-0.032213719610382
Neopl-ACR (refined),-1693,-1135,0.17468928220398305
Neopl-ACR (refined),-1120,-3347,0.3721336588831066
Neopl-ACR (refined),-621,-2015,0.3083574298587212
Neopl-ACR (refined),-3380,-2206,0.22058659889175347
Neopl-ACR (refined),-845,-2883,-0.043641520378080445
Neopl-ACR (refined),-2775,-1187,0.14215037131997005
Neopl-ACR (refined),-1323,-1978,0.2989134265411586
Neopl-ACR (refined),-2302,-2589,0.27368158893703437
Neopl-ACR (refined),-2420,-3582,0.18525946069573135
Neopl-ACR (refined),-2256,-3429,0.09055106505931959
Neopl-ACR (refined),-1961,-915,0.1314763144662362
Neopl-ACR (refined),-2039,-3307,0.06497300638992992
Neopl-ACR (refined),-2193,-2528,0.04649580992216218
Neopl-ACR (refined),-1106,-1855,0.23367588571435988
Neopl-ACR (refined),-1062,-2943,0.12413722777055938
Neopl-ACR (refined),-2292,-1533,0.07383237082988947
Neopl-ACR (refined),-2883,-1186,0.047617229896349866
Neopl-ACR (refined),-561,-1426,0.20979034113335004
Neopl-ACR (refined),-1827,-3806,0.16325329409001516
Neopl-ACR (refined),-2396,-1097,0.06502877754269726
Neopl-ACR (refined),-3961,-802,0.25637686838170237
Neopl-ACR (refined),-1602,-2876,0.20081208702427017
Neopl-ACR (refined),-2627,-2648,0.2165049412983583
Neopl-ACR (refined),-688,-3413,0.17865281939425093
Neopl-ACR (refined),-1274,-2444,0.20740507582491932
Neopl-ACR (refined),-2286,-912,0.24414110437560949
Neopl-ACR (refined),-1766,-3030,0.2828937513888521
Neopl-ACR (refined),-742,-3319,0.31122472157621195
Neopl-ACR (refined),-3444,-3293,0.19135625401040102
Neopl-ACR (refined),-1752,-1601,0.2199252247776406
Neopl-ACR (refined),-614,-1332,0.09812246551433301
Neopl-ACR (refined),-3534,-1366,-0.0380827066233575
Neopl-ACR (refined),-3541,-2173,0.18901867847015985
Neopl-ACR (refined),-2621,-2027,0.007225192634940425
Neopl-ACR (refined),-3012,-3359,0.27522526746545106
Neopl-ACR (refined),-724,-1517,0.09519395765518962
Neopl-ACR (refined),-1264,-1450,0.0539986165959504
Neopl-ACR (refined),-613,-1208,0.28519171966027235
Neopl-ACR (refined),-1338,-3469,0.4375335252206889
Neopl-ACR (refined),-2472,-3364,0.2793040255202922
Neopl-ACR (refined),-1754,-1787,0.11973950072375417
Neopl-ACR (refined),-2938,-1278,-0.006385198619388632
Neopl-ACR (refined),-3499,-3386,0.12289763943308851
Neopl-ACR (refined),-3156,-1463,0.06147405563513897
Neopl-ACR (refined),-3319,-1492,0.20127576611535714
Neopl-ACR (refined),-1370,-1200,0.14848827602438386
Neopl-ACR (refined),-1708,-2626,0.26815850676407205
Neopl-ACR (refined),-2785,-2181,0.08393820064315133
Neopl-ACR (refined),-2309,-3273,0.37964299037373134
Neopl-ACR (refined),-1989,-3773,0.11161807257529005
Neopl-ACR (refined),-850,-3318,0.2892806531979818
Neopl-ACR (refined),-3607,-3322,0.20580289666216922
Neopl-ACR (refined),-2838,-2087,0.07494212180001825
Neopl-ACR (refined),-2201,-3274,0.18123605885939043
Neopl-ACR (refined),-3230,-3543,0.20870892998009516
Neopl-ACR (refined),-2890,-1869,0.11540717717761428
Neopl-ACR (refined),-2634,-3332,0.18102546266832525
Neopl-ACR (refined),-1716,-3496,0.03805584201151485
Neopl-ACR (refined),-2556,-940,0.09528066132838353
Neopl-ACR (refined),-715,-585,0.00627607030987376
Neopl-ACR (refined),-2934,-843,0.20271712584976237
Neopl-ACR (refined),-2285,-788,0.17676853352559918
Neopl-ACR (refined),-1338,-3531,0.23822350808569387
Neopl-ACR (refined),-1150,-892,-0.0025165864164327645
Neopl-ACR (refined),-1533,-1292,0.25674579008746307
Neopl-ACR (refined),-2566,-1934,0.19992333092928966
Neopl-ACR (refined),-1280,-3065,0.39289714618831934
Neopl-ACR (refined),-3155,-1338,0.13423600625726523
Neopl-ACR (refined),-1690,-824,0.2208052786768096
Neopl-ACR (refined),-1800,-1010,0.03134257672703783
Neopl-ACR (refined),-1228,-3346,0.10931137893105808
Neopl-ACR (refined),-1474,-827,0.037437493160658974
Neopl-ACR (refined),-2027,-2126,0.22634961707173307
Neopl-ACR (refined),-2735,-2585,0.14075236156222037
Neopl-ACR (refined),-1099,-1172,0.2437025518969277
Neopl-ACR (refined),-939,-1391,0.1504718891156152
Neopl-ACR (refined),-1261,-1139,0.03475421534175738
Neopl-ACR (refined),-1058,-2508,0.24930228282098094
Neopl-ACR (refined),-3548,-2857,0.06183388737242834
Neopl-ACR (refined),-2940,-1527,0.06189526461048506
Neopl-ACR (refined),-566,-1985,0.24382024157686571
Neopl-ACR (refined),-2950,-2459,0.21140478888873188
Neopl-ACR (refined),-2244,-2124,0.17170376816230454
Neopl-ACR (refined),-687,-3227,0.2488552609814242
Neopl-ACR (refined),-2453,-1438,0.10913853767567344
Neopl-ACR (refined),-2307,-3086,0.0909745360261377
Neopl-ACR (refined),-1765,-2905,0.19820464134459698
Neopl-ACR (refined),-3115,-2799,0.1373433752094042
Neopl-ACR (refined),-1881,-3774,0.14465604615123256
Neopl-ACR (refined),-2893,-2180,0.12209915808001509
Neopl-ACR (refined),-1260,-1077,0.2199801026459321
Neopl-ACR (refined),-2950,-2521,0.24161663948578332
Neopl-ACR (refined),-1373,-1511,0.2009038462089171
Neopl-ACR (refined),-3711,-2948,0.02821623375817167
Neopl-ACR (refined),-3439,-2796,-0.048602258301514656
Neopl-ACR (refined),-2291,-1471,0.03505645333168911
Neopl-ACR (refined),-625,-2450,0.2796830421085764
Neopl-ACR (refined),-894,-2292,0.3844711057019147
Neopl-ACR (refined),-3545,-2546,0.12558803907595129
Neopl-ACR (refined),-454,-1551,0.15041586702740128
Neopl-ACR (refined),-2576,-2991,0.12769361180309396
Neopl-ACR (refined),-3424,-1242,-0.07738835605350625
Neopl-ACR (refined),-1605,-3124,0.3886917257467984
Neopl-ACR (refined),-2178,-913,0.07338209329595297
Neopl-ACR (refined),-3387,-2952,-0.013729977787253045
Neopl-ACR (refined),-2959,-3453,0.3451629717363253
Neopl-ACR (refined),-1544,-2473,0.3907731270364202
Neopl-ACR (refined),-885,-1360,0.18973004413950134
Neopl-ACR (refined),-3551,-3168,0.30711942178655116
Neopl-ACR (refined),-2015,-883,-0.13326136298043045
Neopl-ACR (refined),-1932,-3432,0.22158932054630603
Neopl-ACR (refined),-2188,-1969,0.17327674789214986
Neopl-ACR (refined),-1810,-2066,0.18987708072562837
Neopl-ACR (refined),-1878,-3463,0.34012177633408364
Neopl-ACR (refined),-1368,-1014,0.17363915461066154
Neopl-ACR (refined),-1258,-891,-0.014485574225569064
Neopl-ACR (refined),-2725,-1591,0.16502189075363854
Neopl-ACR (refined),-1771,-3589,0.3131491227648658
Neopl-ACR (refined),-1547,-2783,0.21326536794060613
Neopl-ACR (refined),-1923,-2562,0.01660408749888226
Neopl-ACR (refined),-789,-2666,0.15255763459144778
Neopl-ACR (refined),-2624,-2338,0.14818324906868463
Neopl-ACR (refined),-2476,-3737,0.3820102624635163
Neopl-ACR (refined),-3546,-2670,0.06515024348484277
Neopl-ACR (refined),-3332,-2859,-5.084156854690547e-4
Neopl-ACR (refined),-3040,-594,-0.058597200057281196
Neopl-ACR (refined),-3799,-897,0.14385487475862463
Neopl-ACR (refined),-3419,-745,0.07397608082387364
Neopl-ACR (refined),-3554,-3416,0.11739765498284654
Neopl-ACR (refined),-1444,-3281,-0.006253531448720484
Neopl-ACR (refined),-2301,-2465,0.07206025208347588
Neopl-ACR (refined),-2312,-3584,0.35034187201750655
Neopl-ACR (refined),-877,-615,0.07630270107246057
Neopl-ACR (refined),-2781,-1808,0.10692047206971406
Neopl-ACR (refined),-3171,-2954,0.04011064741674297
Neopl-ACR (refined),-1003,-2416,0.3084644608821935
Neopl-ACR (refined),-1373,-1573,0.2836665898885117
Neopl-ACR (refined),-2083,-2281,0.0763229611971818
Neopl-ACR (refined),-3049,-1588,0.03058810973002979
Neopl-ACR (refined),-2194,-2590,0.19256781379822085
Neopl-ACR (refined),-1496,-3125,0.18506139970960017
Neopl-ACR (refined),-2888,-1683,0.12624893704370543
Neopl-ACR (refined),-1546,-2659,0.4253862703832789
Neopl-ACR (refined),-2782,-1870,0.1567998638095725
Neopl-ACR (refined),-3498,-3261,0.19540134226087086
Neopl-ACR (refined),-851,-3505,0.2613990970434421
Neopl-ACR (refined),-1660,-3279,0.19090086436600928
Neopl-ACR (refined),-2517,-2401,0.055375134803194226
Neopl-ACR (refined),-3796,-586,0.024323962212171757
Neopl-ACR (refined),-1753,-1725,0.38546729831167553
Neopl-ACR (refined),-2723,-1405,0.1396219146030051
Neopl-ACR (refined),-2338,-756,0.1201520011374953
Neopl-ACR (refined),-686,-3164,0.34605661024784323
Neopl-ACR (refined),-3109,-2178,0.2896601972244162
Neopl-ACR (refined),-2567,-1996,0.13651832116639068
Neopl-ACR (refined),-3746,-991,0.24196626706920582
Neopl-ACR (refined),-2783,-2057,0.09584422346063032
Neopl-ACR (refined),-2452,-1376,0.07163986876208306
Neopl-ACR (refined),-2837,-2025,0.0496478239017345
Neopl-ACR (refined),-728,-1952,0.4643536608324264
Neopl-ACR (refined),-2734,-2523,0.1523377415811425
Neopl-ACR (refined),-1652,-2471,0.3761278533925658
Neopl-ACR (refined),-774,-1113,0.22033485930978552
Neopl-ACR (refined),-1759,-2346,0.45897631388549237
Neopl-ACR (refined),-3224,-2922,0.06196828129994936
Neopl-ACR (refined),-2231,-819,0.22515332162819585
Neopl-ACR (refined),-1959,-666,0.33273070823452455
Neopl-ACR (refined),-881,-988,0.11770483575271473
Neopl-ACR (refined),-3803,-1270,-0.060777502927230276
Neopl-ACR (refined),-960,-3503,0.2104249583853463
Neopl-ACR (refined),-878,-677,0.1048464511645128
Neopl-ACR (refined),-3384,-2641,-0.052271176802762886
Neopl-ACR (refined),-554,-680,0.17709320278986018
Neopl-ACR (refined),-1277,-2817,0.35391120571272444
Neopl-ACR (refined),-1259,-953,0.18680189402856162
Neopl-ACR (refined),-1989,-3711,0.12752774922936694
Neopl-ACR (refined),-3709,-2700,0.051675850956719616
Neopl-ACR (refined),-1819,-2936,0.48726206178343734
Neopl-ACR (refined),-1219,-2351,0.26525388006861766
Neopl-ACR (refined),-1809,-1942,0.18471742771910699
Neopl-ACR (refined),-1594,-2006,0.15457718435277623
Neopl-ACR (refined),-2013,-697,0.11037894750662114
Neopl-ACR (refined),-1273,-2382,0.37426048081483576
Neopl-ACR (refined),-3210,-1493,0.15182358045387395
Neopl-ACR (refined),-3809,-1891,0.13031678688700526
Neopl-ACR (refined),-3012,-3297,0.2742061378074341
Neopl-ACR (refined),-1752,-1663,0.21004900899944545
Neopl-ACR (refined),-1272,-2258,-0.001313557382299546
Neopl-ACR (refined),-2784,-2119,0.2354515838854127
Neopl-ACR (refined),-1473,-764,0.096895531410774
Neopl-ACR (refined),-3583,-899,0.20625613615174893
Neopl-ACR (refined),-1864,-1972,0.09263188910749642
Neopl-ACR (refined),-1762,-2595,0.172695264780025
Neopl-ACR (refined),-622,-2202,0.07817956436142376
Neopl-ACR (refined),-2742,-3393,0.22788403082476483
Neopl-ACR (refined),-2089,-2902,0.14565528794109228
Neopl-ACR (refined),-1443,-3157,0.24611990518588345
Neopl-ACR (refined),-2304,-2776,0.1537334939233856
Neopl-ACR (refined),-1534,-1478,0.28169230361019115
Neopl-ACR (refined),-3657,-2918,-0.05072690418236275
Neopl-ACR (refined),-3258,-778,0.03786527936443601
Neopl-ACR (refined),-2356,-2620,0.18075271417168987
Neopl-ACR (refined),-1441,-3033,0.22090670899245657
Neopl-ACR (refined),-1868,-2469,0.13552837880342827
Neopl-ACR (refined),-2177,-851,0.11090445682522804
Neopl-ACR (refined),-905,-3473,0.22144472155001071
Neopl-ACR (refined),-633,-3320,0.27861781945456027
Neopl-ACR (refined),-3697,-1519,0.04766767223970236
Neopl-ACR (refined),-2851,-3392,0.33571819389357715
Neopl-ACR (refined),-2849,-3205,0.10457163259080449
Neopl-ACR (refined),-1365,-703,0.010565738589263796
Neopl-ACR (refined),-2884,-1248,-0.009463478237224543
Neopl-ACR (refined),-1651,-2347,0.526547698856054
Neopl-ACR (refined),-2953,-2769,0.17372064141838967
Neopl-ACR (refined),-679,-2419,0.30704833809751775
Neopl-ACR (refined),-1210,-1482,0.26781133773398036
Neopl-ACR (refined),-1258,-829,-0.03348655519779986
Neopl-ACR (refined),-2733,-2399,0.10667982409257448
Neopl-ACR (refined),-1418,-610,0.07242441562981827
Neopl-ACR (refined),-1600,-2627,0.20689440113428348
Neopl-ACR (refined),-1658,-3031,0.21542981931062616
Neopl-ACR (refined),-1167,-2632,0.22951952079978633
Neopl-ACR (refined),-1011,-3285,0.2922500880111611
Neopl-ACR (refined),-2562,-1499,0.15399499027056607
Neopl-ACR (refined),-4067,-677,0.19988651322438217
Neopl-ACR (refined),-1377,-1946,0.4584655853775187
Neopl-ACR (refined),-1610,-3684,0.11824870480205285
Neopl-ACR (refined),-1774,-3837,0.2670282274007661
Neopl-ACR (refined),-1432,-2101,0.3082781564347508
Neopl-ACR (refined),-2412,-2775,0.11316189230767731
Neopl-ACR (refined),-1387,-3002,0.21594180580046196
Neopl-ACR (refined),-787,-2480,0.043924516501145316
Neopl-ACR (refined),-3962,-927,0.08477285735716272
Neopl-ACR (refined),-1542,-2224,0.24489230337846024
Neopl-ACR (refined),-3591,-1707,0.09533365827965279
Neopl-ACR (refined),-825,-771,0.05779635144520184
Neopl-ACR (refined),-3438,-2672,-0.04634326027842389
Neopl-ACR (refined),-1858,-1351,0.11940611865145145
Neopl-ACR (refined),-2895,-2428,0.1251676625124557
Neopl-ACR (refined),-1803,-1320,0.15748287302433228
Neopl-ACR (refined),-3634,-557,0.15452107188093867
Neopl-ACR (refined),-1646,-1788,0.34998771131971745
Neopl-ACR (refined),-938,-1329,0.1604873340514903
Neopl-ACR (refined),-2344,-1377,0.04215718883284569
Neopl-ACR (refined),-741,-3257,0.31826124374042514
Neopl-ACR (refined),-903,-3287,0.40717311684016677
Neopl-ACR (refined),-2081,-2094,0.0027061435115836585
Neopl-ACR (refined),-845,-2821,0.16495934501464365
Neopl-ACR (refined),-1046,-1266,0.1262083078977725
Neopl-ACR (refined),-3204,-810,0.14290994235831211
Neopl-ACR (refined),-2204,-3647,0.12290338195114842
Neopl-ACR (refined),-2295,-1906,0.11786448310193504
Neopl-ACR (refined),-1743,-669,0.06746180144363678
Neopl-ACR (refined),-2314,-3770,0.16974438825187527
Neopl-ACR (refined),-1227,-3221,0.22424405764865202
Neopl-ACR (refined),-1163,-2197,0.24693571418739477
Neopl-ACR (refined),-2024,-1753,0.17320847601206057
Neopl-ACR (refined),-1171,-3004,0.19610492877910796
Neopl-ACR (refined),-3374,-1647,0.10364994246989628
Neopl-ACR (refined),-3265,-1524,0.12192059804173394
Neopl-ACR (refined),-3526,-558,0.2520515792885538
Neopl-ACR (refined),-2578,-3177,0.2133136685191645
Neopl-ACR (refined),-1439,-2784,0.2561830458340536
Neopl-ACR (refined),-2336,-570,0.11050904661487165
Neopl-ACR (refined),-2945,-2024,0.10199333786535925
Neopl-ACR (refined),-2024,-1815,0.16294308144010367
Neopl-ACR (refined),-630,-3010,0.3575101790617828
Neopl-ACR (refined),-1065,-3192,0.1797649110898178
Neopl-ACR (refined),-1008,-2913,0.13945094544871306
Neopl-ACR (refined),-3427,-1491,0.13163432097776478
Neopl-ACR (refined),-880,-926,0.0439083645938248
Neopl-ACR (refined),-2776,-1311,0.16532223706804855
Neopl-ACR (refined),-2839,-2211,0.15967238901387532
Neopl-ACR (refined),-1114,-2663,0.19950723196664347
Neopl-ACR (refined),-718,-958,0.12051820300721472
Neopl-ACR (refined),-987,-738,0.161973804807017
Neopl-ACR (refined),-1487,-2131,0.3928684208676229
Neopl-ACR (refined),-1375,-1760,0.3414070832253487
Neopl-ACR (refined),-1225,-3035,0.41705778251657866
Neopl-ACR (refined),-633,-3258,0.27331352033879175
Neopl-ACR (refined),-1377,-2008,0.2682822834080012
Neopl-ACR (refined),-3596,-2266,0.32706194989581344
Neopl-ACR (refined),-889,-1858,0.4150384238844077
Neopl-ACR (refined),-2899,-2863,0.18822307948254913
Neopl-ACR (refined),-2850,-3330,0.10748294358570892
Neopl-ACR (refined),-2132,-1752,0.13687001812781113
Neopl-ACR (refined),-1384,-2629,0.41865475843526395
Neopl-ACR (refined),-3331,-2797,-0.03586137844231441
Neopl-ACR (refined),-2573,-2680,0.11851157148997477
Neopl-ACR (refined),-450,-1116,0.09608309311922714
Neopl-ACR (refined),-731,-2263,0.18607201369658516
Neopl-ACR (refined),-2581,-3488,0.3353260162504936
Neopl-ACR (refined),-1818,-2874,0.2620776798518313
Neopl-ACR (refined),-2556,-878,0.19906438466399085
Neopl-ACR (refined),-3322,-1803,0.14259955118478967
Neopl-ACR (refined),-828,-1144,0.16784918721285635
Neopl-ACR (refined),-1066,-3316,0.34996612758854617
Neopl-ACR (refined),-1155,-1327,0.20657318393565288
Neopl-ACR (refined),-3334,-3107,0.3697996180560192
Neopl-ACR (refined),-905,-3411,0.19989937785602213
Neopl-ACR (refined),-1930,-3245,0.34612662792027815
Neopl-ACR (refined),-732,-2325,0.2917655342445313
Neopl-ACR (refined),-1978,-2593,0.302939251442248
Neopl-ACR (refined),-3419,-683,0.0024286550710496124
Neopl-ACR (refined),-2410,-2526,0.03330735638679738
Neopl-ACR (refined),-773,-989,0.03836738434930925
Neopl-ACR (refined),-2676,-2120,0.21632123740083548
Neopl-ACR (refined),-1750,-1414,0.0901725746398091
Neopl-ACR (refined),-2201,-3336,0.2544540746895499
Neopl-ACR (refined),-688,-3351,0.36350327855180653
Neopl-ACR (refined),-3856,-1176,0.20449304587402145
Neopl-ACR (refined),-2084,-2405,0.19388978912371746
Neopl-ACR (refined),-1490,-2442,0.35639802424746425
Neopl-ACR (refined),-3760,-2420,0.15727184412733142
Neopl-ACR (refined),-453,-1489,0.2308572397471887
Neopl-ACR (refined),-2953,-2832,0.28848586155120454
Neopl-ACR (refined),-3645,-1737,0.15557816256580598
Neopl-ACR (refined),-3494,-2888,0.2056921314960647
Neopl-ACR (refined),-2464,-2557,0.06779581714716038
Neopl-ACR (refined),-937,-1142,0.1190675955918789
Neopl-ACR (refined),-1391,-3375,0.21559858528180728
Neopl-ACR (refined),-3311,-684,0.004831097804332107
Neopl-ACR (refined),-2555,-816,0.12902464324523366
Neopl-ACR (refined),-3640,-1240,0.12037811303886625
Neopl-ACR (refined),-1004,-2478,0.2028645025000504
Neopl-ACR (refined),-1322,-1915,0.10318612470577826
Neopl-ACR (refined),-1498,-3250,0.39646185119990385
Neopl-ACR (refined),-3267,-1772,0.041141834483162165
Neopl-ACR (refined),-3442,-3044,0.1604201251079102
Neopl-ACR (refined),-835,-1827,0.2696548899453813
Neopl-ACR (refined),-957,-3193,0.38880805661808626
Neopl-ACR (refined),-1868,-2407,0.12854337539360738
Neopl-ACR (refined),-897,-2665,0.15650636885189462
Neopl-ACR (refined),-1287,-3811,-0.02301547838618956
Neopl-ACR (refined),-797,-3474,0.17766477615300436
Neopl-ACR (refined),-3267,-1710,0.16451494271752065
Neopl-ACR (refined),-2940,-1465,-0.06349580378681013
Neopl-ACR (refined),-1317,-1356,0.2943249242556045
Neopl-ACR (refined),-1493,-2815,0.373892148554735
Neopl-ACR (refined),-1385,-2754,0.33674160844465595
Neopl-ACR (refined),-1713,-3185,0.13311030756347314
Neopl-ACR (refined),-2183,-1472,0.0709992130268447
Neopl-ACR (refined),-568,-2109,0.28600180409664855
Neopl-ACR (refined),-1710,-2813,0.26132272465212425
Neopl-ACR (refined),-2079,-1908,0.21739788136665006
Neopl-ACR (refined),-2691,-3611,0.254584523662119
Neopl-ACR (refined),-2070,-914,0.3238767952955996
Neopl-ACR (refined),-3050,-1712,0.049045768544465684
Neopl-ACR (refined),-1202,-612,0.06605927105882564
Neopl-ACR (refined),-798,-3536,0.2699191382454681
Neopl-ACR (refined),-2415,-3085,0.1821195794091502
Neopl-ACR (refined),-3391,-3387,0.17825925069915727
Neopl-ACR (refined),-2298,-2154,0.058680894633346525
Neopl-ACR (refined),-684,-2916,0.40023835361076876
Neopl-ACR (refined),-2516,-2339,0.1500431364954602
Neopl-ACR (refined),-1007,-2788,0.1498199118648097
Neopl-ACR (refined),-3429,-1677,0.10093488424412
Neopl-ACR (refined),-1228,-3283,0.22243852948470194
Neopl-ACR (refined),-3008,-2862,0.06170394805891022
Neopl-ACR (refined),-1431,-1914,0.14525237347597608
Neopl-ACR (refined),-2243,-2062,0.12937791012588
Neopl-ACR (refined),-1535,-1541,-0.01587827948179471
Neopl-ACR (refined),-1152,-1016,0.10109086002280632
Neopl-ACR (refined),-3281,-3201,0.258778351267381
Neopl-ACR (refined),-3271,-2145,0.07737930727184095
Neopl-ACR (refined),-2096,-3648,0.2156135406128586
Neopl-ACR (refined),-3108,-2115,0.015560385051751502
Neopl-ACR (refined),-3165,-2332,0.11981421926049307
Neopl-ACR (refined),-1817,-2749,0.21063472587151416
Neopl-ACR (refined),-3324,-2051,0.27439067069957335
Neopl-ACR (refined),-898,-2727,0.10511234866118385
Neopl-ACR (refined),-1810,-2004,0.22966928261008368
Neopl-ACR (refined),-3202,-623,0.06474654730308171
Neopl-ACR (refined),-1928,-2997,0.2573650957471917
Neopl-ACR (refined),-572,-2544,0.5188244199717071
Neopl-ACR (refined),-1011,-3223,0.28392569278004226
Neopl-ACR (refined),-1657,-2969,0.40612010712343616
Neopl-ACR (refined),-1230,-3532,0.10036921743768473
Neopl-ACR (refined),-3268,-1896,0.02916838479685968
Neopl-ACR (refined),-2392,-724,0.36325669912620784
Neopl-ACR (refined),-2192,-2404,0.1953561750695076
Neopl-ACR (refined),-1931,-3370,0.3498520633233621
Neopl-ACR (refined),-1160,-1886,0.31398359848683566
Neopl-ACR (refined),-2992,-1247,-0.010922644309351415
Neopl-ACR (refined),-2129,-1442,0.05702584184115578
Neopl-ACR (refined),-1119,-3222,0.21738251961498006
Neopl-ACR (refined),-2787,-2429,-0.08817305614707005
Neopl-ACR (refined),-2512,-1904,0.1939020187377274
Neopl-ACR (refined),-3426,-1429,0.14384077656101457
Neopl-ACR (refined),-3061,-2831,0.047486843639994836
Neopl-ACR (refined),-501,-836,0.10071728650268147
Neopl-ACR (refined),-3851,-679,0.07413784213460622
Neopl-ACR (refined),-1533,-1354,0.15559191929245209
Neopl-ACR (refined),-1310,-611,0.21789845296563903
Neopl-ACR (refined),-1769,-3402,0.13813344509705888
Neopl-ACR (refined),-616,-1518,0.14976109463295045
Neopl-ACR (refined),-1772,-3651,0.1682442022529081
Neopl-ACR (refined),-2824,-658,-0.0412881473105115
Neopl-ACR (refined),-723,-1455,0.2029862986135605
Neopl-ACR (refined),-2681,-2617,0.08853951713955815
Neopl-ACR (refined),-1767,-3154,0.24220049874268834
Neopl-ACR (refined),-1262,-1264,0.163705008799239
Neopl-ACR (refined),-1213,-1730,0.19882850185986722
Neopl-ACR (refined),-3229,-3419,0.23053115935287344
Neopl-ACR (refined),-1974,-2158,0.09614521029702433
Neopl-ACR (refined),-1804,-1383,0.13669176342400957
Neopl-ACR (refined),-2365,-3490,0.24830706203934616
Neopl-ACR (refined),-3548,-2795,0.11682829314792592
Neopl-ACR (refined),-729,-2014,0.3205661923117782
Neopl-ACR (refined),-1104,-1669,0.02335581512556123
Neopl-ACR (refined),-3418,-559,0.23103549403314794
Neopl-ACR (refined),-3705,-2265,0.18646726593519775
Neopl-ACR (refined),-2400,-1532,0.3071135611453702
Neopl-ACR (refined),-2518,-2525,0.15074576662562966
Neopl-ACR (refined),-666,-1114,0.08738754397630355
Neopl-ACR (refined),-2351,-2061,0.14264671417841418
Neopl-ACR (refined),-1803,-1258,0.15959962087086205
Neopl-ACR (refined),-3322,-1865,0.13751795203036266
Neopl-ACR (refined),-1225,-2973,0.40507827371650884
Neopl-ACR (refined),-1431,-1976,0.3403564687925114
Neopl-ACR (refined),-2832,-1528,0.08899254728884004
Neopl-ACR (refined),-1394,-3748,0.11892044822803105
Neopl-ACR (refined),-2732,-2275,0.1397689375744341
Neopl-ACR (refined),-2992,-1309,0.014927027652689773
Neopl-ACR (refined),-901,-3038,0.19746405374785825
Neopl-ACR (refined),-1203,-798,0.05413532732276999
Neopl-ACR (refined),-1006,-2726,0.3788154440613297
Neopl-ACR (refined),-3230,-3481,0.15221719633684372
Neopl-ACR (refined),-1206,-1047,0.10562794414947724
Neopl-ACR (refined),-3337,-3418,0.19676575418497377
Neopl-ACR (refined),-558,-1177,-0.029706603823319244
Neopl-ACR (refined),-1161,-1948,0.19619946450267067
Neopl-ACR (refined),-2678,-2368,0.08305153249197966
Neopl-ACR (refined),-1637,-918,0.14119183090577836
Neopl-ACR (refined),-1394,-3686,0.10557082571280951
Neopl-ACR (refined),-1906,-822,0.13898158326289023
Neopl-ACR (refined),-2421,-3645,0.3101034627784069
Neopl-ACR (refined),-998,-1919,0.31197338816559356
Neopl-ACR (refined),-682,-2729,0.23432025816360302
Neopl-ACR (refined),-3604,-3012,-0.04141185977781586
Neopl-ACR (refined),-1547,-2721,0.3024904245091861
Neopl-ACR (refined),-736,-2760,0.13335392979068716
Neopl-ACR (refined),-2721,-1218,0.06591995214658097
Neopl-ACR (refined),-1826,-3619,0.367669359606736
Neopl-ACR (refined),-1220,-2538,0.19826313759184208
Neopl-ACR (refined),-1057,-2446,0.30173740942470684
Neopl-ACR (refined),-1327,-2350,0.04657305681055335
Neopl-ACR (refined),-1634,-607,0.13875242575143815
Neopl-ACR (refined),-3442,-3106,0.21625775323131935
Neopl-ACR (refined),-1551,-3218,0.3326219957509802
Neopl-ACR (refined),-2845,-2833,5.593269614448948e-4
Neopl-ACR (refined),-3582,-775,0.0015420236531662468
Neopl-ACR (refined),-1816,-2625,0.03161434676083241
Neopl-ACR (refined),-3337,-3356,0.25869777509255976
Neopl-ACR (refined),-3065,-3203,0.13710215960591432
Neopl-ACR (refined),-1437,-2598,0.40590959046967484
Neopl-ACR (refined),-1812,-2190,0.12691043839265065
Neopl-ACR (refined),-681,-2667,0.32110395897216104
Neopl-ACR (refined),-667,-1238,0.09794295028701117
Neopl-ACR (refined),-1045,-1141,0.17255361027404081
Neopl-ACR (refined),-1098,-1048,0.024460346878644956
Neopl-ACR (refined),-1768,-3216,0.31871548661871146
Neopl-ACR (refined),-684,-2978,0.5066724139318395
Neopl-ACR (refined),-1263,-1388,0.041847527643926186
Neopl-ACR (refined),-3108,-2053,0.14638832210643077
Neopl-ACR (refined),-1594,-2068,0.3602107517795031
Neopl-ACR (refined),-934,-894,0.14002324220475948
Neopl-ACR (refined),-564,-1736,0.2021960601796322
Neopl-ACR (refined),-2077,-1722,0.1160708540386799
Neopl-ACR (refined),-961,-3690,0.1688138207328977
Neopl-ACR (refined),-3217,-2177,0.16097692685607828
Neopl-ACR (refined),-1490,-2504,0.3278859834796722
Neopl-ACR (refined),-2196,-2777,0.2912279700936734
Neopl-ACR (refined),-1162,-2072,0.4448051358174399
Neopl-ACR (refined),-1150,-830,0.10985692668080627
Neopl-ACR (refined),-1904,-574,0.18508893737994964
Neopl-ACR (refined),-2241,-1875,0.0715977611952282
Neopl-ACR (refined),-1173,-3191,0.35912781477045225
Neopl-ACR (refined),-2405,-2091,0.33132140546481564
Neopl-ACR (refined),-1446,-3468,0.26923504889894634
Neopl-ACR (refined),-1486,-2007,0.3819516713042289
Neopl-ACR (refined),-1984,-3214,0.28212210115231307
Neopl-ACR (refined),-2514,-2090,0.09552682162344844
Neopl-ACR (refined),-831,-1454,0.2910111084331361
Neopl-ACR (refined),-3013,-3421,0.21506846186042733
Neopl-ACR (refined),-3365,-715,0.10255046495387138
Neopl-ACR (refined),-3213,-1804,0.14629350158320842
Neopl-ACR (refined),-2413,-2899,0.14261355138763804
Neopl-ACR (refined),-1332,-2910,0.30098540940447305
Neopl-ACR (refined),-2939,-1403,0.024233493785860483
Neopl-ACR (refined),-612,-1146,0.06629618015929384
Neopl-ACR (refined),-2505,-1220,0.18640588568765115
Neopl-ACR (refined),-3212,-1680,0.09829497864560627
Neopl-ACR (refined),-1640,-1229,0.003393184860585874
Neopl-ACR (refined),-1930,-3183,0.2685926411939961
Neopl-ACR (refined),-2410,-2588,0.036287462964327166
Neopl-ACR (refined),-888,-1671,0.43246460440587287
Neopl-ACR (refined),-2397,-1221,0.1339084468026006
Neopl-ACR (refined),-1963,-1101,-0.06752935218856648
Neopl-ACR (refined),-1866,-2221,0.47060012155325814
Neopl-ACR (refined),-1878,-3401,0.34507595149237213
Neopl-ACR (refined),-2663,-815,0.09203229601574431
Neopl-ACR (refined),-938,-1267,0.0846777430337875
Neopl-ACR (refined),-1714,-3248,0.19134617934650605
Neopl-ACR (refined),-3598,-2390,0.11277357656979381
Neopl-ACR (refined),-1170,-2942,0.4134812844964957
Neopl-ACR (refined),-3149,-717,0.05781018055315862
Neopl-ACR (refined),-2043,-3741,0.3608901800559335
Neopl-ACR (refined),-2120,-572,0.14245026543693612
Neopl-ACR (refined),-3635,-681,0.14928821823246802
Neopl-ACR (refined),-1382,-2505,0.15963070056330766
Neopl-ACR (refined),-1206,-1109,0.1264480418200637
Neopl-ACR (refined),-988,-924,0.029604135750685157
Neopl-ACR (refined),-1159,-1762,0.3073485335460919
Neopl-ACR (refined),-3112,-2488,0.19010382970872347
Neopl-ACR (refined),-2474,-3613,0.45279586513261183
Neopl-ACR (refined),-781,-1859,0.36903445929555756
Neopl-ACR (refined),-2298,-2217,0.17985473592551648
Neopl-ACR (refined),-1539,-1913,0.11592953795091637
Neopl-ACR (refined),-2127,-1255,0.03747582537500194
Neopl-ACR (refined),-2133,-1876,0.09395167129460752
Neopl-ACR (refined),-2186,-1783,0.2618782686164971
Neopl-ACR (refined),-3385,-2765,-0.0720818662327466
Neopl-ACR (refined),-2255,-3304,0.1884499354328319
Neopl-ACR (refined),-2725,-1653,-0.023216691791294597
Neopl-ACR (refined),-843,-2635,0.21553589171822585
Neopl-ACR (refined),-622,-2140,0.28039130752976194
Neopl-ACR (refined),-3646,-1800,0.0634051021094611
Neopl-ACR (refined),-2509,-1593,0.22034668390369744
Neopl-ACR (refined),-3040,-656,0.16336251381258632
Neopl-ACR (refined),-1557,-3839,0.18709326969581236
Neopl-ACR (refined),-3205,-934,0.09264635632865259
Neopl-ACR (refined),-2686,-3114,0.09537467024482033
Neopl-ACR (refined),-2826,-907,0.2626839721110179
Neopl-ACR (refined),-1494,-2877,0.16492810468660563
Neopl-ACR (refined),-3060,-2644,0.21405331142513973
Neopl-ACR (refined),-1009,-3037,0.3242405150316646
Neopl-ACR (refined),-1430,-1852,0.20539683044659524
Neopl-ACR (refined),-1425,-1293,0.13386676475903087
Neopl-ACR (refined),-511,-1830,0.3166819915696519
Neopl-ACR (refined),-932,-645,0.1912212749325245
Neopl-ACR (refined),-1748,-1228,0.2198710354262286
Neopl-ACR (refined),-2561,-1437,0.09061177268132681
Neopl-ACR (refined),-3483,-1770,0.2886537637742707
Neopl-ACR (refined),-1649,-2161,0.20733640651078483
Neopl-ACR (refined),-2770,-690,0.27179963011443614
Neopl-ACR (refined),-555,-867,-0.09240733831630393
Neopl-ACR (refined),-2932,-657,0.09017385588783305
Neopl-ACR (refined),-937,-1205,0.10711405026195586
Neopl-ACR (refined),-3641,-1302,0.2824711855579859
Neopl-ACR (refined),-1473,-702,0.08861510884876417
Neopl-ACR (refined),-1269,-1947,0.3062477690119018
Neopl-ACR (refined),-2078,-1784,0.3266910605850611
Neopl-ACR (refined),-2448,-941,0.15349911624475232
Neopl-ACR (refined),-1152,-1078,0.00674183540519907
Neopl-ACR (refined),-2613,-1157,0.11289263080669948
Neopl-ACR (refined),-2236,-1316,0.09343739821312197
Neopl-ACR (refined),-2933,-719,0.06017540651048281
Neopl-ACR (refined),-737,-2822,0.139427212409721
Neopl-ACR (refined),-1042,-893,0.22537744750623812
Neopl-ACR (refined),-510,-1706,0.23929153882539256
Neopl-ACR (refined),-3110,-2302,0.2315048603597335
Neopl-ACR (refined),-1318,-1418,0.0625825118088279
Neopl-ACR (refined),-3061,-2768,0.2612001464618322
Neopl-ACR (refined),-3689,-712,0.19948420363918806
Neopl-ACR (refined),-1586,-1260,0.15859362558547418
Neopl-ACR (refined),-1260,-1015,0.1371418617697004
Neopl-ACR (refined),-2181,-1224,-0.05461077806657155
Neopl-ACR (refined),-3317,-1368,0.13242067024070237
Neopl-ACR (refined),-1123,-3595,0.12311902637585492
Neopl-ACR (refined),-630,-2947,0.37837393011670173
Neopl-ACR (refined),-734,-2511,0.23092540617079566
Neopl-ACR (refined),-2421,-3707,0.23760909135087815
Neopl-ACR (refined),-2451,-1190,0.12644839317175915
Neopl-ACR (refined),-2360,-2931,0.2045898661212292
Neopl-ACR (refined),-1912,-1381,0.017064670993446496
Neopl-ACR (refined),-3438,-2609,7.190174228433599e-4
Neopl-ACR (refined),-627,-2637,0.33954578657323214
Neopl-ACR (refined),-3313,-933,0.15131279785312163
Neopl-ACR (refined),-1110,-2290,0.4560486266085102
Neopl-ACR (refined),-1231,-3594,-0.013733116797588735
Neopl-ACR (refined),-2717,-783,-0.031167979289013215
Neopl-ACR (refined),-2501,-848,0.21671860060666137
Neopl-ACR (refined),-3797,-649,0.22434183060778784
Neopl-ACR (refined),-3161,-1960,0.03403918081427382
Neopl-ACR (refined),-2128,-1379,0.17056002604892234
Neopl-ACR (refined),-2019,-1256,0.12895951895144475
Neopl-ACR (refined),-2842,-2522,-0.0614980424468497
Neopl-ACR (refined),-737,-2884,0.2944384583713593
Neopl-ACR (refined),-2942,-1651,0.15708919792491738
Neopl-ACR (refined),-510,-1768,0.06804138655008685
Neopl-ACR (refined),-1698,-1570,0.17245794602537884
Neopl-ACR (refined),-3543,-2298,0.08548770818687734
Neopl-ACR (refined),-3526,-620,0.34223501122183775
Neopl-ACR (refined),-1164,-2321,0.31601041316510814
Neopl-ACR (refined),-2934,-905,0.045216371572290526
Neopl-ACR (refined),-1271,-2196,0.19794782381900017
Neopl-ACR (refined),-2143,-2933,0.0776925064197096
Neopl-ACR (refined),-2363,-3241,0.2573230073794199
Neopl-ACR (refined),-2454,-1563,0.2565016115264659
Neopl-ACR (refined),-771,-802,0.10918513068901575
Neopl-ACR (refined),-3430,-1864,-0.011347568379764528
Neopl-ACR (refined),-2198,-2963,0.13042593275864728
Neopl-ACR (refined),-1049,-1638,0.28755821128227077
Neopl-ACR (refined),-3264,-1399,0.04394260415755502
Neopl-ACR (refined),-1054,-2073,0.2469934889664203
Neopl-ACR (refined),-1720,-3869,0.0956419034209362
Neopl-ACR (refined),-2996,-1682,0.18490790300383053
Neopl-ACR (refined),-1498,-3312,0.19766716111437696
Neopl-ACR (refined),-2559,-1251,0.07979778486773503
Neopl-ACR (refined),-1172,-3129,0.14599793280887013
Neopl-ACR (refined),-2681,-2679,0.15783616360610114
Neopl-ACR (refined),-3066,-3328,0.2685630986105543
Neopl-ACR (refined),-1554,-3467,0.38594169203944884
Neopl-ACR (refined),-505,-1271,0.24243704082346368
Neopl-ACR (refined),-3157,-1587,0.06020503418484474
Neopl-ACR (refined),-1265,-1574,0.18105491732214984
Neopl-ACR (refined),-1865,-2097,0.2837833429418414
Neopl-ACR (refined),-2363,-3303,0.1952286488366149
Neopl-ACR (refined),-3151,-903,0.14240387505095914
Neopl-ACR (refined),-1061,-2819,0.225509451272687
Neopl-ACR (refined),-3388,-3076,0.16137896472064317
Neopl-ACR (refined),-3377,-1958,0.025656030220995607
Neopl-ACR (refined),-3637,-868,0.09269325886526636
Neopl-ACR (refined),-3758,-2171,0.22542962352157647
Neopl-ACR (refined),-1441,-2971,0.21182014524855175
Neopl-ACR (refined),-3749,-1301,0.04272698233049732
Neopl-ACR (refined),-1979,-2717,0.38404730553987976
Neopl-ACR (refined),-3905,-647,0.0803164936441923
Neopl-ACR (refined),-3201,-561,0.17392844994920986
Neopl-ACR (refined),-1320,-1667,0.19783724781110507
Neopl-ACR (refined),-1935,-3743,0.2554232832641323
Neopl-ACR (refined),-1879,-3588,0.1914117429833877
Neopl-ACR (refined),-940,-1515,0.3661617578942148
Neopl-ACR (refined),-896,-2541,0.16032106561895412
Neopl-ACR (refined),-2184,-1596,0.2554789776913304
Neopl-ACR (refined),-4016,-957,0.0353994333033561
Neopl-ACR (refined),-2447,-817,-0.006343671104484916
Neopl-ACR (refined),-1223,-2786,0.23915995853405247
Neopl-ACR (refined),-575,-2855,0.29839040622981483
Neopl-ACR (refined),-1386,-2878,0.21712225620970443
Neopl-ACR (refined),-1554,-3529,0.18612369744832172
Neopl-ACR (refined),-3490,-2391,0.1241179362873171
Neopl-ACR (refined),-2633,-3208,0.19064286829165145
Neopl-ACR (refined),-2123,-882,0.04750459334690288
Neopl-ACR (refined),-1656,-2844,0.26842585728624874
Neopl-ACR (refined),-3209,-1369,0.17146158154754776
Neopl-ACR (refined),-2239,-1689,0.17571336996346715
Neopl-ACR (refined),-1224,-2911,0.3197539515719361
Neopl-ACR (refined),-3274,-2456,0.2243496146322183
Neopl-ACR (refined),-2416,-3210,0.14834792547265357
Neopl-ACR (refined),-1655,-2782,0.2899435926758345
Neopl-ACR (refined),-1418,-672,0.15610556920429286
Neopl-ACR (refined),-2841,-2460,-0.05247037971619628
Neopl-ACR (refined),-2285,-850,0.017785398196395075
Neopl-ACR (refined),-829,-1206,0.20457777911953623
Neopl-ACR (refined),-1811,-2128,0.18110779205620847
Neopl-ACR (refined),-1971,-1909,0.10654953221595459
Neopl-ACR (refined),-3601,-2701,0.07438991773371317
Neopl-ACR (refined),-2403,-1843,0.32201930287276603
Neopl-ACR (refined),-2560,-1313,0.0914873433996603
Neopl-ACR (refined),-1978,-2655,0.290801281878924
Neopl-ACR (refined),-2355,-2496,0.22052706748166595
Neopl-ACR (refined),-4177,-800,0.1582882029592285
Neopl-ACR (refined),-2229,-633,-0.01233478411086325
Neopl-ACR (refined),-612,-1083,0.16487822213391617
Neopl-ACR (refined),-3702,-2016,0.1706962044876808
Neopl-ACR (refined),-1440,-2846,0.15307168224831247
Neopl-ACR (refined),-3541,-2111,-0.010757168127615124
Neopl-ACR (refined),-1771,-3527,0.2414664829067174
Neopl-ACR (refined),-3528,-744,0.18883511321680502
Neopl-ACR (refined),-1008,-2975,0.29368209290397707
Neopl-ACR (refined),-2617,-1592,0.10968089142017917
Neopl-ACR (refined),-3122,-3545,0.27556048400802186
Neopl-ACR (refined),-3054,-2085,0.05169501242182273
Neopl-ACR (refined),-1168,-2756,0.014403250822107472
Neopl-ACR (refined),-2175,-664,0.11998005377137028
Neopl-ACR (refined),-4285,-799,0.10443635948770136
Neopl-ACR (refined),-3962,-989,0.1938716303689992
Neopl-ACR (refined),-2185,-1658,0.2807425341019028
Neopl-ACR (refined),-3749,-1239,0.29599286600498237
Neopl-ACR (refined),-3748,-1177,0.16260402884057978
Neopl-ACR (refined),-2744,-3517,0.27838451890334714
Neopl-ACR (refined),-2906,-3485,0.1363951004067787
Neopl-ACR (refined),-2349,-1874,0.09286915191614459
Neopl-ACR (refined),-842,-2573,0.07617413470451584
Neopl-ACR (refined),-2989,-936,0.17997036500636365
Neopl-ACR (refined),-2877,-564,0.01591007166143643
Neopl-ACR (refined),-3096,-873,-0.004392095012509145
Neopl-ACR (refined),-1661,-3341,0.2294172972118773
Neopl-ACR (refined),-2733,-2461,0.04186556019254001
Neopl-ACR (refined),-1980,-2841,0.14699873715324663
Neopl-ACR (refined),-2825,-782,-0.010585561641402397
Neopl-ACR (refined),-508,-1582,0.37518553333398863
Neopl-ACR (refined),-1641,-1353,0.2914232171161192
Neopl-ACR (refined),-986,-676,0.0745752314574355
Neopl-ACR (refined),-1053,-2011,0.2910437312380806
Neopl-ACR (refined),-1330,-2661,0.16675578932878427
Neopl-ACR (refined),-1154,-1265,0.18622732425789346
Neopl-ACR (refined),-1980,-2779,0.40334971073794457
Neopl-ACR (refined),-2468,-2992,0.2707487657554701
Neopl-ACR (refined),-2834,-1652,0.10544217324267213
Neopl-ACR (refined),-3372,-1460,0.184688546169406
Neopl-ACR (refined),-943,-1764,0.2587150299332357
Neopl-ACR (refined),-1876,-3215,0.3005502837499981
Neopl-ACR (refined),-2419,-3458,0.29802094567298176
Neopl-ACR (refined),-2567,-2059,0.23892217403836308
Neopl-ACR (refined),-3961,-864,4.4236600771657697e-4
Neopl-ACR (refined),-780,-1672,0.2725259353990563
Neopl-ACR (refined),-2460,-2122,0.11036937117553691
Neopl-ACR (refined),-2884,-1310,0.10615404845368942
Neopl-ACR (refined),-1609,-3559,0.0442412314304636
Neopl-ACR (refined),-3529,-931,0.057509794374149326
Neopl-ACR (refined),-3436,-2485,0.12996823266038826
Neopl-ACR (refined),-3494,-2826,0.03490965802986801
Neopl-ACR (refined),-1861,-1724,0.01356176891869959
Neopl-ACR (refined),-1688,-576,0.1365838289277872
Neopl-ACR (refined),-1644,-1602,0.09954799367316819
Neopl-ACR (refined),-1917,-1941,0.19085488498645387
Neopl-ACR (refined),-1804,-1445,0.07465453193878646
Neopl-ACR (refined),-2525,-3271,0.38221375553053943
Neopl-ACR (refined),-2529,-3644,0.5819045591142422
Neopl-ACR (refined),-841,-2386,0.18751461153416288
Neopl-ACR (refined),-903,-3224,0.3231956164241076
Neopl-ACR (refined),-2573,-2618,0.09064973068712223
Neopl-ACR (refined),-1867,-2345,0.18995473009229397
Neopl-ACR (refined),-770,-678,0.13135487643313454
Neopl-ACR (refined),-3042,-842,0.17208104439509808
Neopl-ACR (refined),-720,-1145,0.24631143567314218
Neopl-ACR (refined),-1712,-3061,0.2910216904306403
Neopl-ACR (refined),-3595,-2142,0.05241564822054956
Neopl-ACR (refined),-1388,-3064,0.5139524802190136
Neopl-ACR (refined),-4016,-895,-0.07593225895289185
Neopl-ACR (refined),-1694,-1197,0.11631163409364831
Neopl-ACR (refined),-2284,-725,0.27319984824384586
Neopl-ACR (refined),-2524,-3146,0.22108605928666408
Neopl-ACR (refined),-2737,-2834,0.3057681962045406
Neopl-ACR (refined),-2615,-1406,0.1358633465163877
Neopl-ACR (refined),-1691,-949,-0.06698573798427757
Neopl-ACR (refined),-3604,-3074,0.1191221991908446
Neopl-ACR (refined),-3207,-1182,0.39892681989481754
Neopl-ACR (refined),-3425,-1305,0.04737709973318627
Neopl-ACR (refined),-670,-1487,0.1856552463746916
Neopl-ACR (refined),-3110,-2240,-0.05587259216406909
Neopl-ACR (refined),-1548,-2907,0.3810478419515452
Neopl-ACR (refined),-1044,-1079,0.1284787604873443
Neopl-ACR (refined),-2744,-3579,0.25111582876380883
Neopl-ACR (refined),-1928,-3059,0.29532825527039297
Neopl-ACR (refined),-1865,-2159,0.23234859217953396
Neopl-ACR (refined),-2459,-2060,0.13635068894975805
Neopl-ACR (refined),-2529,-3706,0.22199150472364026
Neopl-ACR (refined),-1158,-1700,0.34890579019109264
Neopl-ACR (refined),-1427,-1542,0.16727316298547196
Neopl-ACR (refined),-2463,-2432,0.30007690628326267
Neopl-ACR (refined),-1539,-1975,0.28561672537960187
Neopl-ACR (refined),-2186,-1721,0.17396183474794819
Neopl-ACR (refined),-619,-1829,0.21804036575286528
Neopl-ACR (refined),-1756,-2035,0.15647179344434942
Neopl-ACR (refined),-3593,-1893,0.11084128223306655
Neopl-ACR (refined),-2670,-1498,0.17849443915851415
Neopl-ACR (refined),-1376,-1884,0.11659493269237742
Neopl-ACR (refined),-2092,-3213,0.10234085326189646
Neopl-ACR (refined),-3540,-2049,0.11903776879264566
Neopl-ACR (refined),-1365,-765,0.09604493717886281
Neopl-ACR (refined),-632,-3134,0.16829668792893732
Neopl-ACR (refined),-2945,-1962,0.0627039346443729
Neopl-ACR (refined),-2663,-753,0.0451843178242643
Neopl-ACR (refined),-3328,-2424,0.09725032849097676
Neopl-ACR (refined),-2519,-2649,-0.07247799042068498
Neopl-ACR (refined),-957,-3255,0.3559739849016419
Neopl-ACR (refined),-2022,-1629,-0.01493698648083891
Neopl-ACR (refined),-1423,-1107,0.14820915922973177
Neopl-ACR (refined),-3658,-3042,0.10344362334595741
Neopl-ACR (refined),-3221,-2611,-0.05671092709257447
Neopl-ACR (refined),-1012,-3348,0.38460774003192744
Neopl-ACR (refined),-1048,-1452,0.15535731911196915
Neopl-ACR (refined),-2149,-3492,0.2725704668601837
Neopl-ACR (refined),-2300,-2403,0.21201816074748508
Neopl-ACR (refined),-849,-3256,0.2725650897664714
Neopl-ACR (refined),-627,-2699,0.5048625980228364
Neopl-ACR (refined),-840,-2324,0.25008102735315746
Neopl-ACR (refined),-4231,-831,0.0056080845883397235
Neopl-ACR (refined),-2843,-2584,0.02283131526918658
Neopl-ACR (refined),-3067,-3390,0.2144558275625036
Neopl-ACR (refined),-1422,-1045,0.1967003523839474
Neopl-ACR (refined),-1652,-2409,0.27135262210968547
Neopl-ACR (refined),-2137,-2311,0.13950938101791366
Neopl-ACR (refined),-1153,-1140,0.20372201862124495
Neopl-ACR (refined),-2623,-2276,0.14416212856509558
Neopl-ACR (refined),-2146,-3243,-0.01184057682697548
Neopl-ACR (refined),-559,-1239,0.11817637858177249
Neopl-ACR (refined),-500,-712,0.17891777535155062
Neopl-ACR (refined),-3256,-592,0.21725460082265186
Neopl-ACR (refined),-2740,-3144,0.3199829670298036
Neopl-ACR (refined),-1608,-3435,0.26780606112863403
Neopl-ACR (refined),-1015,-3658,0.1914227536965581
Neopl-ACR (refined),-1820,-3060,0.42311636459352103
Neopl-ACR (refined),-3811,-2140,0.08454261574614089
Neopl-ACR (refined),-1388,-3126,0.12758705889075217
Neopl-ACR (refined),-2289,-1285,9.854180231016474e-4
Neopl-ACR (refined),-2672,-1685,0.13722130719657533
Neopl-ACR (refined),-3051,-1774,-0.021067630281016048
Neopl-ACR (refined),-1231,-3656,0.06606039362158092
Neopl-ACR (refined),-1319,-1543,0.24695500968913858
Neopl-ACR (refined),-2042,-3617,0.256609381587284
Neopl-ACR (refined),-1718,-3620,0.14437715308780136
Neopl-ACR (refined),-886,-1485,0.38004586291010517
Neopl-ACR (refined),-2506,-1345,0.0698468861230076
Neopl-ACR (refined),-853,-3691,0.21813927666022692
Neopl-ACR (refined),-3959,-616,0.11920136331941844
Neopl-ACR (refined),-963,-3814,0.31063261593506347
Neopl-ACR (refined),-992,-1297,0.2757851921194496
Neopl-ACR (refined),-1149,-768,-0.024087385149598017
Neopl-ACR (refined),-935,-956,0.13246394319013405
Neopl-ACR (refined),-1600,-2689,0.31774215427423097
Neopl-ACR (refined),-1115,-2787,0.21774999030277203
Neopl-ACR (refined),-785,-2231,0.3561175428455214
Neopl-ACR (refined),-2137,-2249,0.15545370430205674
Neopl-ACR (refined),-988,-862,0.0740054316126389
Neopl-ACR (refined),-2947,-2148,0.15430471176328658
Neopl-ACR (refined),-1313,-921,0.019741453074595627
Neopl-ACR (refined),-1000,-2105,0.09584391182761465
Neopl-ACR (refined),-1478,-1199,0.24098054557121018
Neopl-ACR (refined),-1039,-582,0.08959050255855477
Neopl-ACR (refined),-1043,-1017,0.02818514958168511
Neopl-ACR (refined),-3804,-1332,0.3283623777538938
Neopl-ACR (refined),-2257,-3553,0.19438633152783913
Neopl-ACR (refined),-3316,-1244,0.1544761741223345
Neopl-ACR (refined),-3441,-2920,0.21264578520988137
Neopl-ACR (refined),-1274,-2506,0.28325971959272755
Neopl-ACR (refined),-2570,-2307,0.05080359521144867
Neopl-ACR (refined),-1226,-3159,0.1831870922689156
Neopl-ACR (refined),-2575,-2866,0.3569449615657899
Neopl-ACR (refined),-2508,-1531,0.017623561840237334
Neopl-ACR (refined),-2738,-2958,0.1710101451605005
Neopl-ACR (refined),-883,-1174,0.004875807508416596
Neopl-ACR (refined),-3750,-1426,0.12292039331385157
Neopl-ACR (refined),-1916,-1816,0.21842468542916882
Neopl-ACR (refined),-3644,-1613,0.12844446197908665
Neopl-ACR (refined),-3606,-3260,0.2143777781302167
Neopl-ACR (refined),-1175,-3377,0.2163513667372664
Neopl-ACR (refined),-2823,-596,0.15499815888073204
Neopl-ACR (refined),-2991,-1185,0.12396411478421582
Neopl-ACR (refined),-3495,-2951,0.020391951291040156
Neopl-ACR (refined),-2791,-2864,0.22853827033112656
Neopl-ACR (refined),-1016,-3720,0.3182553299122601
Neopl-ACR (refined),-1530,-981,0.13291759882844678
Neopl-ACR (refined),-2241,-1813,0.24817348450940047
Neopl-ACR (refined),-1111,-2415,0.1435310836474106
Neopl-ACR (refined),-1391,-3437,0.06999047587671262
Neopl-ACR (refined),-2297,-2092,0.05748915466299914
Neopl-ACR (refined),-3376,-1833,0.14462109072374424
Neopl-ACR (refined),-619,-1891,0.16387846310031168
Neopl-ACR (refined),-2347,-1688,0.10287046830806523
Neopl-ACR (refined),-2788,-2491,0.17528267968906086
Neopl-ACR (refined),-613,-1270,0.18763280410405309
Neopl-ACR (refined),-3698,-1644,0.1985174784300312
Neopl-ACR (refined),-1821,-3184,0.411133933060539
Neopl-ACR (refined),-3688,-587,0.15456204520606837
Neopl-ACR (refined),-2401,-1656,0.028098910617584683
Neopl-ACR (refined),-2041,-3493,0.31415915043737686
Neopl-ACR (refined),-3104,-1681,0.12054954689731007
Neopl-ACR (refined),-2791,-2802,0.1926090186619563
Neopl-ACR (refined),-746,-3754,0.19856859925498055
Neopl-ACR (refined),-607,-586,0.1972697675575644
Neopl-ACR (refined),-1914,-1630,0.13573107707659687
Neopl-ACR (refined),-1882,-3836,0.3750911629871644
Neopl-ACR (refined),-1534,-1416,0.12229937366538646
Neopl-ACR (refined),-3538,-1801,0.18526389684709238
Neopl-ACR (refined),-618,-1767,0.23669742476062638
Neopl-ACR (refined),-2094,-3399,0.22220887330324574
Neopl-ACR (refined),-683,-2854,0.32588121516246304
Neopl-ACR (refined),-2452,-1314,0.09570606045746843
Neopl-ACR (refined),-2300,-2341,0.15187990965841985
Neopl-ACR (refined),-1063,-3068,-0.002208490905070637
Neopl-ACR (refined),-722,-1331,0.31157186582180396
Neopl-ACR (refined),-3263,-1337,-0.003630290599735797
Neopl-ACR (refined),-1986,-3462,0.2431851649930653
Neopl-ACR (refined),-3647,-1862,0.1314281575777163
Neopl-ACR (refined),-2074,-1349,0.0035670427934682003
Neopl-ACR (refined),-1869,-2531,0.14674792460955827
Neopl-ACR (refined),-960,-3566,0.25872575914409296
Neopl-ACR (refined),-776,-1362,0.09858420164646547
Neopl-ACR (refined),-2206,-3771,0.08516618937130455
Neopl-ACR (refined),-2683,-2865,0.26948052053188837
Neopl-ACR (refined),-507,-1457,0.29518290332291386
Neopl-ACR (refined),-2248,-2621,0.21362242945110765
Neopl-ACR (refined),-1664,-3714,0.18735665997973483
Neopl-ACR (refined),-3175,-3389,0.2992247562586842
Neopl-ACR (refined),-616,-1581,0.1536497844691354
Neopl-ACR (refined),-3547,-2733,0.02107462020932155
Neopl-ACR (refined),-3821,-3072,0.1179660066919862
Neopl-ACR (refined),-1172,-3066,0.2820779032387448
Neopl-ACR (refined),-2411,-2713,0.16803338935811435
Neopl-ACR (refined),-2240,-1751,0.21525881723109092
Neopl-ACR (refined),-3276,-2642,0.22622610943469912
Neopl-ACR (refined),-1817,-2687,0.13251062649495782
Neopl-ACR (refined),-1826,-3681,0.20387350132971854
Neopl-ACR (refined),-3743,-680,0.14921673004080438
Neopl-ACR (refined),-3753,-1736,0.023243061276693733
Neopl-ACR (refined),-3284,-3450,0.173455783941243
Neopl-ACR (refined),-2303,-2714,0.25933081929899093
Neopl-ACR (refined),-2032,-2623,0.3437638827338309
Neopl-ACR (refined),-1002,-2291,0.21996207944243235
Neopl-ACR (refined),-3220,-2487,0.16188491650620446
Neopl-ACR (refined),-1124,-3719,0.13834371935885792
Neopl-ACR (refined),-2361,-3117,0.25641989976337987
Neopl-ACR (refined),-2121,-634,0.0969970554199549
Neopl-ACR (refined),-2561,-1375,0.019029288615435458
Neopl-ACR (refined),-2716,-721,0.16338342530392624
Neopl-ACR (refined),-1264,-1512,0.2669741188490201
Neopl-ACR (refined),-1717,-3558,0.08421446833579971
Neopl-ACR (refined),-1112,-2539,0.19941956675804806
Neopl-ACR (refined),-3101,-1370,0.03307205913494077
Neopl-ACR (refined),-1851,-668,0.12690964298836516
Neopl-ACR (refined),-3657,-2980,0.08329960669499042
Neopl-ACR (refined),-1599,-2503,0.4024546633771475
Neopl-ACR (refined),-3154,-1276,0.2363506634110914
Neopl-ACR (refined),-2727,-1777,0.024042520236992493
Neopl-ACR (refined),-1435,-2411,0.29180813832893177
Neopl-ACR (refined),-1207,-1171,0.14657741080637865
Neopl-ACR (refined),-1048,-1514,0.10698180421616543
Neopl-ACR (refined),-3757,-2109,0.24005848510029937
Neopl-ACR (refined),-745,-3692,0.18012988602318886
Neopl-ACR (refined),-3366,-777,0.19770690674292069
Neopl-ACR (refined),-989,-987,0.2665983335718031
Neopl-ACR (refined),-1976,-2406,0.3475022934225422
Neopl-ACR (refined),-1664,-3652,0.1346084194496141
Neopl-ACR (refined),-1708,-2688,0.306170051109697
Neopl-ACR (refined),-3637,-930,0.021113695384022024
Neopl-ACR (refined),-3653,-2545,0.14150619291460653
Neopl-ACR (refined),-3696,-1395,0.06646898432055498
Neopl-ACR (refined),-2631,-3083,0.11745116683221568
Neopl-ACR (refined),-1379,-2132,0.30166177765422614
Neopl-ACR (refined),-3425,-1367,-0.014909751186241882
Neopl-ACR (refined),-1611,-3808,0.10124689357973365
Neopl-ACR (refined),-3006,-2676,0.13554056882509524
Neopl-ACR (refined),-2141,-2746,0.18015239486244833
Neopl-ACR (refined),-626,-2513,0.361827005911636
Neopl-ACR (refined),-1690,-762,0.12501387637583433
Neopl-ACR (refined),-3478,-1211,0.16263626587870772
Neopl-ACR (refined),-2139,-2498,0.32399470655677043
Neopl-ACR (refined),-1169,-2818,0.10476176811320509
Neopl-ACR (refined),-3754,-1798,0.14580469453321926
Neopl-ACR (refined),-3327,-2362,-0.05057347008548335
Neopl-ACR (refined),-1438,-2722,0.22207299201410374
Neopl-ACR (refined),-2947,-2210,0.20708842306183317
Neopl-ACR (refined),-1612,-3870,0.12473295472192647
Neopl-ACR (refined),-2097,-3710,0.1555797645309398
Neopl-ACR (refined),-1209,-1357,0.11699389479990707
Neopl-ACR (refined),-2125,-1069,0.05508984648026616
Neopl-ACR (refined),-3116,-2923,0.10373722112780936
Neopl-ACR (refined),-1216,-2103,0.31285918778762567
Neopl-ACR (refined),-3331,-2735,-0.028759015426969348
Neopl-ACR (refined),-717,-772,0.2144064997697147
Neopl-ACR (refined),-1549,-2970,0.22371905233773126
Neopl-ACR (refined),-2572,-2494,0.15702382499080714
Neopl-ACR (refined),-2122,-758,0.008314696675955469
Neopl-ACR (refined),-847,-3070,0.19874086881757264
Neopl-ACR (refined),-2073,-1287,0.1223984741944732
Neopl-ACR (refined),-959,-3441,0.3615210652122703
Neopl-ACR (refined),-1283,-3376,0.19600686209803425
Neopl-ACR (refined),-3050,-1650,0.20569933408887864
Neopl-ACR (refined),-3278,-2891,-0.08417694863733077
Neopl-ACR (refined),-1974,-2220,0.21992310270781806
Neopl-ACR (refined),-3120,-3296,0.15174802784939256
Neopl-ACR (refined),-3151,-966,0.1635153033152516
Neopl-ACR (refined),-3056,-2271,0.05740831957326897
Neopl-ACR (refined),-2993,-1371,0.19924938144712917
Neopl-ACR (refined),-1334,-3096,0.24567863586061434
Neopl-ACR (refined),-2418,-3334,0.19186770415595733
Neopl-ACR (refined),-1478,-1261,0.21787169893716862
Neopl-ACR (refined),-777,-1424,0.1508272719396464
Neopl-ACR (refined),-2798,-3548,0.27942989289189746
Neopl-ACR (refined),-668,-1363,-0.11508504965284244
Neopl-ACR (refined),-3326,-2300,0.1466224636271769
Neopl-ACR (refined),-2470,-3178,0.23183027897737374
Neopl-ACR (refined),-2778,-1497,0.2111599409330009
Neopl-ACR (refined),-2739,-3020,0.19136848459309913
Neopl-ACR (refined),-3259,-902,0.04512949729146892
Neopl-ACR (refined),-2687,-3300,0.26381229300211434
Neopl-ACR (refined),-1988,-3587,0.26132011320104853
Neopl-ACR (refined),-1638,-1042,0.13227356067201246
Neopl-ACR (refined),-789,-2604,0.047242405738748605
Neopl-ACR (refined),-834,-1765,0.26026579202542244
Neopl-ACR (refined),-2904,-3298,0.11278400840272779
Neopl-ACR (refined),-2514,-2152,0.05670594287771036
Neopl-ACR (refined),-3432,-1988,0.06350987614125936
Neopl-ACR (refined),-1481,-1572,0.30414037375108877
Neopl-ACR (refined),-1659,-3155,0.3250831069950825
Neopl-ACR (refined),-961,-3628,0.31368894653520846
Neopl-ACR (refined),-823,-584,0.18641572517822969
Neopl-ACR (refined),-2682,-2741,0.1359402805856143
Neopl-ACR (refined),-3391,-3324,0.08013365311189713
Neopl-ACR (refined),-3003,-2365,0.2437572111565049
Neopl-ACR (refined),-1597,-2317,0.49510472160503816
Neopl-ACR (refined),-1590,-1633,0.3073645904268576
Neopl-ACR (refined),-1472,-640,-0.004269702311611334
Neopl-ACR (refined),-1745,-855,0.005139770503603425
Neopl-ACR (refined),-1004,-2540,0.34354915306268086
Neopl-ACR (refined),-3148,-655,0.04937376104979546
Neopl-ACR (refined),-2080,-1970,0.22792932759544215
Neopl-ACR (refined),-1270,-2071,0.335326209436299
Neopl-ACR (refined),-1853,-854,0.05044912663609269
Neopl-ACR (refined),-1603,-3000,0.4260661280272609
Neopl-ACR (refined),-2151,-3740,0.3568456235082232
Neopl-ACR (refined),-3713,-3135,0.18033034698755057
Neopl-ACR (refined),-2718,-908,0.1211734863602294
Neopl-ACR (refined),-1101,-1420,0.2541070585763592
Neopl-ACR (refined),-3603,-2950,0.22243505395139662
Neopl-ACR (refined),-1429,-1728,0.3531760103030126
Neopl-ACR (refined),-2355,-2434,0.17229580429516156
Neopl-ACR (refined),-3433,-2112,0.0943567635013498
Neopl-ACR (refined),-2512,-1966,0.007972563535425192
Neopl-ACR (refined),-2886,-1434,0.0010053872242303252
Neopl-ACR (refined),-3162,-2022,0.1176285043923026
Neopl-ACR (refined),-1165,-2445,0.13445983327605546
Neopl-ACR (refined),-894,-2355,0.3875284560732138
Neopl-ACR (refined),-1046,-1328,0.05174338638767795
Neopl-ACR (refined),-2527,-3457,0.4293160389675463
Neopl-ACR (refined),-2722,-1343,0.16022128763367965
Neopl-ACR (refined),-2840,-2273,0.16410879780013832
Neopl-ACR (refined),-3705,-2327,0.017183217795747996
Neopl-ACR (refined),-1541,-2162,0.40481694656214867
Neopl-ACR (refined),-3113,-2613,-0.024191910390650107
Neopl-ACR (refined),-509,-1644,0.07075695373709784
Neopl-ACR (refined),-718,-896,0.2461193170904128
Neopl-ACR (refined),-941,-1640,0.3431431074692697
Neopl-ACR (refined),-1608,-3497,0.11153992516846212
Neopl-ACR (refined),-2469,-3054,0.2652885028147438
Neopl-ACR (refined),-1372,-1449,0.16619738477066115
Neopl-ACR (refined),-1654,-2658,0.3451448936159916
Neopl-ACR (refined),-3169,-2829,0.031171054219147953
Neopl-ACR (refined),-3119,-3172,0.20935996859422096
Neopl-ACR (refined),-2633,-3270,0.14780507108891855
Neopl-ACR (refined),-2788,-2554,0.04272485265042891
Neopl-ACR (refined),-3329,-2610,-0.02547237978140976
Neopl-ACR (refined),-2769,-565,0.010299514905265372
Neopl-ACR (refined),-2126,-1131,0.12817428220631005
Neopl-ACR (refined),-2132,-1814,0.1635658547664271
Neopl-ACR (refined),-3755,-1923,0.14675053796723314
Neopl-ACR (refined),-3474,-776,0.01235405904294301
Neopl-ACR (refined),-2581,-3426,0.42407535451366374
Neopl-ACR (refined),-1112,-2477,0.07456673516922857
Neopl-ACR (refined),-3640,-1178,0.27457726384218856
Neopl-ACR (refined),-2838,-2149,-0.033037962715641966
Neopl-ACR (refined),-3650,-2172,0.04446102577038652
Neopl-ACR (refined),-1911,-1319,0.025851262672706155
Neopl-ACR (refined),-1115,-2850,0.27602035027660576
Neopl-ACR (refined),-3434,-2237,0.15921383961724828
Neopl-ACR (refined),-2289,-1222,0.1642609517048953
Neopl-ACR (refined),-1751,-1538,0.20032941841836321
Neopl-ACR (refined),-795,-3225,0.3446064613536519
Neopl-ACR (refined),-1370,-1263,0.1713222647823881
Neopl-ACR (refined),-2181,-1286,0.1318421075190333
Neopl-ACR (refined),-1384,-2692,0.27968774671977475
Neopl-ACR (refined),-1364,-641,0.08704606826725009
Neopl-ACR (refined),-2028,-2188,0.40739154543134254
Neopl-ACR (refined),-1098,-1110,0.17625858480223927
Neopl-ACR (refined),-1393,-3561,0.1592333055596174
Neopl-ACR (refined),-1108,-2104,0.051278516369094085
Neopl-ACR (refined),-2731,-2212,0.14407664395526215
Neopl-ACR (refined),-1595,-2130,0.31769742006999924
Neopl-ACR (refined),-3493,-2764,-0.056160771892635464
Neopl-ACR (refined),-623,-2264,0.16860708950665848
Neopl-ACR (refined),-3600,-2639,-0.02104494414260527
Neopl-ACR (refined),-2609,-847,0.11307786912420198
Neopl-ACR (refined),-3820,-3010,0.12018957728369467
Neopl-ACR (refined),-1437,-2536,0.22750818940552686
Neopl-ACR (refined),-2093,-3275,0.2531012536221515
Neopl-ACR (refined),-3589,-1458,0.06309374674401219
Neopl-ACR (refined),-1159,-1824,0.16553741612442568
Neopl-ACR (refined),-1635,-670,0.28224551283831967
Neopl-ACR (refined),-3706,-2451,0.13881288335044661
Neopl-ACR (refined),-2247,-2435,0.18484310609528215
Neopl-ACR (refined),-3370,-1212,0.09949940891821735
Neopl-ACR (refined),-1148,-705,0.1362100147742663
Neopl-ACR (refined),-1969,-1661,0.291555182535672
Neopl-ACR (refined),-772,-927,0.28499814481248215
Neopl-ACR (refined),-3219,-2363,0.17608176034179812
Neopl-ACR (refined),-2418,-3396,0.3329793795536531
Neopl-ACR (refined),-2513,-2028,0.22781779488652698
Neopl-ACR (refined),-1220,-2476,0.16602443155474858
Neopl-ACR (refined),-2350,-1999,0.025484552208459854
Neopl-ACR (refined),-2689,-3424,0.2153504780360862
Neopl-ACR (refined),-3645,-1675,0.10439600043725228
Neopl-ACR (refined),-1118,-3160,0.11364422008833847
Neopl-ACR (refined),-1809,-1880,0.14581179647610337
Neopl-ACR (refined),-998,-1856,0.14909693740037322
Neopl-ACR (refined),-2680,-2555,0.1445013586337464
Neopl-ACR (refined),-1531,-1106,0.1607976863780468
Neopl-ACR (refined),-2555,-754,0.08303914715882721
Neopl-ACR (refined),-1229,-3408,0.11070689364701491
Neopl-ACR (refined),-2739,-3082,0.11265467892194359
Neopl-ACR (refined),-1655,-2720,0.2579364617285281
Neopl-ACR (refined),-2249,-2683,0.33555382447778387
Neopl-ACR (refined),-2948,-2272,-0.08945167391188663
Neopl-ACR (refined),-1913,-1506,0.033810131767495644
Neopl-ACR (refined),-1765,-2967,0.4079891244496537
Neopl-ACR (refined),-1488,-2256,0.40053044377694424
Neopl-ACR (refined),-2034,-2809,0.30101113056223566
Neopl-ACR (refined),-1425,-1355,-0.006460418036794424
Neopl-ACR (refined),-2783,-1994,0.07888666413128959
Neopl-ACR (refined),-2771,-814,0.06315756407199247
Neopl-ACR (refined),-2687,-3238,0.27254694850926703
Neopl-ACR (refined),-2451,-1252,0.12129523079446342
Neopl-ACR (refined),-1528,-857,0.17907914195924318
Neopl-ACR (refined),-3217,-2114,0.1050772155845453
Neopl-ACR (refined),-2080,-2032,0.09666322897804769
Neopl-ACR (refined),-3316,-1181,0.019251178899701293
Neopl-ACR (refined),-895,-2417,0.08951465101353873
Neopl-ACR (refined),-502,-898,-0.14134147815770423
Neopl-ACR (refined),-2235,-1254,0.0303851432367489
Neopl-ACR (refined),-1118,-3098,0.16727849327204092
Neopl-ACR (refined),-2568,-2183,0.22931765502357204
Neopl-ACR (refined),-2446,-755,0.06917492882171916
Neopl-ACR (refined),-931,-583,0.06583944669002406
Neopl-ACR (refined),-3223,-2736,-0.056604420198502425
Neopl-ACR (refined),-3852,-741,0.15214177005309298
Neopl-ACR (refined),-3326,-2238,0.08005985709443963
Neopl-ACR (refined),-995,-1546,0.10099437603122757
Neopl-ACR (refined),-2456,-1687,0.12966664224076713
Neopl-ACR (refined),-624,-2388,0.32798065225290046
Neopl-ACR (refined),-3703,-2141,0.15172793131283585
Neopl-ACR (refined),-2042,-3679,0.18059893415775263
Neopl-ACR (refined),-832,-1516,0.22708475061056071
Neopl-ACR (refined),-1914,-1568,0.06340142210663034
Neopl-ACR (refined),-850,-3380,0.3086248590901
Neopl-ACR (refined),-1650,-2223,0.44631193224389143
Neopl-ACR (refined),-1863,-1910,0.1269391721069263
Neopl-ACR (refined),-3046,-1215,0.14214365697419729
Neopl-ACR (refined),-848,-3132,0.2543474067944483
Neopl-ACR (refined),-3421,-870,0.09065738433457221
Neopl-ACR (refined),-1933,-3556,0.19022918016134716
Neopl-ACR (refined),-908,-3721,0.21289806641488596
Neopl-ACR (refined),-3602,-2887,-0.00617518320876459
Neopl-ACR (refined),-2901,-3050,0.11507106126891453
Neopl-ACR (refined),-1855,-1040,0.10578000770485302
Neopl-ACR (refined),-743,-3506,0.17910765839245774
Neopl-ACR (refined),-2068,-728,0.045427353804714965
Neopl-ACR (refined),-1921,-2313,0.21976910928578774
Neopl-ACR (refined),-3273,-2331,0.09667982173245926
Neopl-ACR (refined),-1906,-760,0.06008417176530151
Neopl-ACR (refined),-2457,-1811,0.20087345474629953
Neopl-ACR (refined),-2777,-1435,0.10589093685255646
Neopl-ACR (refined),-4013,-646,0.33702117532101455
Neopl-ACR (refined),-2242,-1938,0.2930793658945824
Neopl-ACR (refined),-2035,-2872,0.11353241759788352
Neopl-ACR (refined),-2846,-2957,0.1214943354905515
Neopl-ACR (refined),-3223,-2798,-0.06796171699191417
Neopl-ACR (refined),-3550,-3043,0.1572071013169264
Neopl-ACR (refined),-1051,-1825,0.18630316581449446
Neopl-ACR (refined),-891,-2044,0.5185183505419447
Neopl-ACR (refined),-3282,-3325,0.19312011684876135
Neopl-ACR (refined),-1165,-2383,0.21740936875097105
Neopl-ACR (refined),-3067,-3452,0.2448768726886731
Neopl-ACR (refined),-3695,-1271,0.13217638890825195
Neopl-ACR (refined),-1983,-3152,0.10958341249377829
Neopl-ACR (refined),-1211,-1606,0.3010216585408511
Neopl-ACR (refined),-1859,-1537,0.1921929303267137
Neopl-ACR (refined),-1042,-831,-0.05439958919851673
Neopl-ACR (refined),-3371,-1274,0.09639427385642352
Neopl-ACR (refined),-2291,-1409,0.1296767539908329
Neopl-ACR (refined),-995,-1608,0.35356814269574177
Neopl-ACR (refined),-1877,-3339,0.18006100472183129
Neopl-ACR (refined),-3805,-1518,0.08926386399798597
Neopl-ACR (refined),-1060,-2695,0.096232850136094
Neopl-ACR (refined),-1371,-1387,0.12196495138239466
Neopl-ACR (refined),-1214,-1916,0.26010998924244455
Neopl-ACR (refined),-3761,-2544,0.09070583300997814
Neopl-ACR (refined),-3052,-1899,0.17488485342372495
Neopl-ACR (refined),-3432,-2050,0.14494786518733394
Neopl-ACR (refined),-2895,-2366,0.04308627981363844
Neopl-ACR (refined),-1961,-853,0.21505013996606864
Neopl-ACR (refined),-2931,-595,0.02378042104009359
Neopl-ACR (refined),-2796,-3299,0.22712814425788086
Neopl-ACR (refined),-3581,-651,0.08608581976026014
Neopl-ACR (refined),-3153,-1152,0.08660456258513938
Neopl-ACR (refined),-4069,-801,0.17415587141071492
Neopl-ACR (refined),-1214,-1854,0.17073800720845478
Neopl-ACR (refined),-2526,-3333,0.38455808901366006
Neopl-ACR (refined),-940,-1453,0.10056657852320505
Neopl-ACR (refined),-2837,-1963,0.10479516776017656
Neopl-ACR (refined),-1040,-644,0.11633139688803223
Neopl-ACR (refined),-3003,-2427,0.19970319849921953
Neopl-ACR (refined),-3364,-653,0.030836824290465137
Neopl-ACR (refined),-880,-863,0.24540201284550373
Neopl-ACR (refined),-1057,-2384,0.25040607192542824
Neopl-ACR (refined),-2523,-3084,0.06464611046237528
Neopl-ACR (refined),-1445,-3406,0.3507639318013859
Neopl-ACR (refined),-1910,-1133,0.083091009722007
Neopl-ACR (refined),-2259,-3677,0.09872371880438685
Neopl-ACR (refined),-1336,-3344,0.10768020740801454
Neopl-ACR (refined),-3753,-1674,0.09771611975964567
Neopl-ACR (refined),-2029,-2312,0.06260682757399488
Neopl-ACR (refined),-1922,-2438,0.10435348893665375
Neopl-ACR (refined),-2521,-2836,0.24696616898991408
Neopl-ACR (refined),-1879,-3526,0.2521628935083174
Neopl-ACR (refined),-3103,-1556,0.17537609078642102
Neopl-ACR (refined),-794,-3163,0.4231375242912372
Neopl-ACR (refined),-1864,-2034,0.23227190137554
Neopl-ACR (refined),-2352,-2185,0.013842260204734613
Neopl-ACR (refined),-3695,-1333,0.026160009179895083
Neopl-ACR (refined),-1476,-1013,0.08784632270304393
Neopl-ACR (refined),-1925,-2686,0.2895690858049134
Neopl-ACR (refined),-2466,-2805,0.0814287042736126
Neopl-ACR (refined),-3203,-748,0.058235010061582604
Neopl-ACR (refined),-3759,-2296,0.08226826899597328
Neopl-ACR (refined),-1420,-858,-0.049570806742938844
Neopl-ACR (refined),-2790,-2740,0.023244627852599786
Neopl-ACR (refined),-2348,-1750,0.17070608432146572
Neopl-ACR (refined),-3482,-1584,0.1470135226618181
Neopl-ACR (refined),-1639,-1105,0.22274421567648944
Neopl-ACR (refined),-3530,-993,0.17189657680796205
Neopl-ACR (refined),-1799,-885,0.11718696877978474
Neopl-ACR (refined),-2408,-2340,0.09908161838315466
Neopl-ACR (refined),-1325,-2164,0.3075155538154777
Neopl-ACR (refined),-2738,-2896,0.2814996525149656
Neopl-ACR (refined),-1426,-1479,0.13568419709965124
Neopl-ACR (refined),-955,-3006,0.2879523747193004
Neopl-ACR (refined),-3154,-1214,0.22908231158856207
Neopl-ACR (refined),-780,-1734,0.24947669506170772
Neopl-ACR (refined),-899,-2852,0.05935466709197962
Neopl-ACR (refined),-738,-3009,0.5468387710683281
Neopl-ACR (refined),-2620,-1903,0.027254701387319835
Neopl-ACR (refined),-1481,-1510,0.08804243960081543
Neopl-ACR (refined),-3392,-3449,0.26461035704638974
Neopl-ACR (refined),-615,-1456,0.26534582611863416
Neopl-ACR (refined),-2619,-1779,0.042131920051483585
Neopl-ACR (refined),-1762,-2657,0.029993901411435486
Neopl-ACR (refined),-1278,-2941,0.4308451458272169
Neopl-ACR (refined),-1749,-1290,0.06631704747812278
Neopl-ACR (refined),-2628,-2773,0.19180937103895263
Neopl-ACR (refined),-680,-2543,0.24809396280133472
Neopl-ACR (refined),-3804,-1394,0.21257116749193122
Neopl-ACR (refined),-3010,-3111,0.19598931521540253
Neopl-ACR (refined),-3492,-2640,0.06934913413686328
Neopl-ACR (refined),-4122,-707,0.21611005244251608
Neopl-ACR (refined),-2295,-1844,0.16432207833051288
Neopl-ACR (refined),-2608,-722,0.14295139558974912
Neopl-ACR (refined),-1175,-3439,0.07813105454835678
Neopl-ACR (refined),-2724,-1467,0.08807462646938036
Neopl-ACR (refined),-2067,-665,-0.001869859839012944
Neopl-ACR (refined),-2780,-1684,0.20131109478690795
Neopl-ACR (refined),-3310,-622,-0.04731929369705806
Neopl-ACR (refined),-1701,-1881,0.1705524017875245
Neopl-ACR (refined),-3529,-869,0.20370297302568957
Neopl-ACR (refined),-1257,-767,0.014477976151025862
Neopl-ACR (refined),-950,-2571,0.30111454039530194
Neopl-ACR (refined),-3446,-3479,0.030208962761292424
Neopl-ACR (refined),-2231,-881,0.016573029608909162
Neopl-ACR (refined),-3375,-1771,-0.013712236662099087
Neopl-ACR (refined),-1106,-1918,0.06757361074113216
Neopl-ACR (refined),-887,-1609,0.11619370423285863
Neopl-ACR (refined),-3173,-3202,0.3471298461397584
Neopl-ACR (refined),-1638,-980,0.1317446657863322
Neopl-ACR (refined),-2409,-2464,0.19010228477787355
Neopl-ACR (refined),-2457,-1873,0.2519539115920311
Neopl-ACR (refined),-778,-1548,0.2312610873687193
Neopl-ACR (refined),-3260,-1027,0.18728545546352232
Neopl-ACR (refined),-2294,-1720,0.1825408653050563
Neopl-ACR (refined),-1392,-3499,0.2066965893383549
Neopl-ACR (refined),-3605,-3136,0.32033536579889593
Neopl-ACR (refined),-2408,-2402,0.12072364492902748
Neopl-ACR (refined),-1268,-1885,0.3298718710306337
Neopl-ACR (refined),-2039,-3369,0.0660647896520028
Neopl-ACR (refined),-2608,-660,0.03437438043012131
Neopl-ACR (refined),-3094,-686,0.00632509231011924
Neopl-ACR (refined),-2613,-1219,0.08658170395403203
Neopl-ACR (refined),-1828,-3868,0.11528562239223866
Neopl-ACR (refined),-2880,-875,0.10707353041487022
Neopl-ACR (refined),-1773,-3775,0.23543471956666984
Neopl-ACR (refined),-2835,-1776,-0.07679479752888924
Neopl-ACR (refined),-661,-617,0.058027512229986755
Neopl-ACR (refined),-1553,-3342,0.3611588450003491
Neopl-ACR (refined),-904,-3349,0.29163020607770124
Neopl-ACR (refined),-879,-739,0.027313464547527422
Neopl-ACR (refined),-1607,-3373,0.33107284632924794
Neopl-ACR (refined),-3270,-2021,0.12305849221811477
Neopl-ACR (refined),-3367,-963,0.33370590972641373
Neopl-ACR (refined),-1051,-1763,0.23332751087343856
Neopl-ACR (refined),-1591,-1757,0.17266806713815303
Neopl-ACR (refined),-3047,-1339,0.12086135948345611
Neopl-ACR (refined),-3745,-867,0.1310465599793874
Neopl-ACR (refined),-3275,-2518,0.20625716329332872
Neopl-ACR (refined),-3052,-1836,0.10552892546689513
Neopl-ACR (refined),-1484,-1821,0.22166573561235453
Neopl-ACR (refined),-1874,-3029,0.19998484002236278
Neopl-ACR (refined),-3314,-1057,0.12803021440394763
Neopl-ACR (refined),-2296,-1968,0.025437800807447397
Neopl-ACR (refined),-3751,-1488,0.21969068053943308
Neopl-ACR (refined),-2625,-2462,0.14907356230035745
Neopl-ACR (refined),-2288,-1098,0.14706786060937255
Neopl-ACR (refined),-2349,-1812,0.06951957688347238
Neopl-ACR (refined),-569,-2233,0.006274175186017583
Neopl-ACR (refined),-2625,-2400,-0.024831704777732833
Neopl-ACR (refined),-508,-1519,0.16778889486104787
Neopl-ACR (refined),-1484,-1883,0.30523184287171173
Neopl-ACR (refined),-1986,-3400,0.22359103191250285
Neopl-ACR (refined),-1697,-1508,0.0021176256977074037
Neopl-ACR (refined),-838,-2138,0.31340255248701693
Neopl-ACR (refined),-2636,-3518,0.26004026159217586
Neopl-ACR (refined),-3386,-2890,0.05703455196196555
Neopl-ACR (refined),-1271,-2133,0.10269006529344063
Neopl-ACR (refined),-1314,-1046,0.24608780536095154
Neopl-ACR (refined),-3853,-865,0.06965256509814005
Neopl-ACR (refined),-2794,-3113,0.18577756629592435
Neopl-ACR (refined),-2085,-2467,0.35341186973678174
Neopl-ACR (refined),-3590,-1583,0.1508504468332192
Neopl-ACR (refined),-3002,-2241,0.21813585928950346
Neopl-ACR (refined),-1097,-986,0.1699934003222835
Neopl-ACR (refined),-2405,-2029,0.2458350511102111
Neopl-ACR (refined),-2302,-2527,0.14474869459537748
Neopl-ACR (refined),-1364,-579,0.11794647917590728
Neopl-ACR (refined),-953,-2882,0.28020750128870775
Neopl-ACR (refined),-2414,-2961,0.05308239019256955
Neopl-ACR (refined),-3534,-1428,0.10300254727578084
Neopl-ACR (refined),-2583,-3674,0.1925456652111877
Neopl-ACR (refined),-1987,-3525,0.21500426138980588
Neopl-ACR (refined),-2626,-2586,-8.521841585538703e-4
Neopl-ACR (refined),-3497,-3137,0.16002995566415612
Neopl-ACR (refined),-447,-868,-0.04790041934039729
Neopl-ACR (refined),-2250,-2745,0.2610508185693773
Neopl-ACR (refined),-2729,-2026,0.06785513909330088
Neopl-ACR (refined),-1336,-3282,0.14743234125051008
Neopl-ACR (refined),-1933,-3494,0.22636534288302618
Neopl-ACR (refined),-824,-646,0.16239924061265865
Neopl-ACR (refined),-3499,-3323,0.15313853716631742
Neopl-ACR (refined),-3160,-1897,0.19860294216345548
Neopl-ACR (refined),-3374,-1585,0.0788931445652965
Neopl-ACR (refined),-2901,-2987,0.16278862195785787
Neopl-ACR (refined),-3588,-1396,0.14914919019585132
Neopl-ACR (refined),-2456,-1749,0.0928135761400205
Neopl-ACR (refined),-1378,-2070,0.33238018751013837
Neopl-ACR (refined),-3379,-2144,0.10196251399174433
Neopl-ACR (refined),-776,-1299,0.056201919158978986
Neopl-ACR (refined),-1107,-1980,0.15529904071585918
Neopl-ACR (refined),-1500,-3498,0.28093013110759457
Neopl-ACR (refined),-1419,-734,0.12512870048176922
Neopl-ACR (refined),-2946,-2086,0.0915535808999875
Neopl-ACR (refined),-2259,-3739,0.20912339211905567
Neopl-ACR (refined),-563,-1674,0.23480253829652636
Neopl-ACR (refined),-1329,-2599,0.10586805884664302
Neopl-ACR (refined),-3328,-2486,0.09138729972853088
Neopl-ACR (refined),-2511,-1842,0.0827568040991995
Neopl-ACR (refined),-2311,-3521,0.28877753623272295
Neopl-ACR (refined),-571,-2482,0.4737897873537739
Neopl-ACR (refined),-1641,-1291,0.1266061554043612
Neopl-ACR (refined),-3552,-3292,0.23250502344646784
Neopl-ACR (refined),-1854,-978,0.09454214819858886
Neopl-ACR (refined),-2253,-3056,0.14126339723620746
Neopl-ACR (refined),-1540,-2038,0.3336496115155447
Neopl-ACR (refined),-505,-1209,0.015498939716578286
Neopl-ACR (refined),-2736,-2709,0.28124598810025914
Neopl-ACR (refined),-3122,-3482,0.20913106295616624
Neopl-ACR (refined),-3447,-3541,0.0917003761871017
Neopl-ACR (refined),-3215,-1928,0.1520070924235013
Neopl-ACR (refined),-3335,-3170,0.2888436738389706
Neopl-ACR (refined),-2518,-2587,0.15167611059306385
Neopl-ACR (refined),-1321,-1729,0.23565461405414267
Neopl-ACR (refined),-3228,-3295,0.2971792031031358
Neopl-ACR (refined),-3333,-2983,0.05771624251161667
Neopl-ACR (refined),-1479,-1324,0.21773207406796818
Neopl-ACR (refined),-2770,-627,0.08229129058873752
Neopl-ACR (refined),-1312,-859,0.08548548099938247
Neopl-ACR (refined),-3266,-1648,0.03929942270349629
Neopl-ACR (refined),-3760,-2358,0.021288069469048154
Neopl-ACR (refined),-1121,-3471,0.17346204753675099
Neopl-ACR (refined),-3427,-1553,0.10294241222021105
Neopl-ACR (refined),-1746,-979,0.0072091735109168775
Neopl-ACR (refined),-2637,-3642,0.31569685350267185
Neopl-ACR (refined),-1605,-3186,0.40414354269369474
Neopl-ACR (refined),-1705,-2378,0.3605682124579798
Neopl-ACR (refined),-1808,-1817,0.1240919329013086
Neopl-ACR (refined),-1814,-2377,0.08251900709319537
Neopl-ACR (refined),-4176,-676,0.10932829128625954
Neopl-ACR (refined),-3587,-1272,0.24335813094015107
Neopl-ACR (refined),-1420,-796,-0.009835881432786464
Neopl-ACR (refined),-2572,-2556,0.26443575855529344
Neopl-ACR (refined),-2629,-2835,0.13989234906125952
Neopl-ACR (refined),-1526,-609,0.058279630878729616
Neopl-ACR (refined),-3435,-2299,0.16721007462542536
Neopl-ACR (refined),-3170,-2892,0.14661881394417176
Neopl-ACR (refined),-2085,-2529,0.1071982986513762
Neopl-ACR (refined),-1179,-3874,0.13257236266688777
Neopl-ACR (refined),-1797,-637,0.175360470568999
Neopl-ACR (refined),-2076,-1535,0.10397215434824308
Neopl-ACR (refined),-3329,-2548,0.1901216931057298
Neopl-ACR (refined),-557,-1053,0.40109419513693473
Neopl-ACR (refined),-3638,-992,0.03255025597704819
Neopl-ACR (refined),-2889,-1745,0.10935765127135522
Neopl-ACR (refined),-2527,-3519,0.3314828747810314
Neopl-ACR (refined),-2686,-3176,0.23324916717096494
Neopl-ACR (refined),-2309,-3335,0.384361013246758
Neopl-ACR (refined),-828,-1081,-0.00383733473111314
Neopl-ACR (refined),-1981,-2965,0.1539314072587668
Neopl-ACR (refined),-1591,-1695,0.22509681777235685
Neopl-ACR (refined),-2096,-3586,0.36197620861733104
Neopl-ACR (refined),-2203,-3522,0.18555284587954662
Neopl-ACR (refined),-1499,-3374,0.2144838586991774
Neopl-ACR (refined),-1637,-856,0.03146518307221918
Neopl-ACR (refined),-3053,-2023,0.1706027329212519
Neopl-ACR (refined),-3586,-1210,0.14327658511073238
Neopl-ACR (refined),-1746,-1041,0.23319286586307336
Neopl-ACR (refined),-1010,-3161,0.21478708341291652
Neopl-ACR (refined),-733,-2449,0.2864091963307447
Neopl-ACR (refined),-2145,-3119,0.011534656249953534
Neopl-ACR (refined),-3850,-555,0.20317789022129873
Neopl-ACR (refined),-2176,-789,0.1309396617254528
Neopl-ACR (refined),-3168,-2643,-0.0827365933714535
Neopl-ACR (refined),-3535,-1490,0.27189127105542193
Neopl-ACR (refined),-800,-3723,0.1505999311303881
Neopl-ACR (refined),-1852,-730,0.2691024039452347
Neopl-ACR (refined),-1646,-1850,0.2997968448564298
Neopl-ACR (refined),-662,-741,0.09357820939519695
Neopl-ACR (refined),-3096,-811,-0.06122667225745626
Neopl-ACR (refined),-2735,-2647,0.26280946992657817
Neopl-ACR (refined),-1821,-3122,0.37780523064946836
Neopl-ACR (refined),-500,-774,0.12714972507236208
Neopl-ACR (refined),-791,-2853,0.20540518458546153
Neopl-ACR (refined),-2144,-2995,0.07695902532097953
Neopl-ACR (refined),-1148,-643,-0.003503887445183651
Neopl-ACR (refined),-1434,-2225,0.40431481815874204
Neopl-ACR (refined),-891,-1982,0.3358208845250841
Neopl-ACR (refined),-731,-2201,0.29832956672484884
Neopl-ACR (refined),-2715,-597,0.05038896397755138
Neopl-ACR (refined),-1340,-3717,0.08910877026923486
Neopl-ACR (refined),-827,-957,0.033765521014725325
Neopl-ACR (refined),-2253,-3118,0.1545706052469905
Neopl-ACR (refined),-2689,-3487,0.2284356411593405
Neopl-ACR (refined),-2404,-1967,0.18186804152451141
Neopl-ACR (refined),-2504,-1158,0.29304288145546353
Neopl-ACR (refined),-2310,-3397,0.20623692323244414
Neopl-ACR (refined),-795,-3288,0.2882658192412575
Neopl-ACR (refined),-1428,-1604,0.2277303389061956
Neopl-ACR (refined),-1442,-3095,0.3403504639734339
Neopl-ACR (refined),-3659,-3166,0.35335690602065356
Neopl-ACR (refined),-2091,-3151,0.007397657129149471
Neopl-ACR (refined),-3320,-1616,0.0643989246559949
Neopl-ACR (refined),-2623,-2213,0.041483653223114314
Neopl-ACR (refined),-2844,-2708,0.16151158364086432
Neopl-ACR (refined),-2033,-2747,0.2098782659521221
Neopl-ACR (refined),-2242,-2000,0.06393186868487649
Neopl-ACR (refined),-2283,-663,0.11872620322175625
Neopl-ACR (refined),-2238,-1565,0.009549685213674663
Neopl-ACR (refined),-1335,-3158,0.14988544003859422
Neopl-ACR (refined),-676,-2170,0.11330514959553495
Neopl-ACR (refined),-620,-1953,0.3422372813208895
Neopl-ACR (refined),-1580,-639,-0.006161960502849284
Neopl-ACR (refined),-2398,-1284,0.11793793484168791
Neopl-ACR (refined),-3752,-1550,0.10816859154670277
Neopl-ACR (refined),-3593,-1955,0.12323438129918901
Neopl-ACR (refined),-2339,-818,0.2576174162502239
Neopl-ACR (refined),-2741,-3269,0.30887228490234153
Neopl-ACR (refined),-3149,-779,-0.04050488818233122
Neopl-ACR (refined),-2399,-1408,0.15166573520881976
Neopl-ACR (refined),-2677,-2244,0.200535292086038
Neopl-ACR (refined),-3552,-3230,0.3297820032583347
Neopl-ACR (refined),-2949,-2397,0.07185355903790153
Neopl-ACR (refined),-1315,-1170,0.34007822620631967
Neopl-ACR (refined),-2134,-2001,0.18796146784549428
Neopl-ACR (refined),-2087,-2716,0.14788205353694922
Neopl-ACR (refined),-1205,-922,0.06370921812635116
Neopl-ACR (refined),-2076,-1597,0.07311015675815963
Neopl-ACR (refined),-2187,-1845,0.14882790944720786
Neopl-ACR (refined),-3590,-1645,0.10993566742594368
Neopl-ACR (refined),-2094,-3461,0.3741907401350662
Neopl-ACR (refined),-1483,-1759,0.3137406282141944
Neopl-ACR (refined),-1818,-2812,0.3822929456953114
Neopl-ACR (refined),-3063,-3017,-0.04475123053700192
Neopl-ACR (refined),-907,-3659,0.23432358184357444
Neopl-ACR (refined),-715,-648,0.23566761983809636
Neopl-ACR (refined),-994,-1484,0.17760052799979859
Neopl-ACR (refined),-1688,-638,0.11278246380551821
Neopl-ACR (refined),-3653,-2483,0.18199079417577047
Neopl-ACR (refined),-2510,-1717,0.19426107066986603
Neopl-ACR (refined),-1905,-698,0.1348356744750795
Neopl-ACR (refined),-3488,-2205,0.07560045733899506
Neopl-ACR (refined),-2138,-2436,0.08589003273570156
Neopl-ACR (refined),-2140,-2560,0.23419335535870406
Neopl-ACR (refined),-2406,-2153,0.1760875001369301
Neopl-ACR (refined),-944,-1888,0.2735909677459891
Neopl-ACR (refined),-2197,-2901,0.13924569988105995
Neopl-ACR (refined),-1528,-795,0.1341351210509068
Neopl-ACR (refined),-3906,-710,0.05505280780613914
Neopl-ACR (refined),-2944,-1900,0.09525507856361654
Neopl-ACR (refined),-609,-773,0.19767025388888343
Neopl-ACR (refined),-2688,-3362,0.19702134133726362
Neopl-ACR (refined),-1958,-604,0.07439142003117649
Neopl-ACR (refined),-3689,-650,0.10528372458929924
Neopl-ACR (refined),-2986,-687,0.02709491518475371
Neopl-ACR (refined),-3544,-2422,0.17229155373575689
Neopl-ACR (refined),-3906,-772,0.07600842197166635
Neopl-ACR (refined),-4122,-770,0.1655913308060994
Neopl-ACR (refined),-2677,-2182,0.09049097455836208
Neopl-ACR (refined),-2176,-726,0.24108425059062288
Neopl-ACR (refined),-2362,-3179,0.18810368776098413
Neopl-ACR (refined),-2826,-844,0.03422818831712682
Neopl-ACR (refined),-1312,-797,0.09613725224580155
Neopl-ACR (refined),-1922,-2376,0.03083861397330151
Neopl-ACR (refined),-3053,-1961,0.04805105034218693
Neopl-ACR (refined),-2726,-1715,0.08573020704396367
Neopl-ACR (refined),-1156,-1451,0.1053057407830682
Neopl-ACR (refined),-1704,-2253,0.21387554403072306
Neopl-ACR (refined),-3000,-2117,-0.030536591956941694
Neopl-ACR (refined),-1281,-3190,0.17536052921852618
Neopl-ACR (refined),-3712,-3073,0.25638533152696436
Neopl-ACR (refined),-3095,-749,0.007750216452672376
Neopl-ACR (refined),-3487,-2143,0.060680248366007106
Neopl-ACR (refined),-1769,-3340,0.34475608760916093
Neopl-ACR (refined),-2195,-2715,0.2438615224772857
Neopl-ACR (refined),-2082,-2157,0.05688768832065555
Neopl-ACR (refined),-883,-1236,0.24085532041279517
Neopl-ACR (refined),-717,-834,0.1895638485424792
Neopl-ACR (refined),-1155,-1389,0.20597289771568472
Neopl-ACR (refined),-2402,-1781,0.14810309187570536
Neopl-ACR (refined),-1913,-1444,0.1032561626301926
Neopl-ACR (refined),-2297,-2030,0.0779684297714851
Neopl-ACR (refined),-1584,-1012,0.1395374654390974
Neopl-ACR (refined),-4232,-893,0.11896315391179024
Neopl-ACR (refined),-2894,-2304,-0.0023581433729648604
Neopl-ACR (refined),-790,-2728,0.4192053451213453
Neopl-ACR (refined),-1276,-2693,0.20490940374038813
Neopl-ACR (refined),-3325,-2113,0.18564368275327386
Neopl-ACR (refined),-1423,-1169,0.24642840824446083
Neopl-ACR (refined),-1010,-3099,0.18788387627601244
Neopl-ACR (refined),-716,-710,0.1432574378222523
Neopl-ACR (refined),-3480,-1397,0.18531220602284404
Neopl-ACR (refined),-1053,-1949,0.1862024405167238
Neopl-ACR (refined),-2569,-2245,0.07317407687096206
Neopl-ACR (refined),-2450,-1128,0.001765208674900931
Neopl-ACR (refined),-1990,-3835,0.21667955654927346
Neopl-ACR (refined),-3277,-2766,-0.12932772341194027
Neopl-ACR (refined),-3271,-2207,0.11670416141848483
Neopl-ACR (refined),-2250,-2807,0.21864191446079972
Neopl-ACR (refined),-2228,-571,0.2381627087446762
Neopl-ACR (refined),-2190,-2218,0.21313617194825668
Neopl-ACR (refined),-726,-1766,0.4099869584645485
Neopl-ACR (refined),-3004,-2489,0.08464897630704349
Neopl-ACR (refined),-1096,-861,0.21480844068133198
Neopl-ACR (refined),-1663,-3590,-0.003566702359037721
Neopl-ACR (refined),-2146,-3181,0.05693467069837105
Neopl-ACR (refined),-1050,-1701,0.2618425152208665
Neopl-ACR (refined),-3433,-2174,0.15187782315724707
Neopl-ACR (refined),-3045,-1153,0.16419563279997373
Neopl-ACR (refined),-3212,-1617,0.1663835030592481
Neopl-ACR (refined),-2036,-3058,0.25400574573809565
Neopl-ACR (refined),-769,-616,0.21148665680407344
Neopl-ACR (refined),-729,-2077,0.2748550285751916
Neopl-ACR (refined),-833,-1578,0.3217614957782208
Neopl-ACR (refined),-2942,-1713,0.14745776442394853
Neopl-ACR (refined),-1266,-1698,0.3368443722038784
Neopl-ACR (refined),-2414,-3023,0.2371584639572626
Neopl-ACR (refined),-2067,-603,0.11472657487358318
Neopl-ACR (refined),-889,-1795,0.41965214571113374
Neopl-ACR (refined),-1071,-3813,0.181205380611548
Neopl-ACR (refined),-1269,-2009,0.347251814960057
Neopl-ACR (refined),-1856,-1227,0.1258008552156072
Neopl-ACR (refined),-2675,-1995,0.13369537928586467
Neopl-ACR (refined),-3389,-3200,0.22635378299823117
Neopl-ACR (refined),-634,-3382,0.3373198868884983
Neopl-ACR (refined),-2833,-1590,0.07039862006299219
Neopl-ACR (refined),-2957,-3267,0.16577190425942173
Neopl-ACR (refined),-1915,-1692,0.049825137467826575
Neopl-ACR (refined),-1857,-1289,0.21124032321498398
Neopl-ACR (refined),-2501,-785,0.15936099456985758
Neopl-ACR (refined),-1691,-887,0.07652390857734914
Neopl-ACR (refined),-1764,-2843,0.32434148682878344
Neopl-ACR (refined),-2202,-3398,0.1853843368969313
Neopl-ACR (refined),-1052,-1887,0.2561130737380284
Neopl-ACR (refined),-943,-1826,0.36542185930160903
Neopl-ACR (refined),-1653,-2534,0.31957387583895136
Neopl-ACR (refined),-952,-2696,0.09173043871516942
Neopl-ACR (refined),-2578,-3115,0.2036919858989732
Neopl-ACR (refined),-1807,-1693,0.0037365430034385083
Neopl-ACR (refined),-2097,-3772,0.2563206417489043
Neopl-ACR (refined),-3107,-1929,0.07448848892994475
Neopl-ACR (refined),-2356,-2558,0.19405375477758968
Neopl-ACR (refined),-2416,-3148,0.29331936211942994
Neopl-ACR (refined),-1047,-1390,0.05570501767531921
Neopl-ACR (refined),-1543,-2348,0.31025475201974095
Neopl-ACR (refined),-2899,-2801,0.11995329900462348
Neopl-ACR (refined),-2790,-2678,0.08181440607849244
Neopl-ACR (refined),-1867,-2283,0.38106572233210195
Neopl-ACR (refined),-2345,-1439,0.08327290890295336
Neopl-ACR (refined),-1827,-3744,0.3684379033460469
Neopl-ACR (refined),-999,-2043,0.26929239755633994
Neopl-ACR (refined),-997,-1794,0.28976323587073843
Neopl-ACR (refined),-2199,-3087,0.07426031124891874
Neopl-ACR (refined),-1319,-1605,0.3453046909505219
Neopl-ACR (refined),-1693,-1073,0.043518218652465135
Neopl-ACR (refined),-786,-2293,0.44345105490875447
Neopl-ACR (refined),-1105,-1793,0.24210551752968285
Neopl-ACR (refined),-3157,-1525,0.009179154434633907
Neopl-ACR (refined),-3114,-2737,0.033190330277025004
Neopl-ACR (refined),-730,-2139,0.4253790910972587
Neopl-ACR (refined),-2520,-2712,0.06357997877416632
Neopl-ACR (refined),-2093,-3337,0.4005720632258805
Neopl-ACR (refined),-1333,-3034,0.49686238719971
Neopl-ACR (refined),-3064,-3079,0.1372665757387273
Neopl-ACR (refined),-1151,-954,0.14992201908645536
Neopl-ACR (refined),-1489,-2380,0.2575742908857751
Neopl-ACR (refined),-635,-3445,0.2752149575561553
Neopl-ACR (refined),-721,-1207,0.2865225005701604
Neopl-ACR (refined),-1482,-1634,0.08528625861410694
Neopl-ACR (refined),-665,-1052,-0.055815107879474246
Neopl-ACR (refined),-3532,-1241,0.15612731665101937
Neopl-ACR (refined),-2897,-2615,0.1337816539659894
Neopl-ACR (refined),-3208,-1245,0.12659171793096696
Neopl-ACR (refined),-778,-1486,0.24934842283024827
Neopl-ACR (refined),-2472,-3427,0.3219647503849353
Neopl-ACR (refined),-1479,-1386,0.21631973262908888
Neopl-ACR (refined),-2997,-1744,0.1535561765131328
Neopl-ACR (refined),-775,-1237,0.2003992126990174
Neopl-ACR (refined),-1102,-1483,0.23536320561315138
Neopl-ACR (refined),-2522,-2960,0.2009190483973266
Neopl-ACR (refined),-674,-1984,0.12847756638422997
Neopl-ACR (refined),-895,-2479,0.14665075717710502
Neopl-ACR (refined),-4013,-584,0.07121178900039687
Neopl-ACR (refined),-1643,-1539,0.11945641136994856
Neopl-ACR (refined),-2022,-1567,0.18903185797587146
Neopl-ACR (refined),-824,-709,-0.08933930599146261
Neopl-ACR (refined),-899,-2789,0.3277101776611772
Neopl-ACR (refined),-1043,-955,0.12017429331465307
Neopl-ACR (refined),-1977,-2468,0.23491829693718402
Neopl-ACR (refined),-1815,-2501,0.23664444252285838
Neopl-ACR (refined),-2411,-2650,0.1695340591132699
Neopl-ACR (refined),-2071,-1100,0.15528461430524887
Neopl-ACR (refined),-2196,-2839,0.29746785400519093
Neopl-ACR (refined),-2661,-629,0.20852798178640952
Neopl-ACR (refined),-3551,-3105,0.3120239228805353
Neopl-ACR (refined),-2123,-820,0.03377481271978522
Neopl-ACR (refined),-3336,-3294,0.3536312648620054
Neopl-ACR (refined),-1920,-2189,0.19970120886034265
Neopl-ACR (refined),-1368,-1076,0.010945154285757042
Neopl-ACR (refined),-3283,-3388,0.20001176668373216
Neopl-ACR (refined),-3311,-746,0.1930429921700348
Neopl-ACR (refined),-3960,-740,0.23136615167316166
Neopl-ACR (refined),-1960,-791,0.019748154831213116
Neopl-ACR (refined),-1582,-763,0.11570052880922227
Neopl-ACR (refined),-956,-3131,0.2024574969234239
Neopl-ACR (refined),-4125,-1080,0.054655295219759294
Neopl-ACR (refined),-3485,-1894,0.055223969149649776
Neopl-ACR (refined),-2521,-2898,0.12946727410763165
Neopl-ACR (refined),-2131,-1690,0.10045853139603284
Neopl-ACR (refined),-1333,-2972,0.2357975071265087
Neopl-ACR (refined),-2554,-692,0.08020694790763516
Neopl-ACR (refined),-3599,-2577,0.043483886056127796
Neopl-ACR (refined),-2896,-2490,-0.01253023701913153
Neopl-ACR (refined),-2393,-849,0.05608036991715265
Neopl-ACR (refined),-1446,-3530,0.03228669195120085
Neopl-ACR (refined),-999,-1981,0.16754733859002902
Neopl-ACR (refined),-2900,-2925,0.04463045671667909
Neopl-ACR (refined),-2565,-1872,0.22000902196294175
Neopl-ACR (refined),-3121,-3358,0.31813938958746146
Neopl-ACR (refined),-3654,-2607,0.14793032683816165
Neopl-ACR (refined),-3584,-961,0.13403613616603305
Neopl-ACR (refined),-1496,-3063,0.19514740988866247
Neopl-ACR (refined),-2890,-1931,0.08961894995747871
Neopl-ACR (refined),-1063,-3005,0.32614053752797545
Neopl-ACR (refined),-2012,-573,0.0826063568144299
Neopl-ACR (refined),-1714,-3310,0.1488532292669627
Neopl-ACR (refined),-996,-1732,0.2575587369413323
Neopl-ACR (refined),-2044,-3804,0.2260089168928201
Neopl-ACR (refined),-3041,-780,0.0878968887603418
Neopl-ACR (refined),-2526,-3395,0.42810369595201664
Neopl-ACR (refined),-2892,-2118,0.11478396535851143
Neopl-ACR (refined),-2182,-1348,0.16885755066792124
Neopl-ACR (refined),-2630,-2959,0.16392427822397643
Neopl-ACR (refined),-1120,-3284,0.16400491269105488
Neopl-ACR (refined),-1745,-917,0.03983312532386607
Neopl-ACR (refined),-3218,-2301,0.1988617012032463
Neopl-ACR (refined),-2960,-3577,0.07489952306850534
Neopl-ACR (refined),-2840,-2336,-0.06150154125364421
Neopl-ACR (refined),-1068,-3565,0.08440169241949097
Neopl-ACR (refined),-2997,-1806,0.22967029810562578
Neopl-ACR (refined),-1166,-2507,0.2817575593971352
Neopl-ACR (refined),-1331,-2785,0.22263724009659508
Neopl-ACR (refined),-2671,-1623,0.015079100627237774
Neopl-ACR (refined),-2524,-3209,0.2946070930150304
Neopl-ACR (refined),-2782,-1932,0.17579665674282757
Neopl-ACR (refined),-1097,-923,0.13546109638762766
Neopl-ACR (refined),-1013,-3472,0.42889914456559064
Neopl-ACR (refined),-2836,-1901,0.10468296706769353
Neopl-ACR (refined),-2367,-3676,0.2451958753156801
Neopl-ACR (refined),-671,-1611,0.10851646575715285
Neopl-ACR (refined),-727,-1828,0.2504672849810042
Neopl-ACR (refined),-1489,-2318,0.3341773148796458
Neopl-ACR (refined),-2632,-3145,0.2134105271955452
Neopl-ACR (refined),-2244,-2186,0.16754740704997179
Neopl-ACR (refined),-2393,-786,0.06833683796090628
Neopl-ACR (refined),-1226,-3097,0.4756023771333609
Neopl-ACR (refined),-2832,-1466,0.07881763347597642
Neopl-ACR (refined),-3437,-2547,0.132455820391854
Neopl-ACR (refined),-1321,-1791,0.2544195067035383
Neopl-ACR (refined),-3321,-1741,0.18629094118694312
Neopl-ACR (refined),-3099,-1183,0.14703804683498195
Neopl-ACR (refined),-4069,-863,0.16463657471020893
Neopl-ACR (refined),-2283,-601,0.014413898322338914
Neopl-ACR (refined),-2559,-1189,0.13733311164558665
Neopl-ACR (refined),-1970,-1785,0.21357283988250825
Neopl-ACR (refined),-3094,-624,0.27705157020445714
Neopl-ACR (refined),-504,-1147,0.22469576398493574
Neopl-ACR (refined),-3484,-1832,0.13787561636626067
Neopl-ACR (refined),-851,-3442,0.20895456916493066
Neopl-ACR (refined),-2847,-3019,0.07359905775848685
Neopl-ACR (refined),-2671,-1561,0.02001590404566006
Neopl-ACR (refined),-1820,-2998,0.2564317016401897
Neopl-ACR (refined),-3549,-2919,0.08763063873094779
Neopl-ACR (refined),-673,-1860,0.2642026173164341
Neopl-ACR (refined),-3333,-2921,-0.04660236739254825
Neopl-ACR (refined),-2199,-3150,0.11771077369538419
Neopl-ACR (refined),-455,-1613,0.3099335534516205
Neopl-ACR (refined),-1202,-674,0.14910339881807605
Neopl-ACR (refined),-2629,-2897,0.13292753583640393
Neopl-ACR (refined),-3064,-3141,0.11630936407991166
Neopl-ACR (refined),-3386,-2827,0.06983047168364442
Neopl-ACR (refined),-3709,-2762,-0.04325401680497579
Neopl-ACR (refined),-2016,-946,0.031194193082069444
Neopl-ACR (refined),-2401,-1594,0.06529772953207874
Neopl-ACR (refined),-2951,-2645,0.014258495685190997
Neopl-ACR (refined),-563,-1612,0.16079568047301146
Neopl-ACR (refined),-564,-1799,0.17850100578175393
Neopl-ACR (refined),-2730,-2150,0.09725233609251688
Neopl-ACR (refined),-792,-2915,0.0046729670023955006
Neopl-ACR (refined),-3002,-2303,0.0326785799846806
Neopl-ACR (refined),-732,-2387,0.2467787376660618
Neopl-ACR (refined),-1585,-1136,0.06821351207109905
Neopl-ACR (refined),-1580,-577,0.13133777176084932
Neopl-ACR (refined),-632,-3196,0.11760121030088694
Neopl-ACR (refined),-2131,-1628,0.2256243197101424
Neopl-ACR (refined),-615,-1394,0.05375461765957973
Neopl-ACR (refined),-1326,-2226,0.1292058050877832
Neopl-ACR (refined),-2407,-2216,0.07646116037465095
Neopl-ACR (refined),-662,-679,0.18946383299822778
Neopl-ACR (refined),-3174,-3327,0.27826274518683386
Neopl-ACR (refined),-1217,-2165,0.08824842242915723
Neopl-ACR (refined),-2673,-1809,0.0344678741531661
Neopl-ACR (refined),-3225,-2984,0.18192975301724934
Neopl-ACR (refined),-1702,-2067,-0.061349362560097265
Neopl-ACR (refined),-1284,-3562,0.10646723015732207
Neopl-ACR (refined),-2147,-3305,0.06569020189031899
Neopl-ACR (refined),-2352,-2123,0.006078470535748615
Neopl-ACR (refined),-3383,-2517,0.2327811139139525
Neopl-ACR (refined),-1216,-2041,0.3758347338851163
Neopl-ACR (refined),-3005,-2551,0.13598929160535972
Neopl-ACR (refined),-1582,-825,0.1651547700429451
Neopl-ACR (refined),-2507,-1407,0.14638923303101986
Neopl-ACR (refined),-1757,-2098,0.07834356543015991
Neopl-ACR (refined),-2575,-2804,0.2159450671458762
Neopl-ACR (refined),-2030,-2375,0.266138458500808
Neopl-ACR (refined),-2685,-3052,0.1449237063814881
Neopl-ACR (refined),-1049,-1576,0.17554629617027778
Neopl-ACR (refined),-3167,-2581,0.070795235136139
Neopl-ACR (refined),-3273,-2393,0.03413117798437898
Neopl-ACR (refined),-3256,-654,0.021961313626860268
Neopl-ACR (refined),-3320,-1678,0.08151593494347198
Neopl-ACR (refined),-1367,-952,0.15144623192685036
Neopl-ACR (refined),-945,-2012,0.41559728675786345
Neopl-ACR (refined),-1931,-3308,0.3080191516904982
Neopl-ACR (refined),-1339,-3593,0.19251922605534838
Neopl-ACR (refined),-1643,-1477,0.19901750201382312
Neopl-ACR (refined),-1016,-3783,0.11985407027367129
Neopl-ACR (refined),-1536,-1665,0.34951759870311194
Neopl-ACR (refined),-1909,-1071,0.14054204516444652
Neopl-ACR (refined),-2466,-2743,0.14877526355566095
Neopl-ACR (refined),-3371,-1336,-0.02753971121748766
Neopl-ACR (refined),-892,-2106,0.2205512716681925
Neopl-ACR (refined),-2205,-3709,0.14099646221053924
Neopl-ACR (refined),-1859,-1475,0.1374958557450306
Neopl-ACR (refined),-1698,-1632,-0.015151029932221116
Neopl-ACR (refined),-2730,-2088,0.14542459869116986
Neopl-ACR (refined),-1426,-1417,0.3525537421750326
Neopl-ACR (refined),-4231,-769,0.12418526676581393
Neopl-ACR (refined),-618,-1705,0.15817302413980844
Neopl-ACR (refined),-2288,-1160,0.1496532633560948
Neopl-ACR (refined),-1268,-1823,0.31079200730427714
Neopl-ACR (refined),-1763,-2781,0.3498823739234151
Neopl-ACR (refined),-3486,-2081,0.16660547842818935
Neopl-ACR (refined),-2852,-3578,0.27695237868292655
Neopl-ACR (refined),-3500,-3510,-0.03193934733381898
Neopl-ACR (refined),-2234,-1130,0.1478715612965169
Neopl-ACR (refined),-690,-3599,0.1790384157964936
Neopl-ACR (refined),-2889,-1807,0.15786296729065558
Neopl-ACR (refined),-3319,-1554,0.1605296554709862
Neopl-ACR (refined),-3284,-3512,0.11470632837019429
Neopl-ACR (refined),-1337,-3407,0.3789102944442187
Neopl-ACR (refined),-1491,-2566,0.39978303576099083
Neopl-ACR (refined),-3105,-1743,0.12403648465278438
Neopl-ACR (refined),-3694,-1209,0.1466120565354192
Neopl-ACR (refined),-1875,-3153,0.25092383980196903
Neopl-ACR (refined),-1324,-2040,0.3659053263126633
Neopl-ACR (refined),-1770,-3465,0.22675307759386304
Neopl-ACR (refined),-1747,-1103,0.14179065820784892
Neopl-ACR (refined),-941,-1577,0.1433994609094576
Neopl-ACR (refined),-1341,-3842,0.10203251235108146
Neopl-ACR (refined),-2553,-567,0.07962378560710309
Neopl-ACR (refined),-2622,-2089,0.06751950221178565
Neopl-ACR (refined),-2074,-1411,0.08847972013918182
Neopl-ACR (refined),-3606,-3198,0.1376022504088616
Neopl-ACR (refined),-2571,-2431,0.1391713685511088
Neopl-ACR (refined),-1310,-673,0.0017583736418791407
Neopl-ACR (refined),-1635,-732,0.11288586284784363
Neopl-ACR (refined),-2515,-2277,0.10010280499417007
Neopl-ACR (refined),-3598,-2452,0.09182788572465816
Neopl-ACR (refined),-3389,-3138,0.36954125385677683
Neopl-ACR (refined),-3055,-2147,0.129218432747833
Neopl-ACR (refined),-1005,-2602,0.14868573171918106
Neopl-ACR (refined),-2204,-3585,0.06965643084123513
Neopl-ACR (refined),-2951,-2583,0.11509239990026982
Neopl-ACR (refined),-2779,-1622,0.1439058710011134
Neopl-ACR (refined),-3597,-2328,0.12342800618297262
Neopl-ACR (refined),-3168,-2705,-0.007011856886813772
Neopl-ACR (refined),-3544,-2484,0.1815528449731944
Neopl-ACR (refined),-2553,-630,0.07998149564872414
Neopl-ACR (refined),-1272,-2320,0.16348995954319334
Neopl-ACR (refined),-3649,-2110,0.15755701846343173
Neopl-ACR (refined),-1911,-1257,0.12312129645819786
Neopl-ACR (refined),-3048,-1464,0.18017946169369042
Neopl-ACR (refined),-2082,-2219,0.35878049592443606
Neopl-ACR (refined),-2893,-2242,0.06519320451916705
Neopl-ACR (refined),-2789,-2616,0.26458872689988094
Neopl-ACR (refined),-2294,-1782,0.2176824072810919
Neopl-ACR (refined),-2293,-1657,0.22062637513091965
Neopl-ACR (refined),-2622,-2151,0.17291350692752694
Neopl-ACR (refined),-2570,-2369,0.1095891073926532
Neopl-ACR (refined),-3428,-1615,0.14510450844671446
Neopl-ACR (refined),-3381,-2392,0.02763469931817819
Neopl-ACR (refined),-1551,-3156,0.17540589530581763
Neopl-ACR (refined),-3755,-1861,0.37586457208714635
Neopl-ACR (refined),-1536,-1603,0.250451264559481
Neopl-ACR (refined),-2562,-1562,0.16238858487038654
Neopl-ACR (refined),-3486,-2019,0.04590755982077538
Neopl-ACR (refined),-607,-649,0.24875175538558436
Neopl-ACR (refined),-1550,-3094,0.23578676182322528
Neopl-ACR (refined),-3540,-1987,0.1722654181989265
Neopl-ACR (refined),-3431,-1926,0.17102294047787203
Neopl-ACR (refined),-3636,-743,0.16538726594605557
Neopl-ACR (refined),-1611,-3746,0.05061565049369249
Neopl-ACR (refined),-2290,-1347,0.14635596915324134
Neopl-ACR (refined),-2417,-3272,0.21121952805232153
Neopl-ACR (refined),-2041,-3555,0.23451170338056243
Neopl-ACR (refined),-2937,-1154,0.08858160810646798
Neopl-ACR (refined),-1255,-580,-0.004170359223614584
Neopl-ACR (refined),-685,-3040,0.39472493473160053
Neopl-ACR (refined),-2091,-3089,0.29994561225801225
Neopl-ACR (refined),-2340,-880,0.18368190502680987
Neopl-ACR (refined),-663,-803,0.07661826106630809
Neopl-ACR (refined),-954,-2944,0.3184051224631738
Neopl-ACR (refined),-2148,-3368,0.3611694061178179
Neopl-ACR (refined),-2777,-1373,0.14268714077503442
Neopl-ACR (refined),-1109,-2228,0.2523424129118882
Neopl-ACR (refined),-3339,-3542,0.11032134563205992
Neopl-ACR (refined),-1975,-2282,0.03449676589053352
Neopl-ACR (refined),-3055,-2209,0.13529911543776807
Neopl-ACR (refined),-953,-2820,0.289181217481588
Neopl-ACR (refined),-2126,-1193,0.16203328788664534
Neopl-ACR (refined),-1588,-1385,0.11288433073385207
Neopl-ACR (refined),-772,-864,-0.08810049427403593
Neopl-ACR (refined),-2742,-3331,0.27634629677677686
Neopl-ACR (refined),-2200,-3212,0.07973100152792073
Neopl-ACR (refined),-3279,-2953,-0.05250712786378964
Neopl-ACR (refined),-2230,-695,0.16250375842565667
Neopl-ACR (refined),-2465,-2681,0.1552759592830371
Neopl-ACR (refined),-1975,-2344,0.07242083751809097
Neopl-ACR (refined),-3163,-2146,0.14959968680303787
Neopl-ACR (refined),-3648,-2048,0.0967972520476667
Neopl-ACR (refined),-3111,-2364,0.09529508893630745
Neopl-ACR (refined),-2664,-877,0.2514882254883659
Neopl-ACR (refined),-687,-3289,0.40600871753738854
Neopl-ACR (refined),-1660,-3217,0.20077624749319462
Neopl-ACR (refined),-3367,-901,0.12672056969455486
Neopl-ACR (refined),-3908,-958,-0.009775883839174326
Neopl-ACR (refined),-2366,-3552,0.21159253945608952
Neopl-ACR (refined),-1596,-2255,0.26098833912167674
Neopl-ACR (refined),-1965,-1288,-0.010395507463980103
Neopl-ACR (refined),-2151,-3678,0.18464208647853275
Neopl-ACR (refined),-3712,-3011,0.21655016982115238
Neopl-ACR (refined),-1968,-1598,0.13872802739000845
Neopl-ACR (refined),-2579,-3239,0.2715332388385266
Neopl-ACR (refined),-3652,-2421,0.08294214650381154
Neopl-ACR (refined),-2303,-2652,0.1639701633560714
Neopl-ACR (refined),-3800,-959,0.039775992908651636
Neopl-ACR (refined),-1532,-1230,0.17932516297504003
Neopl-ACR (refined),-3701,-1892,0.08713780196004478
Neopl-ACR (refined),-2515,-2214,0.22007099867744329
Neopl-ACR (refined),-1205,-984,0.1449135702697663
Neopl-ACR (refined),-3014,-3546,0.28195732082531655
Neopl-ACR (refined),-1040,-706,0.17742792853402817
Neopl-ACR (refined),-2563,-1624,0.06924175463100551
Neopl-ACR (refined),-1665,-3776,0.3386914657555766
Neopl-ACR (refined),-565,-1861,0.18769819840835733
Neopl-ACR (refined),-2136,-2187,0.3095541674500444
Neopl-ACR (refined),-932,-708,0.25839921893521506
Neopl-ACR (refined),-1531,-1168,0.2326320780290469
Neopl-ACR (refined),-1064,-3130,0.1665766726302484
Neopl-ACR (refined),-1110,-2352,0.2315187285920085
Neopl-ACR (refined),-1485,-1945,0.30081132083302103
Neopl-ACR (refined),-1537,-1789,0.21392243769390662
Neopl-ACR (refined),-3111,-2426,0.06627650282143588
Neopl-ACR (refined),-1374,-1697,0.3176784834694572
Neopl-ACR (refined),-3654,-2669,0.11207533263202502
Neopl-ACR (refined),-1477,-1137,0.22492788911705963
Neopl-ACR (refined),-2933,-781,0.0507191077873671
Neopl-ACR (refined),-2343,-1191,0.07420456371188877
Neopl-ACR (refined),-3806,-1581,-0.024447787277139366
Neopl-ACR (refined),-3642,-1427,0.1037174101964704
Neopl-ACR (refined),-2014,-759,0.11657659111999985
Neopl-ACR (refined),-2366,-3614,0.2754257954857153
Neopl-ACR (refined),-1636,-794,0.1742755120674745
Neopl-ACR (refined),-842,-2510,0.09122103468675868
Neopl-ACR (refined),-1798,-761,0.2014777970945298
Neopl-ACR (refined),-626,-2575,0.5307015086016507
Neopl-ACR (refined),-906,-3535,0.2781720161735609
Neopl-ACR (refined),-1718,-3682,0.16630454146100648
Neopl-ACR (refined),-1339,-3655,0.1347949278033056
Neopl-ACR (refined),-3312,-809,0.14424973184092993
Neopl-ACR (refined),-3387,-3014,0.10891396324526292
Neopl-ACR (refined),-1379,-2194,0.28594311780428494
Neopl-ACR (refined),-3596,-2204,0.1407690017803137
Neopl-ACR (refined),-1164,-2259,0.12518737980817243
Neopl-ACR (refined),-1606,-3311,0.2271913475282451
Neopl-ACR (refined),-1649,-2099,0.14858185972255522
Neopl-ACR (refined),-2019,-1318,0.07295346005684739
Neopl-ACR (refined),-2679,-2430,0.005321562878784991
Neopl-ACR (refined),-3852,-803,0.12126600801450893
Neopl-ACR (refined),-1964,-1226,0.10910384065662826
Neopl-ACR (refined),-2985,-563,0.08009475321416087
Neopl-ACR (refined),-740,-3133,0.3707342742215172
Neopl-ACR (refined),-3553,-3354,0.24281302738360916
Neopl-ACR (refined),-671,-1673,0.19472296660256527
Neopl-ACR (refined),-1760,-2470,0.24982948806673871
Neopl-ACR (refined),-725,-1579,0.4069083352234417
Neopl-ACR (refined),-1812,-2252,0.18171424365235278
Neopl-ACR (refined),-2021,-1505,0.12077332712659672
Neopl-ACR (refined),-2353,-2309,0.10989623511831331
Neopl-ACR (refined),-2138,-2374,0.18450070025447374
Neopl-ACR (refined),-2354,-2371,0.08084893688782863
Neopl-ACR (refined),-3690,-774,0.033364336365224845
Neopl-ACR (refined),-1499,-3436,0.35532976768000124
Neopl-ACR (refined),-2037,-3120,0.1895065183205794
Neopl-ACR (refined),-3313,-871,0.2810481452530229
Neopl-ACR (refined),-3485,-1956,0.0531869965267574
Neopl-ACR (refined),-2474,-3551,0.38280755185782506
Neopl-ACR (refined),-2251,-2870,0.17881759475513148
Neopl-ACR (refined),-3056,-2333,0.09774977546011432
Neopl-ACR (refined),-3336,-3232,0.29675632346812264
Neopl-ACR (refined),-678,-2357,0.13813714887819917
Neopl-ACR (refined),-2995,-1557,0.16492597239414575
Neopl-ACR (refined),-2248,-2559,0.10253270433447992
Neopl-ACR (refined),-1381,-2381,0.1340756716076236
Neopl-ACR (refined),-1279,-3003,0.4409278473852545
Neopl-ACR (refined),-1702,-2005,0.26936259074976554
Neopl-ACR (refined),-1706,-2440,0.3523748747558955
Neopl-ACR (refined),-2086,-2591,0.15538975168605618
Neopl-ACR (refined),-3041,-718,0.13243065387707026
Neopl-ACR (refined),-3655,-2732,0.009569273237307718
Neopl-ACR (refined),-3264,-1462,0.17846540338621353
Neopl-ACR (refined),-996,-1670,0.3682425834054802
Neopl-ACR (refined),-3539,-1925,0.10054391060801032
Neopl-ACR (refined),-1757,-2160,0.2586034945009326
Neopl-ACR (refined),-2678,-2306,0.054725567835537614
Neopl-ACR (refined),-3049,-1526,0.1842291212228485
Neopl-ACR (refined),-2506,-1282,0.056364198040639135
Neopl-ACR (refined),-2072,-1162,0.012710337983362574
Neopl-ACR (refined),-2013,-635,0.285898482748415
Neopl-ACR (refined),-990,-1049,0.21888988892491462
Neopl-ACR (refined),-3162,-2084,0.126610619198953
Neopl-ACR (refined),-3378,-2082,0.05781183908283122
Neopl-ACR (refined),-2955,-3018,0.2154649381842504
Neopl-ACR (refined),-2135,-2063,0.23800191581286623
Neopl-ACR (refined),-1910,-1195,0.1176565976804882
Neopl-ACR (refined),-2841,-2398,0.20380554553416386
Neopl-ACR (refined),-2040,-3431,0.29991047356547723
Neopl-ACR (refined),-3210,-1431,0.07358269446043103
Neopl-ACR (refined),-2189,-2093,0.19197910236390553
Neopl-ACR (refined),-1647,-1974,0.23067121445507238
Neopl-ACR (refined),-2463,-2495,0.08557748042915309
Neopl-ACR (refined),-1122,-3533,0.0477265138605345
Neopl-ACR (refined),-617,-1643,0.22025849667015046
Neopl-ACR (refined),-1230,-3470,0.01589781942113247
Neopl-ACR (refined),-1366,-828,0.13484172983744552
Neopl-ACR (refined),-3007,-2800,0.10149524331788823
Neopl-ACR (refined),-2088,-2840,0.1738631743631166
Neopl-ACR (refined),-3700,-1830,0.14084788286732436
Neopl-ACR (refined),-3743,-618,0.29974269288651856
Neopl-ACR (refined),-1689,-700,0.1009472768078335
Neopl-ACR (refined),-1585,-1074,0.24040047655280922
Neopl-ACR (refined),-796,-3350,0.3375190112455498
Neopl-ACR (refined),-1926,-2811,0.30257843642280724
Neopl-ACR (refined),-2025,-1877,0.14946097958004234
Neopl-ACR (refined),-1806,-1631,0.21832082115112772
Neopl-ACR (refined),-2892,-2055,0.2517404567917001
Neopl-ACR (refined),-3537,-1676,0.10442665405786938
Neopl-ACR (refined),-1587,-1323,0.1668723948253758
Neopl-ACR (refined),-1318,-1480,0.2228589509293351
Neopl-ACR (refined),-1060,-2757,0.0978880820720612
Neopl-ACR (refined),-3480,-1459,0.322763417699025
Neopl-ACR (refined),-1389,-3189,0.1051830383636908
Neopl-ACR (refined),-2312,-3646,0.4023887987403159
Neopl-ACR (refined),-2565,-1810,0.039881183499012596
Neopl-ACR (refined),-3812,-2202,0.20022898846680026
Neopl-ACR (refined),-3904,-585,-0.0122450564122919
Neopl-ACR (refined),-2023,-1691,0.19628518555598928
Neopl-ACR (refined),-3704,-2203,0.11286994484553076
Neopl-ACR (refined),-2090,-3026,0.19740023694337733
Neopl-ACR (refined),-2574,-2742,0.17915809868408505
Neopl-ACR (refined),-2083,-2343,0.12700381817072437
Neopl-ACR (refined),-3707,-2514,0.08896252386455977
Neopl-ACR (refined),-3854,-990,0.17230738525441702
Neopl-ACR (refined),-723,-1393,0.13100967393915836
Neopl-ACR (refined),-846,-2945,0.13806968439293033
Neopl-ACR (refined),-1814,-2439,0.11987144733515437
Neopl-ACR (refined),-2245,-2310,0.4376702344435009
Neopl-ACR (refined),-2027,-2064,0.2247756044907614
Neopl-ACR (refined),-1871,-2718,0.21304470792122393
Neopl-ACR (refined),-2239,-1627,0.09458245751416933
Neopl-ACR (refined),-834,-1703,0.2772040053742247
Neopl-ACR (refined),-1657,-2906,0.25843300265618296
Neopl-ACR (refined),-2793,-3051,0.29746466537104205
Neopl-ACR (refined),-506,-1395,0.08062073233999312
Neopl-ACR (refined),-2183,-1410,0.05761806472858516
Neopl-ACR (refined),-1390,-3251,0.47969744884399534
Neopl-ACR (refined),-2180,-1161,-0.05223722672995901
Neopl-ACR (refined),-728,-1890,0.29180713978307443
Neopl-ACR (refined),-1383,-2567,0.18860149051679193
Neopl-ACR (refined),-1603,-2938,0.35675696323471345
Neopl-ACR (refined),-1758,-2222,0.05534655821929496
Neopl-ACR (refined),-2130,-1566,0.08335968151232809
Neopl-ACR (refined),-1095,-799,0.21182798683225224
Neopl-ACR (refined),-3440,-2858,-0.017725733043686853
Neopl-ACR (refined),-2254,-3180,0.22841730286793877
Neopl-ACR (refined),-2956,-3080,0.046063143357943204
Neopl-ACR (refined),-3113,-2550,0.16796703149898895
Neopl-ACR (refined),-1934,-3618,0.36345152068579817
Neopl-ACR (refined),-3163,-2208,0.06987435158259259
Neopl-ACR (refined),-1476,-1075,0.09657649970706372
Neopl-ACR (refined),-1985,-3338,0.273011961691815
Neopl-ACR (refined),-3439,-2734,-0.033402547657495285
Neopl-ACR (refined),-3756,-1985,0.1329276810418527
Neopl-ACR (refined),-2902,-3174,0.24593482167388148
Neopl-ACR (refined),-2619,-1841,0.21445299936395323
Neopl-ACR (refined),-2937,-1216,0.26591286510339174
Neopl-ACR (refined),-2576,-2928,0.10141475687363938
Neopl-ACR (refined),-1806,-1569,0.1018541107464982
Neopl-ACR (refined),-2018,-1194,0.08451757133069626
Neopl-ACR (refined),-958,-3317,0.20334936240078688
Neopl-ACR (refined),-1066,-3378,0.3577801810905096
Neopl-ACR (refined),-2454,-1500,0.2405296300745275
Neopl-ACR (refined),-3068,-3514,0.40995652013495054
Neopl-ACR (refined),-2607,-598,-0.039109230019117314
Neopl-ACR (refined),-1222,-2724,0.34995614553040744
Neopl-ACR (refined),-3445,-3417,0.10153796320743558
Neopl-ACR (refined),-2031,-2499,0.19849536401749612
Neopl-ACR (refined),-1972,-1971,0.08193634018078011
Neopl-ACR (refined),-3535,-1552,0.1619823216533896
Neopl-ACR (refined),-2407,-2278,0.07765233617184997
Neopl-ACR (refined),-3483,-1708,0.14593042447391485
Neopl-ACR (refined),-3418,-621,0.07897099934388518
Neopl-ACR (refined),-837,-2075,0.5469948895273717
Neopl-ACR (refined),-2954,-2894,0.1612558379543284
Neopl-ACR (refined),-3118,-3047,0.2532111548931546
Neopl-ACR (refined),-1147,-581,0.1333776512515374
Neopl-ACR (refined),-1211,-1544,0.16938576475768136
Neopl-ACR (refined),-888,-1733,0.2954608447172207
Neopl-ACR (refined),-2337,-632,0.07298074593944526
Neopl-ACR (refined),-2834,-1714,-0.021646879159923804
Neopl-ACR (refined),-2879,-751,0.07668702804391692
Neopl-ACR (refined),-554,-742,0.03012403765751756
Neopl-ACR (refined),-1797,-699,0.15769786668536628
Neopl-ACR (refined),-1436,-2474,0.08508782219758537
Neopl-ACR (refined),-664,-928,0.03564683832483195
Neopl-ACR (refined),-4176,-738,0.2627140781316362
Neopl-ACR (refined),-2075,-1473,0.25709076652850793
Neopl-ACR (refined),-1445,-3343,0.18106297805617494
Neopl-ACR (refined),-1977,-2530,0.13027493455251576
Neopl-ACR (refined),-1926,-2873,0.3477079425177467
Neopl-ACR (refined),-1322,-1853,0.28585843358978086
Neopl-ACR (refined),-1768,-3278,0.37197073376060785
Neopl-ACR (refined),-738,-2946,0.28402628897571397
Neopl-ACR (refined),-2021,-1443,0.14744082418355997
Neopl-ACR (refined),-2198,-3025,-0.06176527300693796
Neopl-ACR (refined),-2830,-1279,0.053457936428271124
Neopl-ACR (refined),-2143,-2871,0.16585132694859483
Neopl-ACR (refined),-4014,-709,0.1542885991223834
Neopl-ACR (refined),-3043,-967,0.11574874951851749
Neopl-ACR (refined),-3601,-2763,0.04061946334603189
Neopl-ACR (refined),-2579,-3301,0.23202928100190323
Neopl-ACR (refined),-948,-2323,0.33191272441825054
Neopl-ACR (refined),-3479,-1273,0.186829113712968
Neopl-ACR (refined),-958,-3379,0.35747191724223515
Neopl-ACR (refined),-690,-3537,0.3152649767825912
Neopl-ACR (refined),-1873,-2966,0.24683461694801295
Neopl-ACR (refined),-1056,-2322,0.21336542274239445
Neopl-ACR (refined),-2398,-1346,0.13654359124214221
Neopl-ACR (refined),-685,-3102,0.23002610897258807
Neopl-ACR (refined),-3429,-1740,0.14181497497862267
Neopl-ACR (refined),-1856,-1165,0.02146529707525191
Neopl-ACR (refined),-1592,-1820,0.11287692162139856
Neopl-ACR (refined),-3281,-3139,0.3421044807949009
Neopl-ACR (refined),-2954,-2956,0.08468817515624201
Neopl-ACR (refined),-2722,-1280,0.08970610599267531
Neopl-ACR (refined),-3218,-2239,0.1001212359328727
Neopl-ACR (refined),-950,-2509,0.2507517069665197
Neopl-ACR (refined),-1905,-636,7.04521496521171e-4
Neopl-ACR (refined),-3323,-1989,0.11272181906339035
Neopl-ACR (refined),-886,-1547,0.23933569653234565
Neopl-ACR (refined),-3204,-872,0.13411627867419212
Neopl-ACR (refined),-1853,-916,0.06733057216754612
Neopl-ACR (refined),-3479,-1335,0.050922565030458444
Neopl-ACR (refined),-689,-3475,0.17941408296956707
Neopl-ACR (refined),-1870,-2656,0.13611745443013268
Neopl-ACR (refined),-2886,-1496,0.11113550363725933
Neopl-ACR (refined),-1647,-1912,0.2284087812286293
Neopl-ACR (refined),-3005,-2614,0.22136913715790585
Neopl-ACR (refined),-1988,-3649,0.2921662254479024
Neopl-ACR (refined),-2799,-3610,0.4032908275905129
Neopl-ACR (refined),-2245,-2248,0.10606809179218091
Neopl-ACR (refined),-1376,-1822,0.3589787710725277
Neopl-ACR (refined),-1599,-2565,0.2958585209569103
Neopl-ACR (refined),-1158,-1637,0.14370450723406497
Neopl-ACR (refined),-3066,-3265,0.11429359153610819
Neopl-ACR (refined),-1495,-3001,0.39700207670081317
Neopl-ACR (refined),-3334,-3045,0.1696485777778189
Neopl-ACR (refined),-1068,-3502,0.23564708186467354
Neopl-ACR (refined),-1100,-1296,0.12178112074165426
Neopl-ACR (refined),-2825,-720,0.07134970212249797
Neopl-ACR (refined),-1487,-2193,0.2723774739950672
Neopl-ACR (refined),-1537,-1727,0.12277340950704202
Neopl-ACR (refined),-2960,-3515,0.21163535164687552
Neopl-ACR (refined),-3443,-3169,0.29523427648156886
Neopl-ACR (refined),-2257,-3491,0.024009328832025112
Neopl-ACR (refined),-719,-1020,0.1835774883669134
Neopl-ACR (refined),-3172,-3140,0.24033704534049904
Neopl-ACR (refined),-1743,-731,0.1284529111816527
Neopl-ACR (refined),-2631,-3021,0.09265772738451794
Neopl-ACR (refined),-1208,-1295,0.11559669020328983
Neopl-ACR (refined),-2230,-757,0.09030494073965589
Neopl-ACR (refined),-2582,-3612,0.35628411980510044
Neopl-ACR (refined),-2564,-1686,0.057358106608752735
Neopl-ACR (refined),-944,-1950,0.3793331777832863
Neopl-ACR (refined),-560,-1301,0.1023362657113151
Neopl-ACR (refined),-2145,-3057,0.005613632626357834
Neopl-ACR (refined),-567,-2047,0.2967970649576463
Neopl-ACR (refined),-3158,-1649,0.09448267729287269
Neopl-ACR (refined),-1256,-642,0.09471580785709038
Neopl-ACR (refined),-1215,-1979,0.30079308399734817
Neopl-ACR (refined),-1553,-3404,0.22890918678161615
Neopl-ACR (refined),-1751,-1476,0.3599220046839041
Neopl-ACR (refined),-2851,-3454,0.17749747612375888
Neopl-ACR (refined),-2149,-3554,0.18868059603613152
Neopl-ACR (refined),-2520,-2774,0.13077990421943558
Neopl-ACR (refined),-2140,-2622,0.18833003842398022
Neopl-ACR (refined),-2141,-2684,0.20711002764277925
Neopl-ACR (refined),-1545,-2597,0.3237274072974052
Neopl-ACR (refined),-2258,-3615,0.17744012755914462
Neopl-ACR (refined),-3959,-678,0.14781499294005984
Neopl-ACR (refined),-608,-711,0.009016014611483048
Neopl-ACR (refined),-793,-3039,0.30803396625159934
Neopl-ACR (refined),-1007,-2851,0.03421442557511531
Neopl-ACR (refined),-2308,-3149,0.333427798230767
Neopl-ACR (refined),-503,-1085,0.11777267807710157
Neopl-ACR (refined),-2499,-599,0.08129772343799557
Neopl-ACR (refined),-1421,-920,0.08266185639051987
Neopl-ACR (refined),-1311,-735,0.11874600492949866
Neopl-ACR (refined),-2662,-691,-0.07347683586435588
Neopl-ACR (refined),-1286,-3749,0.13723576115788527
Neopl-ACR (refined),-3366,-839,0.15649296229769588
Neopl-ACR (refined),-2445,-631,0.006786368068474324
Neopl-ACR (refined),-2313,-3708,0.20385129574587812
Neopl-ACR (refined),-798,-3598,0.24021251726187826
Neopl-ACR (refined),-2189,-2031,0.19369060426961016
Neopl-ACR (refined),-2776,-1249,0.023512091947524016
Neopl-ACR (refined),-2419,-3520,0.18369824482739233
Neopl-ACR (refined),-2898,-2677,-0.014602756703041009
Neopl-ACR (refined),-1380,-2257,0.29050415716623396
Neopl-ACR (refined),-2500,-723,0.06672831151273767
Neopl-ACR (refined),-2634,-3394,0.3390805789704288
Neopl-ACR (refined),-788,-2542,0.22392533124510272
Neopl-ACR (refined),-1284,-3500,0.26661874733991664
Neopl-ACR (refined),-673,-1797,0.1756776760483062
Neopl-ACR (refined),-2672,-1747,0.18739400363126407
Neopl-ACR (refined),-3383,-2579,0.06207961885949348
Neopl-ACR (refined),-1443,-3219,0.28599607700669183
Neopl-ACR (refined),-3543,-2360,0.16349876238444888
Neopl-ACR (refined),-3420,-808,0.15578827960831443
Neopl-ACR (refined),-2948,-2335,0.07327274350660484
Neopl-ACR (refined),-2835,-1839,0.14357956205461558
Neopl-ACR (refined),-2038,-3182,0.03081399057731138
Neopl-ACR (refined),-3377,-1895,0.012533203823447359
Neopl-ACR (refined),-1908,-947,0.05796257849704611
Neopl-ACR (refined),-2668,-1312,0.11507038048913848
Neopl-ACR (refined),-1920,-2251,0.23070442879211683
Neopl-ACR (refined),-1919,-2127,0.3276692915437902
Neopl-ACR (refined),-664,-865,0.25248221413196836
Neopl-ACR (refined),-2988,-812,0.013688669258711872
Neopl-ACR (refined),-2079,-1846,0.15878030946182992
Neopl-ACR (refined),-2998,-1930,0.19174935928181353
Neopl-ACR (refined),-2455,-1625,0.19070499123718032
Neopl-ACR (refined),-1266,-1636,0.19931974751345416
Neopl-ACR (refined),-2030,-2437,0.2765438389036614
Neopl-ACR (refined),-1069,-3689,-0.005672335200032852
Neopl-ACR (refined),-735,-2636,0.18545230219611208
Neopl-ACR (refined),-1313,-983,0.153655637663704
Neopl-ACR (refined),-2667,-1250,0.22722270898319957
Neopl-ACR (refined),-2459,-1998,0.17017159496597595
Neopl-ACR (refined),-2666,-1126,0.22864771285963437
Neopl-ACR (refined),-1710,-2875,0.3520498842171968
Neopl-ACR (refined),-2580,-3363,0.2983168554849921
Neopl-ACR (refined),-2308,-3211,0.414367528605178
Neopl-ACR (refined),-1438,-2660,0.3046667629973083
Neopl-ACR (refined),-1983,-3090,0.3420543956207382
Neopl-ACR (refined),-2721,-1156,0.15355117393937823
Neopl-ACR (refined),-3325,-2176,0.10057678487506766
Neopl-ACR (refined),-2716,-659,-0.09303816455373065
Neopl-ACR (refined),-1495,-2939,0.3429315563022851
Neopl-ACR (refined),-3169,-2767,0.0965962240797712
Neopl-ACR (refined),-1552,-3280,0.38535670083230894
Neopl-ACR (refined),-2846,-2895,0.19109646465445135
Neopl-ACR (refined),-3752,-1612,0.24101319337870614
Neopl-ACR (refined),-3491,-2516,0.05834741448566194
Neopl-ACR (refined),-3472,-590,0.21880287735816045
Neopl-ACR (refined),-1261,-1201,0.2578815614301525
Neopl-ACR (refined),-1493,-2753,0.2709969459739912
Neopl-ACR (refined),-3226,-3109,0.1646260565417066
Neopl-ACR (refined),-2827,-969,0.10761398142288586
Neopl-ACR (refined),-2891,-1993,0.12481909688168064
Neopl-ACR (refined),-3644,-1551,0.04434809544929458
Neopl-ACR (refined),-610,-897,0.22265605644015674
Neopl-ACR (refined),-3105,-1805,0.0021323037164072134
Neopl-ACR (refined),-1070,-3751,0.16596833149837453
Neopl-ACR (refined),-1529,-919,0.19117309583569508
Neopl-ACR (refined),-2087,-2654,0.3244966948814779
Neopl-ACR (refined),-1862,-1848,0.16669929268913986
Neopl-ACR (refined),-1601,-2752,0.33113949098493867
Neopl-ACR (refined),-1056,-2260,0.3942818981220567
Neopl-ACR (refined),-1059,-2633,-0.019903473803385863
Neopl-ACR (refined),-2728,-1902,0.21063955809974366
Neopl-ACR (refined),-3262,-1213,0.01918840567300717
Neopl-ACR (refined),-990,-1111,0.06909905678157069
Neopl-ACR (refined),-2684,-2927,0.09747942537881876
Neopl-ACR (refined),-3229,-3357,0.34842554511444274
Neopl-ACR (refined),-677,-2295,0.1271680652543607
Neopl-ACR (refined),-2852,-3516,0.15783693072706528
Neopl-ACR (refined),-3490,-2454,0.1523415574897231
Neopl-ACR (refined),-1538,-1851,0.26677181482520845
Neopl-ACR (refined),-2465,-2619,-0.022958987739105374
Neopl-ACR (refined),-3750,-1364,-0.06116580422927942
Neopl-ACR (refined),-3762,-2606,-0.034275018271771235
Neopl-ACR (refined),-882,-1112,0.12061612049504339
Neopl-ACR (refined),-720,-1082,0.1386535347794911
Neopl-ACR (refined),-1719,-3745,0.3823493712662844
Neopl-ACR (refined),-2509,-1655,0.09569150341760924
Neopl-ACR (refined),-1161,-2010,0.10678150617792581
Neopl-ACR (refined),-1492,-2690,0.39458115015214573
Neopl-ACR (refined),-1801,-1134,0.16692620894829469
Neopl-ACR (refined),-1475,-889,0.15283566462875908
Neopl-ACR (refined),-3766,-3041,0.2584981937928994
Neopl-ACR (refined),-775,-1175,0.1000542645969088
Neopl-ACR (refined),-3532,-1179,0.14589218541485094
Neopl-ACR (refined),-879,-801,0.11018887905154451
Neopl-ACR (refined),-2413,-2837,0.2012329314780537
Neopl-ACR (refined),-735,-2698,0.2327159732887829
Neopl-ACR (refined),-1971,-1847,0.2889514114098884
Neopl-ACR (refined),-935,-1018,0.06529898202388551
Neopl-ACR (refined),-3117,-2985,0.1460567647375537
Neopl-ACR (refined),-1606,-3249,0.29872839345058355
Neopl-ACR (refined),-691,-3661,0.1264688587072958
Neopl-ACR (refined),-2787,-2367,0.12932393221082739
Neopl-ACR (refined),-2517,-2463,0.17770468878250967
Neopl-ACR (refined),-3421,-932,0.021492065970426355
Neopl-ACR (refined),-1927,-2935,0.40217466826598175
Neopl-ACR (refined),-3043,-904,0.15106715957710704
Neopl-ACR (refined),-1807,-1755,0.18715997714266802
Neopl-ACR (refined),-3378,-2020,0.0879325850899706
Neopl-ACR (refined),-3164,-2270,0.09888083914053636
Neopl-ACR (refined),-782,-1921,0.4342412841531871
Neopl-ACR (refined),-3659,-3104,0.37182140954642195
Neopl-ACR (refined),-2664,-939,-0.11308145045079387
Neopl-ACR (refined),-3364,-591,0.1867268058946805
Neopl-ACR (refined),-1433,-2163,0.26082712921116663
Neopl-ACR (refined),-1642,-1415,0.1372883837662418
Neopl-ACR (refined),-770,-740,0.2216464591273396
Neopl-ACR (refined),-1069,-3627,0.05395252793449257
Neopl-ACR (refined),-837,-2013,0.28842376029831995
Neopl-ACR (refined),-1223,-2848,0.3300152866716119
Neopl-ACR (refined),-1385,-2816,0.2891872179423567
Neopl-ACR (refined),-2958,-3329,0.22899852385322228
Neopl-ACR (refined),-826,-895,0.18651189511514515
Neopl-ACR (refined),-1117,-3036,0.09700452941712262
Neopl-ACR (refined),-1472,-578,0.1165934501277946
Neopl-ACR (refined),-2610,-909,0.24780968385197
Neopl-ACR (refined),-844,-2697,0.33439206768619545
Neopl-ACR (refined),-787,-2418,0.18999437559838
Neopl-ACR (refined),-3224,-2860,0.02968085493105821
Neopl-ACR (refined),-2609,-784,0.10180095300900849
Neopl-ACR (refined),-1527,-733,-0.0014036322518419797
Neopl-ACR (refined),-2399,-1470,0.12764064259165747
Neopl-ACR (refined),-1801,-1072,0.0685122316062714
Neopl-ACR (refined),-3636,-805,0.10188911758068536
Neopl-ACR (refined),-1742,-606,0.0532257651079589
Neopl-ACR (refined),-3116,-2861,0.08446846187629575
Neopl-ACR (refined),-1650,-2285,0.4756870864269253
Neopl-ACR (refined),-1013,-3410,0.25577794144573784
Neopl-ACR (refined),-562,-1550,0.17830767191493235
Neopl-ACR (refined),-3958,-554,0.3467627293732015
Neopl-ACR (refined),-4014,-771,0.20403647451046164
Neopl-ACR (refined),-2462,-2370,0.07912164079668538
Neopl-ACR (refined),-674,-1922,0.24472433670347532
Neopl-ACR (refined),-2254,-3242,0.28217786608482553
Neopl-ACR (refined),-2292,-1595,0.17677159760334377
Neopl-ACR (refined),-1982,-3027,0.2550249587710384
Neopl-ACR (refined),-946,-2137,0.293656324015795
Neopl-ACR (refined),-2743,-3455,0.2696700868409115
Neopl-ACR (refined),-962,-3752,0.2791804495117323
Neopl-ACR (refined),-1002,-2354,0.2804924138775772
Neopl-ACR (refined),-2018,-1132,0.05052926622317028
Neopl-ACR (refined),-2237,-1503,-0.003983632976883811
Neopl-ACR (refined),-884,-1298,0.059444456860223926
Neopl-ACR (refined),-1001,-2229,0.31257544494115397
Neopl-ACR (refined),-1548,-2845,0.1764170023714527
Neopl-ACR (refined),-3599,-2515,0.11825057926548399
Neopl-ACR (refined),-3309,-560,0.17368370317834037
Neopl-ACR (refined),-2342,-1129,0.1411283408707828
Neopl-ACR (refined),-1984,-3276,0.15448963241915542
Neopl-ACR (refined),-2661,-566,0.01520302697943332
Neopl-ACR (refined),-1699,-1694,0.02716701993611348
Neopl-ACR (refined),-2986,-625,0.02200559539711283
Neopl-ACR (refined),-2073,-1225,0.20569045046095408
Neopl-ACR (refined),-2795,-3237,0.12926175617765917
Neopl-ACR (refined),-1798,-823,0.09742102458970536
Neopl-ACR (refined),-2350,-1936,0.1830365513151201
Neopl-ACR (refined),-3058,-2458,0.12559291153165447
Neopl-ACR (refined),-2187,-1907,0.19340497518675814
Neopl-ACR (refined),-1713,-3123,0.24817043022299118
Neopl-ACR (refined),-900,-2976,0.14808404768401212
Neopl-ACR (refined),-1380,-2319,0.2955422355362031
Neopl-ACR (refined),-3798,-773,0.10784237861091733
Neopl-ACR (refined),-885,-1423,0.1868194637880039
Neopl-ACR (refined),-839,-2200,0.2291960879315188
Neopl-ACR (refined),-1800,-948,0.0909830257023646
Neopl-ACR (refined),-2095,-3523,0.33384325984908275
Neopl-ACR (refined),-1694,-1259,0.28578939668957737
Neopl-ACR (refined),-1434,-2287,0.18947952887690506
Neopl-ACR (refined),-947,-2261,0.25005213396685033
Neopl-ACR (refined),-2338,-694,0.1056255097025543
Neopl-ACR (refined),-1692,-1011,0.3429715907434693
Neopl-ACR (refined),-2885,-1372,0.03424712808550445
Neopl-ACR (refined),-744,-3568,0.16584341153845067
Neopl-ACR (refined),-1117,-2974,0.16315343430874552
Neopl-ACR (refined),-2025,-1940,0.3635294502161831
Neopl-ACR (refined),-781,-1796,0.2797606406519751
Neopl-ACR (refined),-3587,-1334,0.06026403914489564
Neopl-ACR (refined),-1387,-2940,0.3127582544785979
Neopl-ACR (refined),-628,-2761,0.33296032381343915
Neopl-ACR (refined),-2033,-2685,0.12185971358214637
Neopl-ACR (refined),-1041,-769,0.11999286903001893
Neopl-ACR (refined),-1330,-2723,0.24942157600979648
Neopl-ACR (refined),-1704,-2191,0.24437855437192557
Neopl-ACR (refined),-1825,-3557,0.3435036035891589
Neopl-ACR (refined),-1483,-1696,0.10630506170514242
Neopl-ACR (refined),-2237,-1440,0.04422456878641956
Neopl-ACR (refined),-1335,-3220,0.1080744827498546
Neopl-ACR (refined),-1695,-1321,0.1895332669797894
Neopl-ACR (refined),-3651,-2359,0.13941196012984292
Neopl-ACR (refined),-991,-1235,0.1610716632969984
Neopl-ACR (refined),-2203,-3460,0.19401107393281258
Neopl-ACR (refined),-672,-1735,0.1724428381637702
Neopl-ACR (refined),-3009,-2986,0.16809071490579475
Neopl-ACR (refined),-2252,-2994,0.27017449271078464
Neopl-ACR (refined),-2724,-1529,0.24240219783724642
Neopl-ACR (refined),-2785,-2243,0.11168461270171992
Neopl-ACR (refined),-3221,-2549,0.10008886066632078
Neopl-ACR (refined),-3702,-1954,0.30138048622029917
Neopl-ACR (refined),-1281,-3252,0.09076848467769183
Neopl-ACR (refined),-3009,-3049,0.11135475059289701
Neopl-ACR (refined),-3093,-562,0.15097729634161816
Neopl-ACR (refined),-2903,-3236,0.19803885148419353
Neopl-ACR (refined),-1100,-1234,0.10159899250804177
Neopl-ACR (refined),-1480,-1448,0.2387726628880137
Neopl-ACR (refined),-2473,-3489,0.4178215597858052
Neopl-ACR (refined),-3537,-1738,0.07271739489337137
Neopl-ACR (refined),-555,-804,0.05285757581979089
Neopl-ACR (refined),-2236,-1378,0.017932602375848095
Neopl-ACR (refined),-2959,-3391,0.2086121845720873
Neopl-ACR (refined),-677,-2232,0.13299750968347074
Neopl-ACR (refined),-2467,-2867,0.24629981526568234
Neopl-ACR (refined),-1815,-2563,0.2002825373772697
Neopl-ACR (refined),-506,-1333,0.1190031180387297
Neopl-ACR (refined),-1103,-1607,0.1276044620730739
Neopl-ACR (refined),-3174,-3264,0.34760919069302454
Neopl-ACR (refined),-1855,-1102,-0.029002668954006494
Neopl-ACR (refined),-2879,-813,0.06846360297088161
Neopl-ACR (refined),-1598,-2441,0.219699782180025
Neopl-ACR (refined),-2626,-2524,0.1655551842624688
Neopl-ACR (refined),-1861,-1662,0.22791884294449505
Neopl-ACR (refined),-2469,-3116,0.29348113040252305
Neopl-ACR (refined),-783,-1983,0.3389490802735903
Neopl-ACR (refined),-1802,-1196,0.14194374510758717
Neopl-ACR (refined),-2898,-2739,0.16627904962791806
Neopl-ACR (refined),-1219,-2414,0.2652642384888692
Neopl-ACR (refined),-2305,-2900,0.3307443840126612
Neopl-ACR (refined),-1486,-2069,0.3191475022538421
Neopl-ACR (refined),-1116,-2912,0.40173586362301983
Neopl-ACR (refined),-2471,-3240,0.3624105315939828
Neopl-ACR (refined),-792,-2977,0.2789498033164843
Neopl-ACR (refined),-2461,-2246,0.19675623969489614
Neopl-ACR (refined),-3384,-2703,0.03216144610849597
Neopl-ACR (refined),-722,-1269,0.0982570093015398
Neopl-ACR (refined),-2957,-3204,0.12031810341869481
Neopl-ACR (refined),-3392,-3511,-0.0014644372387428994
Neopl-ACR (refined),-1852,-792,0.2527565178956407
Neopl-ACR (refined),-773,-1051,0.07878357444001943
Neopl-ACR (refined),-1257,-704,0.0633541266216942
Neopl-ACR (refined),-1440,-2908,0.1905497029846161
Neopl-ACR (refined),-1663,-3528,-4.335886993017124e-4
Neopl-ACR (refined),-2999,-1992,0.15611643272401066
Neopl-ACR (refined),-3107,-1991,0.05004514643384239
Neopl-ACR (refined),-1123,-3657,0.0958528819073119
Neopl-ACR (refined),-2881,-937,0.08316562101663805
Neopl-ACR (refined),-2896,-2553,0.010040122860844547
Neopl-ACR (refined),-3323,-1927,0.008322041603602504
Neopl-ACR (refined),-2849,-3268,0.22337482132219671
Neopl-ACR (refined),-1541,-2100,0.3123381299466094
Neopl-ACR (refined),-3119,-3234,0.2642453563130754
Neopl-ACR (refined),-993,-1359,0.10839213182693824
Neopl-ACR (refined),-3222,-2674,-0.08613542438615623
Neopl-ACR (refined),-1701,-1943,0.4256616538424532
Neopl-ACR (refined),-1756,-1973,0.19584436026389013
Neopl-ACR (refined),-3706,-2389,0.18493507601395448
Neopl-ACR (refined),-991,-1173,0.16370684691139903
Neopl-ACR (refined),-3474,-838,0.0906551798822664
Neopl-ACR (refined),-3594,-2018,-0.08793058386023628
Neopl-ACR (refined),-799,-3660,0.2143123217027217
Neopl-ACR (refined),-4068,-739,0.12844614325775294
Neopl-ACR (refined),-1282,-3314,0.2018925522047354
Neopl-ACR (refined),-1371,-1325,0.11061781487107847
Neopl-ACR (refined),-2358,-2806,0.20088634526838944
Neopl-ACR (refined),-3375,-1709,0.06980370964526494
Neopl-ACR (refined),-1065,-3254,0.3072632882322268
Neopl-ACR (refined),-1967,-1474,0.14130069853711302
Neopl-ACR (refined),-1666,-3838,0.48229605301866746
Neopl-ACR (refined),-2256,-3367,0.1854413387497965
Neopl-ACR (refined),-740,-3195,0.2426986236883103
Neopl-ACR (refined),-1589,-1571,0.20140807264664923
Neopl-ACR (refined),-3648,-1986,-0.013837890341148462
Neopl-ACR (refined),-1593,-1944,0.3289218461633187
Neopl-ACR (refined),-3744,-804,0.1295543890221797
Neopl-ACR (refined),-3227,-3171,0.35421058036565883
Neopl-ACR (refined),-3060,-2706,0.11337529749853337
Neopl-ACR (refined),-2179,-1099,0.03318805871576852
Neopl-ACR (refined),-2577,-3053,0.17141388793561996
Neopl-ACR (refined),-1936,-3867,0.22249980070710673
Neopl-ACR (refined),-1475,-951,0.13520120563587046
Neopl-ACR (refined),-1374,-1635,0.2538218793260477
Neopl-ACR (refined),-1328,-2475,0.2294962868350358
Neopl-ACR (refined),-2944,-1837,0.11174592110414372
Neopl-ACR (refined),-3211,-1555,0.15111960804119423
Neopl-ACR (refined),-1550,-3032,0.2865338905668225
Neopl-ACR (refined),-1644,-1664,0.17050711485220355
Neopl-ACR (refined),-2015,-821,0.2288657849127752
Neopl-ACR (refined),-1719,-3807,0.3410652666186169
Neopl-ACR (refined),-1424,-1231,0.2943996049733932
Neopl-ACR (refined),-2135,-2125,0.26653399017127216
Neopl-ACR (refined),-3746,-929,0.11960193152464965
Neopl-ACR (refined),-2251,-2932,0.19483350831681284
Neopl-ACR (refined),-2988,-874,0.17549439505912046
Neopl-ACR (refined),-2528,-3581,0.23558250459358765
Neopl-ACR (refined),-2779,-1559,0.18041203815826612
Neopl-ACR (refined),-1711,-2999,0.2514552565005665
Neopl-ACR (refined),-3104,-1618,0.19733885414146407
Neopl-ACR (refined),-892,-2168,0.2834843843478788
Neopl-ACR (refined),-2727,-1840,0.03091086571607765
Neopl-ACR (refined),-3390,-3262,0.31154115212023037
Neopl-ACR (refined),-2780,-1746,0.0984162039930978
Neopl-ACR (refined),-796,-3412,0.1768531511853768
Neopl-ACR (refined),-1972,-2033,0.221853089682583
Neopl-ACR (refined),-1715,-3372,-0.061442452232268074
Neopl-ACR (refined),-2995,-1619,0.1224338493205645
Neopl-ACR (refined),-1860,-1599,-0.013834109616076617
Neopl-ACR (refined),-2732,-2337,0.14316866877197465
Neopl-ACR (refined),-1544,-2410,0.2710863647713943
Neopl-ACR (refined),-2617,-1654,0.13073716124698848
Neopl-ACR (refined),-3317,-1306,0.018430371290149294
Neopl-ACR (refined),-2347,-1626,0.11100662200926975
Neopl-ACR (refined),-3766,-2979,0.1856943268832572
Neopl-ACR (refined),-1015,-3596,0.38835141954581814
Neopl-ACR (refined),-1581,-701,0.1043386412610327
Neopl-ACR (refined),-3269,-1959,0.023133241412803096
Neopl-ACR (refined),-1748,-1166,-0.0705442408188765
Neopl-ACR (refined),-3160,-1835,0.07053277514431228
Neopl-ACR (refined),-1176,-3564,0.05483609460938099
Neopl-ACR (refined),-561,-1488,0.344861266532441
Neopl-ACR (refined),-1602,-2814,0.19320052631989365
Neopl-ACR (refined),-1435,-2349,0.2425680701204782
Neopl-ACR (refined),-2192,-2342,0.09990916085533208
Neopl-ACR (refined),-1586,-1198,0.04629080086718251
Neopl-ACR (refined),-847,-3007,0.14075239577950444
Neopl-ACR (refined),-3101,-1308,0.12343435775684797
Neopl-ACR (refined),-2616,-1468,0.18695893265520386
Neopl-ACR (refined),-3444,-3231,0.22519126806924006
Neopl-ACR (refined),-836,-1951,0.3031108987440027
Neopl-ACR (refined),-3001,-2179,0.040694439960865025
Neopl-ACR (refined),-949,-2447,0.03998267138364489
Neopl-ACR (refined),-1326,-2288,0.31884058962272466
Neopl-ACR (refined),-1316,-1232,0.10013837925589553
Neopl-ACR (refined),-1280,-3128,0.17028838450486117
Neopl-ACR (refined),-1645,-1726,0.23969714366438927
Neopl-ACR (refined),-1925,-2748,0.39417492272626664
Neopl-ACR (refined),-2035,-2934,0.134745885968638
Neopl-ACR (refined),-3000,-2054,0.14057267892542302
Neopl-ACR (refined),-3262,-1275,0.14923176336626037
Neopl-ACR (refined),-2887,-1558,0.09776448156740675
Neopl-ACR (refined),-1875,-3091,0.48647771461087924
Neopl-ACR (refined),-2299,-2279,0.10019014520825864
Neopl-ACR (refined),-3148,-593,0.17385453217209684
Neopl-ACR (refined),-1062,-2881,0.1916644008670892
Neopl-ACR (refined),-3257,-716,0.12610714462507322
Neopl-ACR (refined),-1597,-2379,0.3366868067129934
Neopl-ACR (refined),-3445,-3355,0.3558758350183224
Neopl-ACR (refined),-3656,-2856,0.08567984422705432
Neopl-ACR (refined),-3634,-619,0.01008071165138913
Neopl-ACR (refined),-1382,-2443,0.37074511265146665
Neopl-ACR (refined),-3102,-1432,0.11432082836349589
Neopl-ACR (refined),-3436,-2423,0.09299220240188572
Neopl-ACR (refined),-3165,-2395,-0.007124640467737475
Neopl-ACR (refined),-1592,-1882,0.24570342283606844
Neopl-ACR (refined),-1707,-2564,0.3158033429272333
Neopl-ACR (refined),-1527,-671,0.13035818114404818
Neopl-ACR (refined),-2090,-2964,0.1417469265386042
Neopl-ACR (refined),-3538,-1863,0.14734597501180968
Neopl-ACR (refined),-3643,-1489,0.18511513423584947
Neopl-ACR (refined),-2831,-1404,0.11077734626039104
Neopl-ACR (refined),-784,-2169,0.32617518060571876
