Feature,Astrocyte,Choroid,Dendritic,Endothelial,Ependymal,Fibroblast,Macrophage,Microglia,Mural,NKTB,Neural,Neutrophil,OPC/COP/OLG
Abcb1a,-0.184981411285311,-0.188663643742627,-0.136440844820872,2.37564505857625,-0.195920462092665,0.397843368541128,-0.147512183237891,-0.193826481765448,1.13814118982918,0.252903141139676,-0.169586543942591,-0.201605339357372,-0.195421446599767
Abcc9,-0.114263041004384,-0.119194384701951,-0.114661891816376,0.190717332064231,-0.12618811721633,0.352457945959893,-0.0695950849822032,-0.0972603019355526,2.18008789078124,-0.114892684454109,-0.111981001338948,-0.12618811721633,-0.105694804713886
Abi3,-0.472527795158717,-0.480706776257311,0.73936472647369,-0.325516609521271,-0.485080229107457,-0.434436682873174,1.03710890452886,1.84304984573995,-0.390594228240557,0.119062216691281,-0.468585138767653,-0.0320615220460665,-0.475950592644249
Ablim1,0.14904771007487,0.121252149278561,0.0359882429977278,2.36230573625176,1.50631433280064,0.0342154677633474,-0.289269700777347,-0.24875433779272,1.38231565266356,1.71717350006863,-0.00317768399807887,-0.302128081855713,-0.257202439996902
Ace,-0.141214374982779,2.09249502349065,-0.153515388192853,0.285884700054743,0.0903323428451952,0.155029337292513,-0.0557973499783894,-0.15887443889103,0.0755761892838317,-0.159755785849663,-0.0738543411918378,-0.0808760848421824,-0.102923442387936
Acod1,-0.0869670261051537,-0.0874733809742168,-0.0623115652759262,-0.0874733809742168,-0.0874733809742168,-0.0669378779506119,0.0599759265328474,-0.0124428604870196,-0.0874733809742168,-0.0763444632065858,-0.0820902879486116,1.48197768617408,-0.0869462933024062
Acp5,-0.242225068419432,-0.126339908056592,0.89631754311829,-0.0953001317204791,-0.269104573035101,-0.0734817093344323,1.57361613771205,-0.087488356695723,-0.19148761384613,0.804365571520697,-0.261204008296911,0.174681274934727,-0.265210028773146
Acsl6,1.81781644808849,-0.152684005927771,-0.541855686491264,-0.394260102441682,0.16448634125673,-0.451573274783419,-0.533389664499858,-0.53504147269946,-0.449430831649044,-0.529282810775441,0.0212773371499305,-0.550348821798516,-0.317137724669703
Adam8,-0.152569311209743,-0.16970730588131,0.602868904640776,-0.158716710717081,-0.172442661727497,-0.137092891069725,0.266651186077322,-0.0757140079651505,-0.159915586750651,0.158020678163536,-0.0334459906945115,1.36092607860795,-0.151755592844687
Adgre5,-0.0284770138749766,-0.369806816759905,1.12749548580255,1.8183789509536,0.505357591298091,0.781583850234692,0.369353849533027,-0.352293050020131,1.66556824520148,1.47702244736817,-0.349658008645395,1.96783245699906,-0.353418989125699
Adgrf5,-0.18196748400646,-0.179714001949837,-0.193042589028161,2.46957660786312,-0.168495116673374,0.152401358756214,-0.195124496524657,-0.189739838637675,1.49635100663281,-0.202652339275983,-0.180298559747712,-0.169606580858201,-0.187531984690619
Adgrl4,-0.180387959760406,-0.197062982524265,-0.170317935883108,2.45936682632383,-0.189382164578923,-0.108598889523487,-0.189569383739529,-0.199201670861973,1.16816962792874,-0.162212798676851,-0.180069858483453,-0.212292074821495,-0.194988500131275
Ahnak,-0.107486670300084,-0.195668976492402,0.477877291538755,2.12956375206286,1.21989087709186,1.91199878037444,0.148058269813767,-0.289950141455356,1.64527690228747,1.79899478822046,-0.210077948164184,-0.200656701479617,-0.289860090898349
Aif1,-0.496860897803651,-0.514881213931913,0.81792234574362,-0.501862254404494,-0.521013003301549,-0.492478590034045,1.85086889689125,1.73294740094694,-0.5021705904644,-0.420104112421872,-0.481537573294535,-0.373292428776873,-0.506545026298156
Ak7,-0.0696467267806883,0.149977709574461,-0.0797435705008431,-0.0744436350709482,2.38734744233621,-0.0797435705008418,-0.0782510951924867,-0.0773217813974111,-0.0757127211719356,-0.0741957348653577,-0.0493305048291956,-0.0797435705008418,-0.073962926932808
Aldoc,2.13046361945163,-0.383093615179868,-0.378587446462605,-0.557314834928783,0.0433258511780682,-0.53205900123047,-0.490997122618961,-0.565168086860341,-0.504602276814373,-0.53231236199804,-0.459068063279997,-0.55716018962657,-0.105880112906994
Alox5ap,-0.45432924265867,-0.455193085074213,1.64450732913033,-0.442811698642224,-0.436517618794342,-0.428379320931473,1.29011565971414,1.58652360264716,-0.451903223240369,-0.364884014362375,-0.452078710699783,1.67738242461071,-0.453829015272129
Ano1,-0.0682420697251261,-0.100300569901993,-0.0960861443429963,-0.0201680407832877,-0.0208153996429805,0.223017225826563,-0.0995483857626004,-0.0965033227987508,1.89868049321017,-0.0975045477838191,-0.0696451540293616,-0.100300569901993,-0.0812313459222741
Apbb1ip,-0.512723439743085,-0.512164280978393,0.875072315459867,-0.512008501905221,-0.448543187131192,-0.353882304492718,0.967917729151435,1.79955088202498,-0.512038244320871,0.836651061327049,-0.499128492948597,1.28780368812031,-0.454616973858138
Aqp4,2.04493544302476,-0.278714954479736,-0.2838766060654,-0.272152773990944,1.88888939625032,-0.274276404493009,-0.277723662069895,-0.281954481395121,-0.274802021631627,-0.257059300147539,-0.26342945295244,-0.284096166874903,-0.227772755538835
Arhgap29,-0.177956504511315,-0.117429307240276,-0.221659501680282,2.15263344859657,-0.19120028148605,1.34170910234052,-0.209492029394696,-0.0756692251982362,2.14967348761918,-0.223150345407698,-0.153368557899177,-0.251247751142685,-0.203815475478921
Art3,-0.0342066222178242,-0.109225733496955,-0.099199448944331,-0.00592067649175785,0.538224241356923,-0.00825233002219383,-0.102832649750613,-0.0928281975570016,1.90824160550742,-0.109090626841003,-0.095597392304924,-0.090490111334397,-0.106578486743212
Atp10a,-0.34734748453158,-0.363408050549418,-0.230905616418029,2.05392323488113,-0.15675958349835,-0.0486876120320506,-0.189009503946813,-0.320849709868015,1.02284397781118,0.211635390466143,-0.280984653013954,-0.276657136390892,-0.348070126287397
Atp13a5,0.207016524590852,-0.130493100312128,-0.138595235118018,0.0821404416986844,-0.138595235118017,0.157009885410316,-0.13526419538466,-0.131908400120931,2.18162999611366,-0.135758035940472,-0.119869586083316,-0.138595235118017,-0.129095858126735
Atp1a2,2.24182395235166,-0.549929041638274,-0.640165341142548,-0.442063567076494,-0.523193451944817,0.646555330358371,-0.629176276713745,-0.630680565582242,1.79472190814708,-0.629404264934683,-0.50203002093148,-0.646679307368772,0.0820488103268772
Atp1b1,0.287975945897993,1.24163782680236,-0.479387263942278,-0.821043023299058,0.202033236446572,-0.11218441690132,-0.886938556699317,-0.901129740900545,-0.57187798618193,-0.47419657673746,1.03909761548079,-0.901227896154424,-0.500690883526018
Atp1b2,1.99248511828432,-0.520026988571929,-0.954672829093452,-0.897108808492254,0.431167074032011,-0.284036345699939,-0.965583044506889,-0.984361888098938,0.995019697522275,-0.950144927368716,-0.552149578606209,-0.950919371506079,-0.244188439447518
Atp2b3,-0.171324115792439,1.53180730184748,-0.173762494896883,-0.164527909728943,-0.155095888952284,-0.171018089807379,-0.175804280889742,-0.17263593569443,-0.161638541396817,-0.178103018427558,0.371638857027138,-0.178103018427559,-0.00378383093385357
Bcam,-0.0400977294551981,0.298309029791309,-0.281407894306347,2.18328224232679,-0.246128068261147,0.110958028660691,-0.291425929323689,-0.293383309061057,2.07991946889033,-0.288541785984789,-0.222789431410543,-0.302383684406556,-0.166807351453803
Bcas1,-0.891958003688969,-0.922771651654181,-0.865708052126381,-0.921989762491165,-0.758817290345835,-0.898886688038959,-0.860530456054766,-0.905021392293191,-0.924540212699863,-0.888692860039292,-0.887451026795671,-0.866009060501357,0.552190526124879
Bcl11a,-0.269527030417173,-0.279056469681483,0.609287048495349,-0.283974036086056,-0.254543923487284,-0.280074301145835,-0.255425338164052,-0.255647051929493,-0.27425252158557,-0.156931837101234,1.83430683378911,-0.246754867637115,-0.266566001366404
Bgn,-0.100241013923059,-0.140253308412988,-0.114665790079394,-0.0624832104818169,-0.263904875751751,2.31883895543033,-0.135007741972248,-0.24202224244045,1.95897831136116,-0.142089598592404,-0.128931954579742,-0.208740951906798,-0.162567849486078
Bhlhe40,0.26176716273266,-0.537273329956122,1.84382579772763,0.471815770182261,0.0288479299989459,0.638820164861591,0.339926098278236,-0.624567231666461,0.185858949787568,1.40788019221694,-0.588902737374055,1.2211242792872,-0.328197060000663
Bin2,-0.505773747437052,-0.51002992860048,0.890065933185,-0.503886983842214,-0.50688533820378,-0.480139294870594,1.24199261406714,1.87780688994652,-0.499013350458395,1.03842363157828,-0.502641125824832,0.45214304884063,-0.511028975685766
Btla,-0.0921519185164536,-0.0936746237750299,1.56678157783134,-0.091010345784506,-0.0936746237750299,-0.0799514776174901,-0.0884227515255578,-0.0912397565992976,-0.0896220071753814,0.257726454284813,-0.086479964624475,-0.0724149957113002,-0.0910328692183228
C1qa,-0.492158372512623,-0.506762684592308,-0.358434306912288,-0.502122323099289,-0.508189203923899,-0.5047179311907,1.41454136918654,1.98755020538288,-0.508927026522718,-0.425541555548966,-0.501331434754318,-0.419763142264777,-0.510247965844438
C1qb,-0.528070529817875,-0.543477979422169,-0.348717395219636,-0.533278828886441,-0.55876181334501,-0.491946202586935,1.56194245912723,1.89300486610465,-0.546291532370812,-0.426548404777075,-0.507910014676453,-0.419480219265769,-0.529519212176708
C1qc,-0.505114668937856,-0.51902025184457,-0.322753731044124,-0.504906989375158,-0.524997710897724,-0.486793001371406,1.63280420780656,1.74460816465612,-0.510787366596734,-0.422993463803692,-0.493427262499331,-0.41310697671303,-0.50644668221983
C3ar1,-0.380880689494332,-0.382229379422865,-0.271793938720475,-0.382695166506071,-0.387233664120994,-0.370603527401253,1.75348993262065,0.972027841926994,-0.38134702324564,-0.336046321574157,-0.377203212633756,-0.22468839755487,-0.378841340957001
C5ar1,-0.25424542226245,-0.25694874184515,-0.185247139259454,-0.254284240250242,-0.258850000812855,-0.253935900253468,1.13547039794252,0.354352107377604,-0.258850000812856,-0.219198226549016,-0.251822206073683,1.84015244049439,-0.255384691600373
Cald1,-0.629778789183039,0.33287704713491,-0.635699204345938,0.0276445642478611,1.06682338065121,1.80189105682356,-0.636907806373999,-0.699227102933856,2.2644467171647,-0.663238015778753,-0.0330414292419094,-0.701576957461087,-0.176192258877293
Calml4,-0.134436820117925,2.34689916318182,-0.12510966245179,-0.12836290184647,2.3367668900931,0.057479975416277,0.0200806467381391,-0.142649733014451,-0.138387188842291,-0.141715771688327,-0.13332960615164,-0.131633062039506,-0.139708012915405
Car4,-0.162412052802237,-0.166112360225391,-0.186260557369247,2.02430649229453,-0.191465897638579,0.020478979419258,-0.185225343982663,-0.180071113754591,1.9000402629959,-0.182131184981248,-0.102941187203047,-0.147343505874012,-0.168477822665655
Ccdc141,0.736391964814385,0.230579708997748,-0.333138202903794,2.25182135227618,0.0677024548344648,-0.0407157988088724,-0.326374796180654,-0.334252690559958,1.61065543915879,-0.309351952044433,-0.230070998231847,-0.339788769137286,-0.305693129981519
Ccdc153,-0.0539424627897515,-0.0540974388254901,-0.0619642687192037,-0.0567008598466436,2.34337336348442,-0.0619642687192039,-0.0619642687192067,-0.0587574708445052,-0.0619642687192036,-0.0592094684302576,-0.049527548968139,-0.0619642687192039,-0.0562234646947782
Cd2,-0.111087294501023,-0.111598370503073,-0.0692710063133953,-0.104891646387755,0.0252539458551679,-0.0839624089104463,-0.0995111347703415,-0.110236318573124,-0.0993565031413398,2.04788458317097,-0.10797618136229,-0.111598370503072,-0.111066368390529
Cd247,-0.0977317698220185,-0.104868395563277,-0.0795374225107999,-0.0767727426065061,-0.104868395563278,-0.104868395563279,-0.096579835438549,-0.104324978770617,-0.0885879680910085,1.66252080615762,-0.0976426857281487,-0.104868395563278,-0.103807133230608
Cd248,-0.164605340845003,-0.175224895073595,-0.145497372821018,-0.121715884432208,-0.175224895073591,1.49856569057422,-0.161222698115789,-0.168128688157339,2.0112499691068,-0.155346024988152,-0.118729510533928,-0.175224895073592,-0.0892755705701431
Cd24a,-0.446487253749749,-0.33239866296842,1.04881691225021,-0.376821847917518,2.32643216022312,-0.35852008924253,-0.425814646056412,-0.491803962110617,-0.403218503935367,-0.280135262500126,1.56512697631084,2.20564095155851,-0.446881225378276
Cd300c2,-0.434189842703319,-0.442624557635969,0.158548390711972,-0.435658410003111,-0.439772324261163,-0.435755445945792,1.13839463024541,1.66464385658433,-0.443697217465097,-0.408031406135316,-0.443627885804876,0.736206633210513,-0.439645085986199
Cd300ld,-0.140829610658042,-0.141346508213457,0.141196230104352,-0.138633260644667,-0.141346508213456,-0.141346508213457,0.630351488111562,-0.052631208782495,-0.141346508213458,-0.124305562999178,-0.141346508213453,1.87213894476893,-0.141346508213465
Cd33,-0.431027521681397,-0.439133645441611,0.359651888575544,-0.422619329216649,-0.442530965512122,-0.420752184045828,0.927652080295744,1.73733986122474,-0.4323827912954,-0.398935371798682,-0.427369718641681,1.6439680128106,-0.437607635156916
Cd37,-0.415710099830168,-0.421010319944713,0.119366463277049,-0.421754541695098,-0.420699859148962,-0.421251999587918,0.101069745938511,1.79069578647886,-0.423145882205408,1.48047014429433,-0.416178431370529,0.849008855222783,-0.424237208347149
Cd3d,-0.104961552342051,-0.103314175866512,-0.0679688097675207,-0.105981505964735,-0.105981505964738,-0.105981505964738,-0.0969355765254593,-0.104622383452004,-0.105981505964736,1.75183111602947,-0.104174306584732,0.577554626747326,-0.104919790134234
Cd3e,-0.106734900774262,-0.107225069466224,-0.0529906316180977,-0.107225069466219,-0.107225069466223,-0.107225069466224,-0.0966216808295329,-0.105488098977413,-0.103825151780757,1.83209705496593,-0.107225069466222,-0.107225069466223,-0.105276333516666
Cd3g,-0.10581995204274,-0.105819952042741,-0.0555650958488722,-0.105819952042739,-0.105819952042743,-0.105819952042743,-0.0939367001260674,-0.104198236317169,-0.105819952042743,1.79371861288526,-0.104073565842269,-0.105819952042742,-0.10424530775568
Cd44,-0.0508901036187481,-0.448235217981322,0.588581080558801,-0.434984752506217,-0.143763733848057,-0.0232639739363695,0.518271272812304,-0.388162667088817,-0.420220124808226,1.02691587867191,-0.404786124600737,1.7672011949905,-0.423973760596199
Cd53,-0.50589388026906,-0.504646158087136,1.0585060893628,-0.50709919861555,-0.515247122163298,-0.318969573196437,1.21259655268813,1.82892869990795,-0.496456514918544,1.67266437216669,-0.506874150190062,2.03192639974789,-0.505863112806412
Cd68,-0.502877865388722,-0.536441812925182,0.524799230243072,-0.494422520862289,-0.540094569131036,-0.428157195254429,1.621680727952,1.69027099854245,-0.490256347043086,-0.417283867708331,-0.453110252231772,0.72562785445363,-0.500309672648909
Cd69,-0.1523607041147,-0.153399216528215,0.929981573248762,-0.145770346315018,-0.153399216528218,-0.133819234869099,0.282892817685251,-0.0835010569782675,-0.153399216528215,1.550152276574,-0.15175294958972,0.148798379702733,-0.152318182013434
Cd74,-0.44957668865907,-0.515443562636379,2.33697995314733,-0.476358426821694,-0.474616384064693,-0.209329488585086,1.91221783676375,0.396179604654747,-0.498286125779879,0.132134414716806,-0.452006006403693,-0.214251928919272,-0.466100973799623
Cdh5,-0.191516546262883,-0.195462266115552,-0.00989888951519951,2.30690120644298,-0.183047401641402,0.92697688096396,-0.172447965762472,-0.165099375308651,1.08641933844517,-0.199311977364955,-0.186370963410398,-0.180068263185146,-0.194606314717325
Cdhr3,-0.0545920165148655,-0.0545920165148602,-0.0545920165148603,-0.0454075562603127,2.08724932484258,-0.0545920165148604,-0.0545920165148647,-0.0537926239989975,-0.0466089164632514,-0.0518451433788228,-0.0510488930522876,-0.0545920165148608,-0.0540716270228081
Cfap126,-0.107294762622105,1.20791072808034,-0.010591058191465,-0.117783151187461,2.28179536795265,-0.102109985564925,-0.0599503126563452,-0.0772699139812885,-0.0970657884003935,-0.104489006252089,-0.120820968016549,-0.108383153321832,-0.119761008383568
Cfap43,-0.0702499609646585,0.145203804937508,-0.0428957668028842,-0.0749767652954491,2.11749257931615,-0.0694843720743177,-0.0397831453584437,-0.0553391587006791,-0.064223574329769,-0.0707595504227415,-0.0637936699034105,-0.0551827675334856,-0.0736759226552605
Cfap44,-0.0402498849079501,0.139697594874194,-0.0765535752043718,-0.0739068843207515,2.19621420729032,-0.0152070615090296,-0.0735723156438229,-0.0749410455859929,-0.0523983854368308,-0.0765535752043718,-0.0175894503904021,-0.0765535752043718,-0.0734043958498668
Cfap46,-0.0249368077893601,-0.0719780648332245,-0.0783657999615379,-0.0812250327088466,2.1165644122413,-0.0825514587277104,-0.0825514587277152,-0.0820126976014589,-0.0583400388021375,-0.0825514587277084,-0.0324048284611518,-0.08255145872771,-0.0641384823464832
Cfap54,0.00825807454623882,0.0613528932199237,-0.20127178306573,-0.118402202593781,2.27515405959332,-0.0955083485440315,-0.202980682374567,-0.203522586895754,-0.172046980434833,-0.163432430465068,0.198917996269635,-0.165559293518316,-0.048673249442673
Cfap61,-0.0818427475127706,0.776505653748332,-0.0945361730167708,-0.0905384285283016,2.2167536929021,-0.0876723207072029,-0.0930351396508336,-0.0926417583707737,-0.0904822102464321,-0.0945361730167726,-0.0549524033868353,-0.0945361730167717,-0.0797374333866043
Cfap65,-0.0648737645665525,0.291793626955679,-0.0714155261791447,-0.06745340672432,2.24173555850603,-0.0714155261791447,-0.0699278689467602,-0.0695379931987286,-0.0673976894194898,-0.0714155261791444,-0.0446670983756163,-0.0714155261791447,-0.0693202599121381
Cfb,-0.211171961658154,-0.250664271459561,0.194227098240005,-0.218695475985727,-0.250664271459563,-0.210959078508509,1.55598495377971,0.0632222289951209,-0.241557268709972,-0.225283043766914,-0.247689532891191,-0.192957408450883,-0.246313582096843
Cfh,-0.395470733697434,-0.100445728553465,-0.22285873891618,0.0254599879957967,-0.388099081497963,1.42188849977073,0.152862096486937,1.62828058367954,0.578923328586997,-0.404169750793984,-0.397967360423013,-0.367985774098215,-0.403555836091061
Chchd10,1.19411721856002,2.32016378647566,-0.0282230728264726,-0.269813673363672,2.35353600302776,-0.0086882326217517,0.0362435339470083,-0.243584588714347,-0.170116639349492,0.0953645401499272,0.105959782750372,-0.292128820719805,-0.189196229483794
Ciita,-0.182228156137464,-0.199036613210163,1.75938694739561,-0.195179650231806,-0.176747216851909,-0.152163463869019,0.743573888242587,-0.0761089518796067,-0.199036613210168,-0.0784082993248878,-0.190085448060861,-0.179321570973848,-0.184617742540268
Cldn10,1.9273522595531,-0.271037968601097,-0.275810630575963,-0.258416199410394,-0.184669287311297,-0.238908497218696,-0.277790726895693,-0.27378914054791,-0.265105483152724,-0.274115805753682,-0.258879224945995,-0.280798616370131,-0.20076268541456
Cldn5,-0.170515484772459,-0.186117357920841,-0.19364842237391,2.46481953754202,-0.160467342814859,-0.175262875446011,-0.194739281669688,-0.192008492691587,1.21445985371206,-0.199813645228089,-0.141040222404864,-0.183981840082869,-0.182840115679861
Clec2d,-0.309374625313832,-0.340154687378401,1.81259258743414,2.04950914945905,-0.238927009376946,0.612286637804759,0.84182013820558,-0.0264497112218935,1.14176909501351,1.82821233230261,-0.29121149888613,1.33855574319764,-0.328975355173895
Clec4d,-0.0783552521215245,-0.07835525212152,-0.00731466981022986,-0.0757067105168782,-0.0783552521215198,-0.0783552521215193,0.191637400834224,-0.0700180232891542,-0.0582118517143199,-0.0783552521215197,-0.0783552521215218,2.056184751684,-0.0783552521215245
Clec4e,-0.0762996448025282,-0.0762996448025226,-0.0512464878028215,-0.0749764297820791,-0.0762996448025226,-0.0762996448025221,0.171120512002349,-0.0744185456564174,-0.076299644802523,-0.0707592154588619,-0.0745130292374707,1.99318695512081,-0.0757748333042998
Clic6,-0.0662455360065183,2.33210864382841,-0.134612002962267,-0.120758175036524,0.602949457859313,-0.054733034108285,-0.132157066420791,-0.132217866367643,-0.130495421707638,-0.134612002962268,-0.00624594903775426,-0.134612002962267,-0.126351211344069
Clu,2.23835755551739,1.71076844900946,-0.580407847182095,-0.515665948175232,1.94533599545102,-0.336710519222174,-0.602076606041159,-0.605408378479024,-0.475867646874372,-0.582848768397261,-0.409011320904882,-0.644636073888799,-0.144505582332802
Cnn2,-0.311579528836781,-0.346466116310307,2.00773266226696,1.2483324834011,-0.311947648757819,1.44120880415875,0.585373054100313,0.0835912206476057,1.60828055734262,2.05071232427317,-0.326224939931477,0.862279417529216,-0.263569954530703
Col18a1,-0.486408489860175,-0.14985488804847,-0.48002124933468,-0.237544503592804,-0.414852686467245,1.28796845056061,-0.490254547797142,-0.500842203591962,-0.121031384444516,-0.433172945772587,-0.445276659688202,-0.508083093110153,-0.381934975697318
Col1a1,0.0349553193837012,-0.128455735326181,-0.0406846958243244,-0.108419196030647,-0.119659092357718,1.99379537709127,-0.0561369225183228,-0.121111699617885,-0.0929446368071611,-0.0874722490304939,-0.0800555861720952,-0.131148825218936,-0.123273703580352
Col1a2,0.155163166576678,0.237791952485648,-0.0814852962047645,-0.125217306511444,0.176251952100115,2.17326270204545,-0.118760276073674,-0.169491604225619,1.31991605550788,-0.138611960251902,-0.14719648556154,-0.156084644083097,-0.150033055095503
Col3a1,-0.100182928353111,-0.0983488783399501,-0.0829524987169832,-0.0695563524421818,-0.103678824757058,2.25025159475119,-0.0660155319506495,-0.0979681568090972,0.622259992243458,-0.0871284785296568,-0.0842962212888518,-0.103678824757058,-0.0970993030455642
Col4a1,-0.322128343710484,-0.474891822831156,-0.443981962648248,2.24086852455114,0.176897280365736,1.67811420714991,-0.446634149114323,-0.484856168808446,2.30302672808773,-0.450228901326242,-0.208626192821556,-0.454685268968034,-0.338525416396288
Col4a2,-0.171103559887774,-0.285485591335168,-0.265517595656083,2.06669341601849,0.260696203523541,1.64518641014498,-0.263017856224276,-0.293900636565027,2.05016048962602,-0.270777499397844,-0.0650001122536612,-0.267454247688978,-0.225160167422741
Col5a2,-0.00476427216041062,-0.0992310915041636,-0.113745336199661,-0.0910958927676051,0.339302126054479,1.57885592303185,-0.109658121866258,-0.113346121642814,0.39742804273618,-0.106728263990689,0.0671952182854406,-0.0965295077264492,-0.11372199875555
Col6a1,-0.0991485749083051,-0.152019767986644,-0.150434348192834,-0.154737001355481,-0.131551525361112,1.93815089918402,-0.13937838404941,-0.150583350054705,-0.121552788838541,-0.149027889524612,0.132460621537343,-0.154737001355483,-0.130942251292404
Col6a2,-0.10091746496186,-0.134694280147575,-0.138526033449552,-0.127878228633364,-0.0735654417027537,1.88474279567711,-0.129813185122217,-0.137571702095918,0.0223662297508526,-0.131442432975726,0.0129734433819002,-0.142809354932424,-0.0173714694772895
Colec12,-0.0106303823926152,0.0951439785717321,-0.184060599570884,0.0320831560547463,0.00180516232389764,1.60068196122351,0.362331424482398,-0.127205768264777,1.72516214367568,-0.175923656880369,-0.161544190200732,-0.184060599570885,-0.16682553468563
Coro2a,-0.251259202502674,-0.255977424729544,1.95868671873123,-0.157714275804238,-0.255977424729549,-0.219955053411061,0.871939256666748,0.0778398591907183,-0.154273269572729,1.15858180161886,-0.136837130775651,-0.035799936201742,-0.249721978531351
Cox4i2,-0.0337112062741433,-0.127120341770187,-0.133213080219248,-0.0373545891320995,-0.0883042927822565,-0.0480760183904688,-0.0634128948056439,-0.130346544166591,1.83434576610917,-0.143233696000333,-0.140573923571021,-0.124389770517548,-0.140149655484174
Cox8b,-0.0748089544833681,1.35167043316512,-0.091034611541957,-0.0883730454284025,-0.0797200499195029,-0.0567616669448409,-0.0910346115419487,-0.0899535498494503,-0.0869861199614227,-0.0882485528198689,-0.0856441095761971,-0.0910346115419566,-0.0862842934519338
Cpe,1.77269708148092,-0.92018462780917,-0.902403221895232,-0.210242728937832,1.3670725751278,-0.0180233089477845,-0.915906797123789,-0.941830485569887,-0.437827466791847,-0.906871329829604,0.336521740038526,-0.932008233899251,-0.160917636339704
Crip1,-0.247259944526486,-0.28585243309112,2.10093927371185,0.808777795578791,1.079306663002,0.43419944114023,0.722353797811765,-0.214488674874558,1.13801030027901,1.5567922821769,-0.245709878449117,-0.284370411891329,-0.294944419432935
Cryab,0.282553078737065,1.7703200724494,-0.56275760874549,-0.523009349187804,-0.210925762436532,0.328842064868193,-0.537371845779081,-0.534589688677934,0.309336415258292,-0.568122228571779,-0.481655824295735,-0.593181663871607,1.65280111132161
Csf1r,-0.478707532151175,-0.457322098577115,-0.189389750605359,-0.485294471397729,-0.501420617798992,-0.490707581573272,1.35106078020814,2.0522693889747,-0.483230770830917,-0.446269102853017,-0.482444927811542,-0.0808430573525201,-0.493247952787505
Csf2rb,-0.330471011843455,-0.336251976745682,2.03076924235253,-0.327065010523326,-0.33625197674568,-0.33219513404403,1.47071705137042,0.610511594851408,-0.336251976745678,-0.23141153445324,-0.332158200699089,1.61395691176079,-0.332075812297988
Csf3r,-0.429033124957792,-0.433237496873322,-0.27823075152073,-0.431838750558304,-0.441271921540321,-0.435902788507266,0.512115122964305,1.91298759689894,-0.426703558562202,-0.421103086100923,-0.431218966085745,2.16137820688944,-0.436315835528263
Ctla2a,-0.198574386285705,-0.202724824110728,-0.174861120110571,2.10230135679737,-0.101309665847781,-0.117368482602135,-0.182678366488695,-0.190612663493249,0.99899679315099,1.4320806671266,-0.185355340708119,-0.189663151795043,-0.197374759345753
Ctsw,-0.122095453257623,-0.124641658299456,0.0660560281067522,0.0374092743462716,-0.124641658299456,-0.104107731190496,-0.114158426930793,-0.0496591963519216,-0.0881705276659933,1.83894333231776,-0.121079118223943,-0.124641658299456,-0.123583757901672
Cxcl16,-0.343186013902336,-0.305177761975446,1.44762214009275,-0.292161980009914,-0.32510599487347,0.257624377780004,1.87246651048684,0.468891408734169,-0.34770831938486,-0.259444727888878,-0.346718295419733,-0.236387262994234,-0.337653720877277
Cxcl2,-0.117209761648861,-0.117483648080463,0.109098175159702,-0.110970490351298,-0.120165496080546,-0.0681922764628437,0.331103501984596,-0.0585453273920799,-0.10515971897291,-0.109367453428283,-0.115602777577131,1.9630808409671,-0.116282176587804
Cxcr2,-0.0574190026932798,-0.0574190026932802,0.0337693572082626,-0.05741900269328,-0.0574190026932814,-0.0574190026932809,-0.00933331129175826,-0.0334106882839343,-0.0574190026932805,-0.0574190026932802,-0.05741900269328,1.74535176969707,-0.0574190026932798
Cxcr4,-0.223056390453176,-0.340030083109098,0.972492274775942,-0.183955319157922,1.05986612492708,-0.272922406199585,1.21897438270471,-0.199528273332297,-0.224061582783842,1.80311799121911,-0.0499475601282326,2.12364767774416,-0.269855312729008
Cybb,-0.268313158214394,-0.262557035659823,1.13638459010254,-0.265077167741601,-0.272174358216803,-0.255491078270383,2.08993079519941,-0.0251474354698318,-0.265727045583294,-0.118948198214806,-0.260718123746318,0.165775007759138,-0.269431899370201
Cyp4f18,-0.241374465470699,-0.243095773006021,0.303353203421323,-0.238850637129251,-0.243095773006026,-0.214771720494582,1.71648517070297,0.00299662325997459,-0.243095773006022,-0.149097092702795,-0.239916977098003,1.53024048853738,-0.241044435616471
Cyth4,-0.487802112710425,-0.492728341575337,0.889158590287486,-0.304704151852543,-0.490198135832427,-0.485961873384,1.19557374049762,1.8472288016047,-0.417106949896004,0.624669130797224,-0.48510464367344,0.638445384153348,-0.492099404457944
Cytip,-0.224325383053902,-0.216718256593156,2.33083676657176,-0.223076507578952,-0.225392072710557,-0.202184505315672,0.895174095109452,-0.146334637352128,-0.225392072710558,2.17993299548177,-0.222453682160385,1.42659295351233,-0.224394489407758
Cyyr1,-0.192889583296837,-0.163094768526022,-0.196028595031013,2.04044663945973,-0.199503653355511,-0.134952677081927,-0.192199227885509,-0.19683644657463,0.937891895738179,-0.19660096125513,-0.196144697294788,-0.19950365335551,-0.191324429776707
Dcn,-0.0734937924430574,-0.0652193250014175,-0.0643372869331755,-0.0572083445790252,-0.0697992703691586,1.94008527454061,-0.0534453265021869,-0.0762242505655352,0.011686894817232,-0.0755196309408162,-0.0613811564734133,-0.0810703198006022,-0.0752867032762898
Dcx,-0.652092137724512,-0.656800459423639,-0.657489315016376,-0.659079325664036,-0.64777665731972,-0.652466977759887,-0.639545731708563,-0.652329345293572,-0.646007653096341,-0.644938030375334,1.56625334075882,-0.64905209083246,-0.164708336960194
Dlx1,-0.107798003602428,-0.115831321993259,-0.123475718091688,-0.12212827293602,-0.101440672881522,-0.123475718091688,-0.119971885816547,-0.122187922246546,-0.107078994853615,-0.123475718091686,1.58418760057069,-0.123475718091688,-0.115783312302908
Dlx2,-0.0988686958452815,-0.128008052255189,-0.135594138274683,-0.13068811680291,0.0550704717472931,-0.12164919574413,-0.131298430800027,-0.133627343642667,-0.131476022433629,-0.13276016608299,1.55719765545619,-0.135594138274683,-0.111630483210253
Dnali1,-0.0535146974896812,0.345779384631948,-0.0792567907041479,-0.0779320568619776,2.24094800792054,-0.0792567907041466,-0.0770185001712789,-0.076297384769254,-0.0752267019686725,-0.0792567907041486,-0.0721021255426951,-0.0792567907041467,-0.0750534795764991
Dock6,-0.148478028111602,-0.0402762480687812,-0.0844855240088871,1.50802671956812,0.0872863748555987,0.853621493759275,-0.150533139725547,-0.139978670571261,2.08091938533617,-0.214330821250638,-0.159033699902559,-0.21820355295275,-0.106569788801916
Dpysl5,-0.244535884708906,-0.234704762715386,-0.213132499197409,-0.2627785336712,-0.132438596288407,-0.259247037225907,-0.257688541370143,-0.261407911750737,-0.252969733080049,-0.253800821086217,1.64063632599401,-0.265020188845533,-0.110360509619009
Drc3,-0.0309258960167139,0.561758174936553,-0.118550025504497,-0.0985531441188864,2.13349506817076,-0.101985038098257,-0.121283532855794,-0.116235024792782,-0.0736234011829864,-0.11998070236175,0.00997610451195204,-0.122800918403042,-0.0976895631035925
Drc7,-0.0963282488126459,1.44535408500587,-0.108579896074057,-0.107240101571705,1.99878814223905,-0.101678891057989,-0.107070737904498,-0.106403131792356,-0.104503989986441,-0.105774971454624,-0.0904898829251403,-0.108579896074058,-0.106454347167084
Dusp5,-0.346901821026142,-0.384601226316306,1.99880825824737,-0.2758200114536,-0.3564728893451,-0.0244752977491248,0.644540359490893,0.093273004114356,-0.310483000079905,2.13748220133793,-0.202448598615999,1.9253899108094,-0.321791190176069
Dynlrb2,-0.0798265186607634,1.04429576835996,-0.1005823675245,-0.10079052651976,2.47725061928256,-0.0979130760303138,-0.103297118417197,-0.099641760056692,-0.104804092147105,-0.0992023629166814,-0.0957721778192722,-0.104804092147104,-0.0888855501295026
Ecrg4,-0.116448153624135,2.34543469662792,-0.142893791099189,-0.128772142551188,1.50092586721898,0.399754341266011,-0.142129286097431,-0.138870860418929,-0.122433419770596,-0.137210148537683,-0.128201837832603,-0.14289379109919,-0.128023229923164
Edil3,-0.351286520180196,-0.35879418218773,-0.3654557885991,-0.362897088336597,-0.353289213025064,-0.169407767002115,-0.362683056950551,-0.365422437229685,-0.36627773155658,-0.361787581260284,0.58000899627915,-0.371708493755977,1.74299195285915
Egfl7,-0.219671893889269,-0.179252769511273,-0.222644961356137,2.39707366178009,-0.228475061607571,-0.163435189076656,-0.157453313720889,-0.227193457748617,1.13125801291336,-0.223975210969054,-0.173547887534772,-0.240442057491816,-0.220600508015362
Emcn,-0.182392120254326,-0.189220287950558,-0.18803847601165,2.25157560705167,-0.171201819466516,0.0828244317273696,-0.186963058879168,-0.185339292984317,1.71930622335085,-0.18683375703198,-0.179769750086175,-0.172648632035737,-0.18572305287105
Emilin2,-0.365138942398789,-0.367596958543345,0.403093996803064,-0.360567583575113,-0.360711487039374,-0.207064729374628,1.54468167432169,-0.088010351512888,-0.343003866410321,-0.209489439917554,-0.346613840863658,2.17475448869676,-0.0455062608262072
Emp1,-0.311560040125037,-0.3919746731911,-0.15560726981935,-0.204367092510921,0.604389015039619,1.39991359277601,-0.0545638398436019,-0.380548696748088,-0.28405348934669,-0.18530355504993,-0.235954552461089,-0.344565252319111,-0.372359797439729
Enkur,-0.071181633202915,0.134632728720344,-0.0881717476457985,-0.0832522100644082,2.30724015009723,-0.0691114386512195,-0.0823174692125327,-0.0814212606405731,-0.0722455485279171,-0.0854204434713631,-0.0731796541581449,-0.096588566337329,-0.089712287795393
Enpep,-0.0842946608643399,-0.0898697228901424,-0.0898697228901422,-0.0286812240442531,-0.0785602481176954,0.245854130077098,-0.0861238887523167,-0.0874384276459586,1.8120658548573,-0.0843001105828516,-0.0772975397693165,-0.0898697228901414,-0.0819560855213505
Enpp1,-0.342447175572985,-0.349096904913368,-0.143118446625028,-0.341526824974188,-0.288870093293156,1.52340963270731,0.133006918815267,-0.0637794166976109,-0.251216411416878,-0.159687000460149,-0.299137059532252,-0.354941206256778,0.0351499571578436
Enpp2,-0.641443400620933,2.44491266900111,-0.736164144862635,-0.164308482114346,-0.442706114228004,-0.51553537381035,-0.737893328989109,-0.755023273723528,-0.497105637621262,-0.733688677535717,-0.503959645460046,-0.750432426712654,1.66900667863413
Esam,-0.19480152026758,-0.231145954225772,-0.183132481802222,2.41328060053524,-0.1915446454656,0.0659281690951397,-0.222887173258326,-0.22834766785992,2.14718291637939,-0.222007906625105,-0.116322877414113,-0.218292572556057,-0.194554228154469
Ets1,-0.631908869489863,-0.666186477079713,-0.297850547368128,2.01592114198264,-0.639245509425998,0.386068742520184,-0.517857674082257,0.585621881416448,1.58094958318917,2.23395428153556,-0.293121479840272,-0.332070744738448,-0.535344548254606
F3,1.54905326063697,-0.592285010155586,-0.624819634151466,-0.640385751643665,-0.113317566487323,0.728480870006248,-0.605198689480136,-0.590766971785684,-0.606825711797267,-0.636409233477407,-0.574638208645274,-0.496289080494994,-0.30558600398525
F5,-0.114232088013634,1.9478950552341,-0.0925480596840946,0.0420105881375044,0.0582489391015449,-0.0280770102885604,-0.0855582500650727,-0.119891819749137,-0.00599178994032535,-0.12177047274146,-0.111084995360283,0.285205196757694,-0.116059724306296
Fa2h,-0.276042947367705,-0.277158398452139,-0.29235803802391,-0.293438836876854,-0.280713712904451,-0.295416154450995,-0.293404477767925,-0.291983029558671,-0.292861979868837,-0.289927773656448,-0.281198185361508,-0.28195067139047,1.60925311722498
Fam107a,1.92835420185399,0.521921768613252,-0.336962416488947,0.937218500095975,1.03528678079725,0.0126964024474814,-0.319311357895614,-0.318971717508381,0.427945549708435,-0.328895301794505,-0.243979345280666,-0.32543096905305,-0.261855209758221
Fam183b,-0.0662736731187361,-0.07046625058737,-0.0783834977657705,-0.0770592124561836,2.39866615074283,-0.0783834977657705,-0.076145965080409,-0.0743493105887273,-0.0703260493352525,-0.0728385870178871,-0.0515625875948367,-0.0783834977657706,-0.0668283058833471
Fam216b,-0.0578287693412524,0.0130430347040183,-0.0561843386077494,-0.0577039587304732,2.30993153797102,-0.0535606181681179,-0.0603339885080896,-0.0592657360877264,-0.0603339885080865,-0.0603339885080858,-0.058558444826736,-0.060333988508086,-0.057726192634686
Fam81a,-0.115235783829784,2.05157324347509,-0.258935402753385,-0.227713759924616,1.87362445555208,-0.186882344509894,-0.244788074924459,-0.255430470906943,-0.0822048176774768,-0.247941800517141,0.0306486119703609,-0.249242295289502,-0.20272133842896
Fcer1g,-0.520247781003151,-0.528219299732602,0.671044814310467,-0.509525099820497,-0.552331825043979,-0.50969409658341,2.08488796654672,1.69684200755791,-0.534002429345777,0.120292316952333,-0.515839144313581,1.97861740620805,-0.529353539803502
Fcgr1,-0.451321220354881,-0.461253669825524,-0.0478006330037831,-0.453348811936875,-0.463623952062521,-0.437242418300598,1.50767533730526,1.65796510842273,-0.450794459311444,-0.40981683069872,-0.452027870274001,-0.319432289980616,-0.453656337576342
Fcgr2b,-0.409431832767506,-0.416518946696219,0.114535806924295,-0.412988749433806,-0.422504134312117,-0.408378957409308,1.70744311800545,1.17159611744188,-0.41732412349104,-0.329125313763676,-0.403454284824177,0.180522379622966,-0.412768601243239
Fcgr3,-0.499197205762981,-0.498091577796235,-0.14407968169561,-0.500699151215274,-0.495252121183846,-0.479698103972621,1.53734900495949,1.86764316332273,-0.492842952685374,-0.322487170156582,-0.485830812365153,1.4372210187812,-0.495547277334661
Fcrls,-0.403456779083285,-0.404119256784892,-0.365146100407585,-0.410693240592815,-0.412396757948603,-0.396583745439972,0.432252871069775,1.82228214138319,-0.407981180515976,-0.39614778559668,-0.413344817400165,-0.389732813256989,-0.413442931083637
Fgfr3,2.07762429188516,-0.282997448134152,-0.295122483121238,-0.208618935512408,0.367476151370545,-0.223718834729743,-0.308960874607544,-0.307222353284733,-0.23862509343028,-0.302025013391438,-0.263869987838821,-0.299838409447951,-0.211984278319303
Fgl2,-0.33130595499698,-0.357591183581005,1.63761692973245,-0.355974897560512,-0.345014809483565,0.22853474870763,1.49550670128816,0.276388538351078,-0.260792097060469,1.18781960544605,-0.320702858167206,1.62654150032425,-0.331826199286274
Fgr,-0.209887805472164,-0.207783872401837,1.68770704680198,-0.212703129865973,-0.215492541824711,-0.188384439793028,0.736667262089738,0.107862104557041,-0.215492541824713,-0.0178818026914849,-0.210269677728905,1.89903033910437,-0.213405179313393
Fjx1,1.54341201030107,-0.547444305277013,-0.532036543726312,-0.54126875006898,0.43408421650754,0.00408565631281883,-0.53271195664927,-0.550554507870062,-0.179042668282339,-0.515037287561473,-0.173508524748242,-0.549456805888296,-0.418316307554901
Flt1,-0.176034160703781,-0.227170972264065,-0.114031129565768,2.48638987747012,-0.190919865707969,0.228993756476863,-0.0412846594668943,-0.198689943876811,1.58357670136712,-0.234318702206605,-0.220713320561716,-0.172734783135287,-0.227947182840968
Folr1,-0.10473186482261,1.92420739656339,-0.116508714221268,-0.111133246909046,1.36884557769474,-0.0957427720449089,-0.111210605745833,-0.11214195304179,-0.116508714221268,-0.116508714221268,-0.109250715013995,-0.116508714221268,-0.110645687972239
Foxc1,-0.192253510360171,-0.201977219170395,-0.17919648177114,1.4895516602469,-0.159153516562512,1.83230754523283,-0.187224597359482,-0.200203754042345,1.8820899642986,-0.201837309808835,-0.177294474611988,-0.204745638452334,-0.196067958972093
Foxf2,-0.182698712477474,-0.179878033849427,-0.174174641786113,2.06948148520664,-0.171507239767875,0.841355285047477,-0.184230976801538,-0.187618417072687,1.68833001519591,-0.187561392564092,-0.172043969905045,-0.192214508481046,-0.18450894936958
Foxj1,-0.0748911060914622,0.976686300495776,-0.193558723849268,-0.209157118411896,2.42795541206496,-0.173463119851434,-0.207929831402456,-0.209414556389663,-0.197967486198305,-0.186183462701202,-0.173029314374237,-0.214352499573985,0.158195477520132
Fpr2,-0.0880455244960199,-0.0885520904628537,-0.0340120950398092,-0.0858930744479977,-0.0885520904628514,-0.0885520904628516,0.243159965098359,-0.0839619803618787,-0.0845074778215046,-0.0885520904628536,-0.0670107415824416,1.48155327588347,-0.088552090462843
Fstl1,0.365241353600028,-0.372420872818098,-0.353500553361759,-0.241334687292009,-0.0924950598454279,2.15492494670536,-0.359884872077417,-0.383161506460882,1.08307878893131,-0.364592154888401,0.0122984183659958,-0.393422229840672,-0.315831496549611
Fxyd1,1.78840510298939,2.35917998378696,-0.330227050164446,-0.303515662038741,1.54721332334884,0.369526223242795,-0.334437749987538,-0.338753593250594,0.395912202760386,-0.333796307714208,-0.222315614137625,-0.334009203319586,-0.296407223956624
Fxyd5,-0.334248441157266,-0.331489886437443,1.36253339787574,1.28498482465215,-0.341380390144332,0.891423811032658,1.33551709160232,-0.00198022856095144,0.548762335047488,1.74692455066728,-0.301849588451854,2.19060470593364,-0.332480646318941
Fzd6,0.0193622684057987,0.16239912810308,-0.223715462617544,2.19671878190613,0.940299358078775,0.745560185658046,-0.23204436351305,-0.230922282851083,1.90378204292666,-0.17390147512399,-0.189566697021485,-0.235306726928936,-0.206077271747466
G0s2,-0.190331589646869,-0.383839419737315,-0.379131874194058,-0.372437041860708,-0.185154039746184,0.0661362456157262,-0.345307089072944,-0.374019644301777,0.240269632475136,-0.367519200310769,-0.230961684367775,1.8705529934925,0.179035129802708
Gad2,-0.104076390330807,-0.131256350094475,-0.131256350094474,-0.125887029387726,-0.119766147692314,-0.131256350094474,-0.12531092200353,-0.12098522084962,-0.123255417701483,-0.128427042191147,1.70094933890483,-0.131256350094473,-0.103672064540604
Gcnt1,-0.414434237393831,-0.363889912474702,-0.238414982984909,-0.393526662895415,-0.049478420980281,-0.415283871683809,0.126025544918722,1.64450254173912,-0.416575549911257,-0.161465263593725,-0.368219720230138,1.25387109437414,-0.424320983977598
Gimap3,-0.105987212467544,-0.106497290215135,-0.0727015392885238,-0.0998036659464811,-0.106497290215138,-0.106497290215138,-0.101219453642533,-0.104322263791655,-0.0983519861832159,1.9590817451489,-0.106497290215136,-0.106497290215138,-0.105966327230783
Gimap4,-0.127786100663192,-0.125575935625334,-0.0479879918919466,0.210092095670595,-0.128266074903642,-0.116992570628609,-0.121567544123429,-0.125993379321698,-0.00385226367357661,2.17333422225372,-0.128266074903642,-0.106722910355252,-0.12676124205423
Gimap6,-0.282682624152526,-0.288065542073752,-0.0820982085578306,1.74828352922309,-0.280847864153358,-0.197955954981249,-0.147600181103227,0.424342576457796,1.03185054175732,2.04475033500637,-0.290899338674296,-0.276106772687092,-0.292285457530184
Gja1,2.2927848016398,-0.295426083006014,-0.330959730011726,0.362256733474293,1.68728889355086,1.12947491330636,-0.316832333661145,-0.321419106404343,0.0225573459117299,-0.319966558758637,-0.233460799784104,-0.331982857259983,-0.303770867123738
Gjb6,1.93288370425135,-0.241979401637275,-0.265434000300207,-0.255557507389852,-0.182769373067148,0.765870323347954,-0.261168357442639,-0.260450362796096,-0.248219984811986,-0.261980757314974,-0.232119328347352,-0.250219656327421,-0.248693403593403
Gjc1,-0.142506368283911,-0.0370298507353691,-0.19378218355512,1.72335710599096,0.0486607257477959,0.519367815531397,-0.19012342350507,-0.192933145068045,2.16562807231416,-0.191442466111284,-0.0539352054784599,-0.197242988667557,-0.188913272475633
Gjc3,-0.456358226844014,-0.534632379217914,-0.483131026746389,-0.526448840054995,-0.51281246225459,-0.526551727132497,-0.494982320230176,-0.528818232669467,-0.532684638130231,-0.514299963144246,-0.497236783220713,-0.499634970159903,1.68874415599124
Gna15,-0.396442502816951,-0.395508981131734,0.509819192280545,-0.393776200396451,-0.391050816379217,-0.398932438743474,0.365909114574945,1.60193662719745,-0.401140910768496,0.249896042536362,-0.398582517201164,-0.298705303510561,-0.399112590011447
Gpc5,1.5725932786831,-0.629144560938923,-0.622879755479405,-0.629146303230294,-0.567160181796243,-0.611203472725359,-0.630163538964708,-0.634249044777413,-0.618566839428108,-0.629998443668481,-0.6035825751994,-0.630038480358466,-0.00889902027145709
Gper1,-0.106373932242592,-0.13541473406086,-0.133382227498971,0.015488947982591,-0.0884705552976232,0.371799813662139,-0.139359636114299,-0.131895630872305,2.09479313475175,-0.137712629081442,-0.111381558485149,-0.146248915906945,-0.110131849831211
Gpr132,-0.170298193292814,-0.168083247439005,1.58063756662765,-0.168093989059481,-0.170816939290892,-0.170816939290893,0.572631002349817,-0.139786433783337,-0.17081693929089,1.31919751655169,-0.167126503098402,0.266857764781252,-0.168648836219178
Gpr171,-0.168239219125397,-0.169738205230885,1.80013885377272,-0.16854265742505,-0.169738205230883,-0.163599732774626,0.631442716881807,-0.167619740769477,-0.169738205230885,1.22185341442347,-0.167886791773721,-0.104088905102255,-0.167722515064514
Gpr34,-0.363882162663809,-0.364100689068663,-0.362637439889335,-0.375895471278143,-0.398858099380353,-0.394445233509745,-0.103693110812724,1.84957787523984,-0.370229735959504,-0.236273558935316,-0.375020480403627,-0.351488000735105,-0.381138239605506
Gpr65,-0.28263168179268,-0.284650352987234,0.739870526035026,-0.282341077359946,-0.276991247638506,-0.269685239667292,1.52041436905988,0.223349650102412,-0.281976119716397,0.902453175640546,-0.281071121445458,0.259870543046844,-0.278683608847299
Grin2c,1.6120416117068,-0.225513430267646,-0.226767301453046,-0.223273555473411,-0.171481863123642,-0.229972397759635,-0.236775442079693,-0.232447965209027,-0.226047577173068,-0.235802586505767,-0.193929714294747,-0.238352056950411,-0.22135765336025
Gsta4,0.526182761562752,1.74822022454099,-0.29810204593175,0.801549707819778,1.90894681494241,0.520502101845068,-0.273372481944335,-0.253569749864718,0.475805971024666,-0.304954528218792,-0.146067797556558,-0.310290348150059,-0.0718331893092252
H2-Aa,-0.333707596521352,-0.380811412654504,2.23768293629965,-0.36772990711811,-0.332115354873261,-0.188700284770834,1.72764336583882,0.299130361112879,-0.374340049300612,-0.0657675489582108,-0.346759127092481,-0.13339565523598,-0.343634874170206
H2-Ab1,-0.389346333596884,-0.452567795826883,2.11734538062128,-0.431856379951786,-0.342165070801516,-0.320639405032868,1.70585770367074,0.246312240970514,-0.442350804188177,-0.0486626394372393,-0.414971806238493,-0.230176382919936,-0.393247267260765
H2-Eb1,-0.342514599089957,-0.382276956111774,2.17443365185033,-0.365747467508297,-0.360370150006207,-0.254222932110165,1.67851540898405,0.279979201840245,-0.368400739589926,-0.0661095400864427,-0.357155033628537,-0.234664210555082,-0.347678575580008
H2-Oa,-0.275893897902918,-0.278484498831885,1.65258281607139,-0.277057439510438,-0.278484498831885,-0.278484498831886,0.0346088383317428,0.812431598583187,-0.278484498831886,0.0357207264791963,-0.275663978184197,-0.210161109516346,-0.275749569266372
H2-Q6,-0.529734021534616,-0.632919745011493,1.3454123221758,-0.435935003578222,-0.53954492319058,-0.420946343810584,0.732625898428313,0.133997168973281,-0.549196761149937,1.88263290151671,-0.597722624724472,0.0399463535182176,-0.478071953306348
H2-Q7,-0.567256378820401,-0.615229655691664,0.521992060112654,-0.543383598497812,-0.562717994486207,-0.463465512540595,-0.00582878803217254,-0.0716026797506416,-0.593473616428819,1.85527198546021,-0.573269724641707,-0.319526493299455,-0.353449731142619
Havcr2,-0.425810867968269,-0.428903374628624,1.06926540874238,-0.43071102513829,-0.436336338908877,-0.425917926222243,1.01621072817967,1.5979766705836,-0.424225345792212,-0.301516678084462,-0.422902302313424,0.209827679711816,-0.428901968357317
Hcar2,-0.205387717529636,-0.209244420576063,-0.0348480557314881,-0.198629471463528,-0.200408695883273,-0.193185841570912,0.216736188682623,0.378405642032107,-0.206082887834427,-0.173201550028698,-0.196288783272224,1.87213866789173,-0.20260689940712
Hcls1,-0.502946893658634,-0.501735308634759,1.89409768060222,-0.386567961999059,-0.5128621286172,-0.446533923183968,1.81766800216021,1.48949266253174,-0.470162906594034,1.46583113971229,-0.490737713175435,1.43364275269788,-0.509295030881057
Hdc,-0.033533578489227,-0.0666844936716784,-0.0375648964987407,-0.0627296639433681,-0.0442680352116629,-0.0666844936716772,-0.0206519687634791,-0.0640072385411208,-0.0666844936716778,-0.0390857356752075,-0.0221858027273004,1.88988647281575,-0.0645930823914449
Heyl,0.257771970473133,-0.173047374441378,-0.170278123655496,-0.0938692258842381,-0.156295849173958,0.601426377237693,-0.16388285358222,-0.175634314672787,1.8776802285225,-0.156059995311506,-0.121131705225733,-0.178530548542798,-0.123832173373583
Higd1b,-0.103425650171871,-0.11508373651148,-0.107072204743453,0.188909570618007,-0.115083736511481,0.180562869559833,-0.10583099657235,-0.106591470988638,2.36375328728796,-0.112271818515231,-0.0992415325616021,-0.115083736511481,-0.103392843460078
Hp,-0.080356253848138,-0.0803562538481359,-0.0678099511551941,-0.079030955309948,0.56191582680402,-0.0735299145522394,0.188353104377308,-0.0790104959187167,-0.0803562538481352,-0.0748071006140537,-0.0803562538481364,1.35787510075574,-0.0798306159883191
Hpgds,-0.400027274258729,-0.394331200327554,-0.264916254106162,-0.402800805648189,-0.264098049247813,-0.408766839286205,0.647427626971531,1.66197565384724,-0.406659287226927,-0.338271640481426,-0.396631496170464,-0.311638472498229,-0.400727956062345
Hspa12b,-0.194450515606499,-0.208926462313642,-0.203424692082559,2.19421013897775,-0.176244668725981,0.20623753058607,-0.204625389814133,-0.207727114086315,1.09440047182084,-0.202081214079503,-0.169821043746795,-0.210825813477818,-0.185403916905954
Hspb1,-0.148996819631727,0.0126907348686392,-0.217754136447333,2.14613586390714,-0.0377887499332618,0.979484730256774,-0.206501686300187,-0.217784820065199,2.03348458092881,-0.230796828746224,-0.218217653637761,-0.226452696574657,-0.220143587120783
Hspg2,-0.335002356646729,0.0814692620545357,-0.411204212027395,1.34070031999724,0.0635944176452126,1.55445497360762,-0.424416392757615,-0.447691556921528,1.46257640645263,-0.40957858527688,-0.399629674685418,-0.435121274995863,-0.0931867830681535
Htra1,2.1371636010489,-0.406532583189897,-0.431095517624038,0.142398119215994,0.0818810559025583,0.720897457306254,-0.425900979702172,-0.438180174252616,0.107361091236333,-0.438842832522381,-0.360806840954041,-0.447445065119645,0.320326574056744
Icos,-0.10435854935306,-0.104868308317496,0.00912106660077294,-0.104868308317494,-0.104868308317497,-0.0979771223166568,-0.0739745852509574,-0.0461792966770969,-0.100798201585752,1.49726574798101,-0.104868308317495,-0.104868308317497,-0.104868308317507
Id1,0.0357373859582201,-0.00655073897521466,-0.225472046863411,2.19252532317705,-0.132406566847085,0.303774478304597,-0.2302077893393,-0.292126858705234,1.22962972733043,-0.303099794706418,-0.251285839945218,0.135861497132511,-0.275820954769476
Ifi204,-0.228941746513809,-0.246992021478177,1.00580221593717,-0.0118141062753931,-0.246992021478173,0.0526295487408271,1.40462016475979,-0.0360308562679829,-0.00495718718314948,0.698208615232887,-0.243717457714946,-0.16325509533453,-0.243751466322122
Ifi205,-0.126383067981701,-0.129470508892325,1.56242542632688,-0.128119984748056,-0.117988104923363,-0.0599077970168668,0.437953558111885,-0.0995745784167902,-0.125361961222181,-0.0870596942327715,-0.1276470203286,-0.107917471934191,-0.128934866091584
Ifi207,-0.261558610890931,-0.270494029376496,1.06759262566538,-0.262853244529415,-0.272958018631128,-0.117074362464295,1.97108092830475,0.0443117805856053,-0.261314864187276,-0.201383591686305,-0.260712681305009,-0.0992931742086523,-0.266845268221437
Ifi27l2a,-0.346700391193769,-0.314097949820911,1.2831807257441,-0.276698612363468,-0.361107821389324,-0.0439199355094141,1.86844206995447,0.0721182476483263,-0.303394075015477,1.31533781175622,-0.310656792903706,0.883764115584712,-0.279201983698944
Ifi30,-0.41911648863569,-0.364150036516803,2.24997367994197,-0.437097124895907,-0.435085196855519,-0.0615267775072246,2.01786003312779,0.733585663750183,0.148483422053424,-0.0836882814955496,-0.353726847286426,-0.14601918398638,-0.39860303058579
Ifitm1,-0.139359193305628,-0.0822623118246724,0.95145744878708,-0.0120672326889566,0.0177086864934026,0.530150568013385,0.118162875428464,-0.135622513150898,1.73462123808451,-0.0177070466596777,-0.137342660498423,1.76205845349927,-0.141268626223684
Igf2,-0.141362566954548,2.47735633708958,-0.16674274608705,0.0405393635502175,-0.10700863944879,0.909542457905918,-0.12935113072928,-0.170462608706117,1.23314471083849,-0.175634598446245,-0.125680553570343,-0.186855774657851,-0.14998089982502
Igfbp2,0.172568062938155,1.41940914344484,-0.85776988424867,-0.908744177253057,-0.33707651053279,0.130985177572996,-0.854002485811988,-0.903676603421553,-0.902682178317048,-0.872002904350994,-0.861583375551605,-0.874922420924518,-0.693061049603962
Igfbp5,0.58767204447496,-0.147107259553644,-0.219303717235178,-0.177894616468292,1.27050024812835,1.52409971989105,-0.181376467176315,-0.217911711072889,-0.105220745433514,-0.20378194592171,0.619297144268012,-0.182541472678316,-0.143532210823297
Igfbp7,-0.228992830729259,0.464812665923238,-0.229149522680558,2.36937917699059,-0.114067707412667,1.39237556898251,-0.244024367746907,-0.293445623065756,2.4564168602259,-0.0942673188732614,-0.225898623383745,-0.262292079263149,-0.242378694765611
Igfbpl1,-0.325807980398898,-0.326690739439374,-0.365384766396062,-0.365376270510075,-0.338661697886055,-0.359499066740866,-0.351820434026571,-0.363089087021257,-0.365222727129169,-0.352185929893304,1.53005088737862,-0.368575190751985,-0.326409773843919
Ikzf3,-0.107821278608507,-0.1083317153434,-0.0406926433085641,-0.105652381275255,-0.108331715343401,-0.108331715343402,-0.0849419892295366,-0.105338949215447,-0.104256197038178,1.91663118624578,-0.104714056930997,-0.0655721790262968,-0.107269042002466
Il1b,-0.305912910988897,-0.314419714182242,1.39895070178695,-0.308331039210073,-0.303602718925613,-0.285933365202953,1.35694180088044,0.342631257479378,-0.311338348303407,-0.223170413705652,-0.298349396962966,2.2077324008912,-0.304335951400447
Il1f9,-0.0360488813166478,-0.0360488813166518,-0.0237180115533608,-0.0360488813166516,-0.0360488813166509,-0.0360488813166509,-0.0287128995945886,-0.0357843513405074,-0.0360488813166514,-0.0360488813166518,-0.0360488813166521,1.48142299029086,-0.0360488813166479
Il1r2,-0.0897521288659795,-0.0994172811834915,0.764246483229176,-0.0994172811834915,-0.0767149468500114,-0.0375263935362656,0.0900687341067138,-0.0899273881156473,-0.0994172811834916,-0.0127700384773756,-0.0940093395444135,1.7755722331128,-0.0856497421102035
Il1rn,-0.183250350414631,-0.186075524144266,0.187852114123596,-0.184179101102749,-0.186075524144267,-0.132592648515034,0.800486424711157,0.0354631187335323,-0.186075524144269,-0.138766388847308,-0.184795241321162,2.22674966465047,-0.182218442018381
Il2rb,-0.116144107921507,-0.116833269442909,-0.066421567622118,-0.117777452689866,-0.118967446623084,-0.118967446623083,-0.109103499168288,-0.116569781408026,-0.115709491771471,2.21275840908005,-0.117521474982981,-0.118967446623083,-0.114705917892336
Il2rg,-0.286056282210552,-0.287283674303072,1.49909809807209,0.525451869811961,-0.290139497739858,0.0521956098486773,0.927777712173989,0.144077543124081,0.0231466055174146,2.1636901402786,-0.287108087993784,-0.156307212572462,-0.288926939945987
Il34,-0.148275520021152,-0.205467751705628,-0.0675171764739599,-0.126597090946961,-0.177528504308822,1.39864743282861,-0.207564167177445,-0.21688990622497,1.93170636909857,-0.207629972133833,0.0858189768772437,-0.221717250464689,-0.196397417310956
Irf8,-0.640184772212126,-0.638477550819176,1.08691451262511,-0.625316406760493,-0.655442219231315,-0.485561271990309,1.19492074681885,1.46932328949372,-0.578366599640405,0.196501958535191,-0.625562662146954,-0.549810502030639,-0.615680716048969
Islr2,-0.115006634797402,-0.124292375547489,-0.128109000896063,-0.0771320862445714,-0.112316280070402,-0.0629734455445857,-0.129523721722824,-0.129041182215561,-0.0854044964271666,-0.121053366830678,1.76774026913354,-0.132375411611803,-0.118488889303212
Itga1,-0.46700181998678,-0.535676753151134,-0.516816636664786,1.66398287942568,-0.543542603571811,0.497747141422183,-0.547710601338002,-0.569055329263891,2.11450994503715,-0.108276722625847,-0.550117872503074,-0.557849067273501,-0.504008022262147
Itgal,-0.266159513092879,-0.267982809582519,0.389091062172659,-0.25692131968361,-0.255895548405297,-0.254387976524361,1.37916378082312,0.0766551671843435,-0.26564554599848,2.03435227861,-0.254343376497312,1.42629833299177,-0.260690455149799
Itgam,-0.470724748829486,-0.464763803812245,-0.0677024644479999,-0.464735747901001,-0.482278332865149,-0.462376927169579,0.853516275528046,1.99327855835802,-0.468288025968152,-0.303245302192619,-0.465265267638961,1.26016758192666,-0.4677194691562
Itgax,-0.289672393583906,-0.291630633716319,1.62344465818844,-0.287487706554301,-0.279440106931529,-0.255141360020553,1.42627881137219,0.295700271788449,-0.287268710851139,-0.0630672886946879,-0.284847699152964,0.417010444639439,-0.285865677503931
Itgb7,-0.15625345056136,-0.15609016769408,1.66491062122219,-0.149820050415555,-0.15881157155442,-0.11778313170548,0.155822673330235,-0.13848191387964,-0.151196721590856,1.72697806518035,-0.153588051756755,0.166271330003801,-0.129386769575241
Itk,-0.105089124112594,-0.112245962365649,-0.0656743163591318,-0.110904284932487,-0.100838774757068,-0.105335258761509,-0.105445206316678,-0.109793660951128,-0.11224596236565,1.99721287391026,-0.108622875039206,-0.0908341102151132,-0.105860353983415
Itm2a,-0.232969288921028,-0.0196416491703046,-0.27921088578393,2.42772608837236,-0.0507229603453995,1.43947929385371,-0.29907045300935,-0.297546747618092,1.13566438998803,0.127385326898876,-0.24725234587387,-0.310772969850729,-0.213973959019755
Jaml,-0.174301573349015,-0.173133669234337,2.00534217671159,-0.170791484230492,-0.165367536174799,0.0205669980708541,0.656570800208398,-0.150381575010535,-0.00246446241348786,0.768690977011289,-0.168824661320524,0.678484898895744,-0.173318385619454
Jcad,-0.205827615310879,-0.270507707853045,-0.274461885773995,2.3855557544934,-0.177507693078246,0.576541788828797,-0.28199256384758,-0.291382456248821,1.28632832104317,-0.2348548526803,-0.0550941519061541,-0.265167207623111,-0.14583884591612
Kank3,-0.202154685734588,-0.242875495346816,-0.140964084578687,2.11598105024786,-0.186088925080282,-0.0547749915937654,-0.0803522782826515,-0.149781987349335,1.00607963882351,-0.223061748393055,-0.077542683006851,-0.257562325763161,-0.190497657626721
Kazn,-0.386703046091244,-0.254614744316617,-0.521001885723923,-0.434270002834539,1.44674651490538,-0.23790102050866,-0.541391743327577,-0.554322545115058,-0.333895805962142,-0.546058030595694,-0.301652841797072,-0.557278633630544,1.48892677612435
Kcna1,-0.3480848297283,-0.371338904641743,-0.354210561068802,-0.361469533612795,-0.107270176476322,-0.350006650766496,-0.358308976661714,-0.363057699781981,-0.351304950906643,-0.344491473541951,-0.0548013596405643,-0.372701152645612,1.4971223566007
Kcnj13,-0.0899245405260333,1.38309886430617,-0.0919534669189178,-0.0879597019467775,-0.0806348928275695,0.0383299084024022,-0.0919534669189192,-0.0903312993167889,-0.087903539626857,-0.091953466918919,-0.0883585245237484,-0.0919534669189185,-0.0898414657236348
Kcnn2,1.79569000317007,-0.286443472349123,-0.301013685121404,-0.287521033554247,0.202650888699437,-0.282734285512243,-0.296442212831275,-0.295508355874195,-0.274030965377021,-0.298823215152592,0.707980267118889,-0.301013685121405,-0.159696536956476
Kdr,-0.222144990911381,-0.136815076914409,0.076600352714036,2.14019625153486,-0.184999194841484,-0.163930814502076,-0.161348471909204,-0.118638277382961,0.942829762361871,-0.214504655243276,-0.214889477924953,-0.212672582762248,-0.206949359702995
Kl,-0.120135560961863,2.37561205244785,-0.12569576307736,-0.116610201793584,-0.0999182002748424,0.218926848518398,-0.125082519347319,-0.125959096973203,-0.111629796483769,-0.128755752740929,-0.0840930888580509,-0.128755752740927,-0.118090885703814
Klra2,-0.18494859476346,-0.192429300136232,-0.0266380000790058,-0.187347116589865,-0.19242930013623,-0.181536983148352,1.5672150786123,-0.187164718876862,-0.192429300136229,-0.175804762251791,-0.181620512567488,0.878462299635977,-0.189282573890538
Kmo,-0.118803401999851,-0.119828775297424,1.62530838296391,-0.118483203250538,-0.119828775297425,-0.112898011341612,-0.00539598817856182,-0.118462430885556,-0.119828775297426,-0.0296841292656855,-0.119828775297427,-0.119828775297425,-0.11769406046728
Lag3,-0.405032429484371,-0.41143365151933,0.00406000091722947,-0.388734883893588,-0.371262738900805,-0.251208214462949,0.179381648638498,1.63063193775927,-0.355760199727633,0.137506615525734,-0.353817454373233,-0.338922238829823,-0.412435181396849
Lair1,-0.225611743402812,-0.483097375382927,0.237424065156042,-0.489246978368536,-0.455076479306743,-0.481734557581776,1.31873872393759,1.7823816438358,-0.486176955915376,-0.41382946847588,-0.474841180213126,-0.0679894598983975,-0.484734555661315
Lamb1,-0.170945587185661,0.242912411498304,-0.154495679193253,0.0616085400142888,0.489941351580438,1.53006075463168,-0.158377643433387,-0.170878941511107,0.64757976284321,-0.161794656173256,-0.0425591868878385,-0.154246811335191,-0.166369883646565
Lat,-0.103604484734254,-0.113834757758749,0.076801488755261,-0.107122290481507,-0.113834757758749,-0.10691985099219,-0.100224973078492,-0.108109240922075,-0.101582407331753,1.78611394788095,-0.088457721275655,-0.0924098826951524,-0.10957509630793
Lbp,-0.0831825536901456,1.77566620287736,-0.127844483431271,-0.108325163918272,2.17771841580992,0.742448853112956,-0.0903591099238836,-0.130785014421721,-0.116904002457992,-0.132968759684385,-0.130569821331722,-0.0493831873490304,-0.129756583452048
Lck,-0.1413925229829,-0.14096993904469,-0.0682102135532585,-0.148804541199147,-0.0741854732676441,-0.124909233871235,-0.134528866692378,-0.126292070391904,-0.143748509954396,2.02325809859921,-0.101830221235592,-0.151428609181636,-0.144742672350842
Lef1,-0.127857385874226,0.0700808162059902,-0.241330155536325,2.13870444998769,-0.199774453986438,0.23189983466173,-0.235343326966559,-0.244878541570421,1.22390346051686,0.740808904257697,-0.109256518355202,-0.251150700767482,-0.244037850020069
Lgals3,-0.202059926893074,0.314401686021559,1.93812951755382,-0.339789544667916,1.34787477008823,-0.151753394583569,1.56451629875459,-0.00997857682400764,-0.340325646343635,0.947422916859016,-0.31758334124737,1.55863012940784,-0.345715483658622
Lhfp,0.659352031189472,-0.305502777157911,-0.390190854150341,-0.168791595570484,0.0650096358957759,1.76669316329741,-0.398942560717934,-0.407421531170274,1.535919798772,-0.398620279954628,-0.237900987263667,-0.418547324379427,-0.332667370522441
Lilrb4a,-0.244361571979894,-0.247643612388096,0.70373513845537,-0.243068980654671,-0.247643612388103,-0.232427435139701,1.48688610320529,0.00364661046129259,-0.2476436123881,0.337993686086436,-0.240960687055992,2.05884787607248,-0.241129216685991
Loxl2,-0.170923492012615,-0.0531393470411581,-0.149487954807605,-0.0144401432874138,-0.0256026751709942,1.50022524234214,-0.176186540081454,-0.202230108660045,0.23248163885341,-0.193357178745566,-0.164249946400532,-0.210531150017431,-0.197083417883246
Lrrc23,-0.0297617110522149,0.297416413358768,-0.0895597643182755,-0.0749294831639365,2.42084315130905,-0.0347542666607462,-0.0895597643182715,-0.0876689832240769,-0.00863602168332981,-0.0728529271291259,-0.0572351625445402,-0.0895597643182759,-0.0863946882160275
Lrrc74b,-0.0382814916830751,0.018633797018334,-0.0653913019186115,-0.0653913019186099,2.16392253686656,-0.0653913019186119,-0.0646492159186393,-0.0629829863123463,-0.0613828780093637,-0.0653913019186107,-0.0493798444170379,-0.0653913019186119,-0.0643461231441551
Lrrn1,-0.312514576851297,-0.606980680485255,-0.664387230125979,-0.674654353952035,-0.627838471677761,-0.632505757890311,-0.659208861724993,-0.670194783185919,-0.667330223264473,-0.658243826551994,0.211199291685934,-0.6792334245785,1.57384954693609
Lsp1,-0.237528261110606,-0.276002704302349,2.30902056717149,-0.272826985344664,-0.0587198891285391,-0.00513758692615679,0.415350582702097,0.367399214609389,-0.275223015239073,1.7301434511577,-0.259276331739979,1.46259204852624,-0.272839672529848
Lsr,-0.186228096123362,0.180396745104226,0.233090446587877,2.24709358473491,-0.104316737660115,0.453880809164732,-0.0567362610519809,-0.198619829135087,1.08095928668934,-0.0448502207505569,-0.196640822984854,-0.172863083029255,-0.198055573757523
Lst1,-0.353927611019264,-0.345893487181864,0.207483212626799,-0.350723338026046,-0.189232344556124,-0.270014606524088,1.66686538713897,0.853162385695324,-0.267463302871939,-0.206673707206884,-0.29017787699664,1.629049754834,-0.362408464739901
Ltb,-0.137790979122413,-0.139856387250004,0.476143368897419,-0.134434286304705,-0.0707238400971828,-0.139856387250001,-0.107030211507676,0.00106813068335963,-0.135731611644924,1.83859430290618,-0.136198604477815,0.768904090188497,-0.138244169049813
Ltbp4,-0.534277110020326,-0.570046417591375,-0.546915936597227,2.27566853023084,-0.453633034119352,0.672608037425614,-0.562421898650233,-0.566911458246235,1.101936816747,-0.547827963899081,-0.326998314756131,-0.548910267936831,-0.161985826697789
Ly6a,-0.23988366272098,-0.279144755021703,0.905321606075046,2.38970059506294,-0.276693372325628,-0.222567098691695,0.709731002107015,-0.120931382794611,1.12251735599626,1.08450748853286,-0.273919864437889,-0.165892663997169,-0.282732519910275
Ly86,-0.492304186856298,-0.509445064608793,0.511634876540713,-0.495141665936206,-0.495173311520251,-0.494243964109015,1.1803382668732,1.89422618964592,-0.496292760412073,-0.347112645768221,-0.481414643350969,-0.440067814760738,-0.490957392971295
Lyz2,-0.343849034170601,-0.355460884233962,0.120321301385469,-0.339545800550387,-0.337814697611714,-0.303609710168144,2.09505683934209,0.330241608570346,-0.349311381403011,-0.266209655150669,-0.341963513438887,0.565749633402177,-0.344765459435115
Mafb,-0.533487839555345,-0.527635174528503,-0.389717354607583,-0.520416280675539,-0.539493247654054,-0.162843811075402,1.51114144571604,1.63177362808206,-0.469268044487781,-0.50043353405034,-0.384710844575746,-0.480049063102544,-0.490529713058244
Meig1,-0.0415523152073116,0.433897870163276,-0.0660489554609942,-0.0859239026714164,2.42079156198489,-0.0638268640370466,-0.0785048609770001,-0.0831388434231111,-0.0791009996825876,-0.0884611846040397,-0.0714806745703582,-0.0275282720722897,-0.0833296249722475
Meis2,0.0970489726937082,-0.613146658502171,-0.605763994532375,-0.608898426566274,-0.149630856392078,-0.577632036012911,-0.602292152168571,-0.610068161949897,-0.604300841385921,-0.587889457894195,1.71095873002746,-0.607823415109023,-0.197294817162369
Mfrp,-0.119676709997117,1.62192846636069,-0.127256103813269,-0.130169552590665,-0.108538412663632,-0.103674345511845,-0.122386546918667,0.00901697565984317,-0.127409378190267,-0.128691537342969,-0.116921844907524,-0.131521129955823,-0.125624464152297
Mgp,-0.125363834616459,-0.128924013527064,-0.0698392204857867,0.0352403098185793,-0.120896601286541,1.67872470417707,-0.0884636924023071,-0.128596835286994,1.29700331946888,-0.0886101555247271,-0.111582952439391,-0.104820880943975,-0.115340339207157
Mlc1,2.00604932462413,-0.272880390128913,-0.287478088925839,-0.257792026949637,1.7868399064545,-0.273134653488318,-0.284016815971639,-0.27871657467311,-0.213554209965194,-0.279614706166081,-0.143797237015718,-0.292465161309025,-0.247515698718801
Mmp9,-0.0722919835572469,-0.0758205047966907,-0.0632962559889276,-0.0705286290806238,-0.0758205047966915,0.217196113473832,0.0143369383853706,-0.0715216492551382,-0.0758205047966905,-0.0592023079915501,-0.0651028050541257,1.76103510108292,-0.0710980797522514
Mpeg1,-0.523168494174339,-0.532308406757138,0.951651890893337,-0.523628623881815,-0.531226978345717,-0.502384936023408,1.89104349217243,1.78419733755674,-0.524505172775962,-0.40107739521239,-0.515718204445539,0.898542644682232,-0.524565927951592
Mrc2,-0.149962507998236,-0.128658397745376,-0.149479482880899,-0.153691242013555,0.0151133327155127,2.28562094124593,-0.152751759107362,-0.0209768589591354,1.36933390653124,-0.165495950555701,-0.135762059099364,-0.1880928987263,-0.176473089718808
Ms4a4a,-0.194876343900971,-0.197761713382581,-0.101121687863887,-0.19258971505755,-0.197761713382578,-0.173029664112318,1.56676380660692,-0.169776159994526,-0.19158485213665,-0.148327110371098,-0.192796110461851,-0.159447309185209,-0.192453726242932
Ms4a6b,-0.305879149050806,-0.307459538572095,0.343720580077521,-0.29499348866023,-0.310336034000967,-0.310336034000968,1.55770432427152,0.411540513824178,-0.300866682056793,1.21969042930549,-0.306595826518707,-0.239549244606244,-0.303770552766477
Ms4a6c,-0.326973064120503,-0.332811006218156,1.10224267148361,-0.320698390283139,-0.332811006218165,-0.306120600843274,2.10966736375874,0.280197306137204,-0.330788428974725,0.541230112340145,-0.320428626944368,-0.168716929513419,-0.32549125424393
Ms4a6d,-0.395625083913963,-0.396590257183533,0.532852034380401,-0.387008987177786,-0.385451351784183,-0.369368600223596,1.94317950208591,0.957970739862136,-0.395021857737764,-0.343002208482109,-0.392444676097899,-0.103994407981389,-0.393747784080272
Ms4a7,-0.178252058067678,-0.182567796546995,-0.13464980944619,-0.178884540042316,-0.170853526693074,-0.17301136891987,1.3557876342522,-0.155186389678822,-0.182567796546991,-0.180625683835676,-0.17101796411163,-0.160579535919558,-0.1805496203232
Msr1,-0.200921424678231,-0.202398546452343,-0.143139439085758,-0.199622584925428,-0.202398546452343,-0.19672845340297,1.45587142335398,-0.0810597141681501,-0.199049647745057,-0.199492741563685,-0.193803687933145,-0.113795315421117,-0.200347907054719
Msrb1,-0.259014525678183,-0.00631638086439601,0.546446681358063,-0.169440886135257,-0.0737895811560911,0.079727381433935,1.66078318342599,-0.129699890272104,-0.0241758549435196,-0.0292330605118336,-0.255395865159075,2.38125782909286,-0.0949720257150974
Mt2,1.97475977728652,-0.450927826734913,-0.506511743956296,0.608009376785281,1.93929210941453,-0.213636433981355,-0.234726443991621,-0.512460992895719,0.0228367084229052,-0.574530326561956,-0.445958440490922,-0.571734643171096,-0.418099178158906
Mt3,1.94361141440698,1.74427164517694,-0.868599803750622,-0.864977711689176,2.27706602958605,-0.876751866513939,-0.85190711430517,-0.890056369755476,-0.826414479386187,-0.850793057812474,-0.567312139710062,-0.863923428898491,-0.307733597446276
Mxd1,-0.170386143396189,-0.308140163981374,1.04291297047236,-0.111520926021123,-0.220924645017366,-0.00719765808129351,0.47761067409086,-0.0842093159604289,-0.119072978079627,1.23045357319978,0.0457768776526526,2.25848067727709,0.0420095009442921
Myl9,-0.0229885531633524,-0.157880820496212,-0.17978021396402,0.177600102423286,0.931723522335348,1.08672982885487,-0.169769335945141,-0.182170014062958,2.34217532628772,-0.182340464989672,-0.131772254921438,-0.201063612836439,-0.153812319295647
Mylk,-0.206870098535939,-0.274138810349256,-0.164764607177518,0.306788674249027,0.0754207880577679,0.859338679544922,-0.232637582743231,-0.269502989071438,2.09964634844891,-0.264127657642522,-0.217232889260894,-0.276067733917429,-0.176098622823296
Napsa,-0.11398075919728,-0.114492401545904,1.75421286438884,-0.0930071018927269,-0.114492401545906,-0.107575754980969,0.188023352176484,-0.113128840264217,-0.106322112791073,0.0794860669558898,-0.114492401545903,0.335543175769374,-0.114492401545918
Nbl1,-0.129221217869994,-0.348766721502468,-0.14685670783607,0.141363213338284,0.567193203042416,1.96717418498253,-0.285228686526281,0.0143731587346061,2.24321521450171,-0.351700188877121,0.107492877460032,-0.361167857575915,-0.172028581699097
Ncf1,-0.492066957459598,-0.497430144507716,1.72872819602201,-0.488830053789239,-0.498917065902623,-0.470725968205185,1.37995707705721,1.74195669665691,-0.489943723025903,-0.104885728723949,-0.482024907644196,1.85449461742502,-0.491029272058038
Nckap1l,-0.493811362651994,-0.491016448674554,1.27749359109766,-0.495103557268198,-0.488087030839478,-0.465452796065115,1.20972010136611,1.85077209897004,-0.482101478764905,0.538350148518839,-0.481209631648784,0.560545195352647,-0.49433271022881
Ndufa4l2,-0.107746596763832,-0.120567376492264,-0.120567376492266,0.0786334307603591,-0.0633497481845746,0.565771698303329,-0.118293236449023,-0.114280420232843,2.10691489352615,-0.117749562108939,-0.109663490043613,-0.120567376492266,-0.105086330674728
Nfasc,-0.194581273289277,-0.278348529620006,-0.731259834450016,-0.727308023970047,-0.592841448862169,-0.695209503266988,-0.725050046395927,-0.731831688696516,-0.720969318589401,-0.728299312071213,-0.0600271234021191,-0.71675047325412,1.38185153472499
Nid1,-0.152074214638236,-0.210520005085855,-0.176066796454818,1.16049861411634,-0.122079167336103,2.21209118302547,-0.178186999966369,-0.201666299639659,2.10143617263124,-0.147866641693199,-0.12299807704368,-0.193817094924204,-0.14623836495332
Nkg7,-0.103940396248992,-0.104797566276047,-0.0717471734345255,-0.103611322647461,-0.104797566276045,-0.104797566276046,-0.0971056910323325,-0.101454441799095,-0.0966575738814339,1.72855715223663,-0.101760022005449,-0.104797566276046,-0.103905299248496
Nme9,-0.0543178667545033,0.00696531742569717,-0.0558183471931735,-0.0545056515859841,2.09821196288666,-0.0558183471931731,-0.0558183471931693,-0.0552851630172644,-0.0558183471931735,-0.0558183471931737,-0.0558183471931724,-0.0558183471931732,-0.0542564292788116
Notch3,0.404678440045106,-0.191075399019182,-0.157649650050858,-0.0402880668830713,-0.187267050531916,0.168737447025109,-0.193087018614391,-0.188215797830828,2.30010419222889,-0.196151101665775,-0.18234075502344,-0.199053309525477,-0.185577433087131
Nr4a3,-0.246885658619791,-0.294004276541112,1.65642129148667,-0.215020801314031,0.154872845763695,-0.0495305435664193,0.689300844165767,-0.0846201766336126,-0.0731803272802277,0.836435627922267,-0.193501977774867,0.430196002193122,-0.225476568352138
Ntrk2,1.87342702869008,0.154327188721956,-0.810377478180462,-0.822993780245177,1.55475642692282,-0.713074812916295,-0.830001559489592,-0.839318192253471,-0.776297404098148,-0.823544803609851,-0.204009005027642,-0.848720201301836,-0.0353840236182419
Ntsr2,2.02791914932658,-0.27179174669235,-0.281666500772737,-0.274128610940492,-0.142692052900384,-0.28302060611308,-0.289123919775493,-0.286423149646444,-0.255935522852048,-0.28997041291659,-0.221268475393458,-0.292371104385275,-0.183960297243788
Nwd1,1.49552078038662,0.103986645149638,-0.380856497797457,-0.376533290334528,1.01344715632796,-0.368539513150806,-0.382596160247511,-0.381978718777896,-0.379866705375808,-0.373949231563215,-0.28742438560997,-0.393365892637483,-0.252175440008379
Ocln,-0.156230383416568,0.23186336659907,-0.129222220703999,2.12926371716896,1.3134074454427,-0.0914209096107282,-0.186010200573415,-0.1425394487524,1.00580234593756,-0.194704063941121,-0.18029972863914,-0.197604714171415,-0.187365473888287
Odf3b,-0.0932141697508642,0.0431345666136634,-0.093579177113399,0.413229157941711,2.34118317265989,-0.0565547784296006,-0.0970380751440201,-0.0961637128309431,0.214757020259087,-0.0949962108419924,-0.0725682753192325,-0.0977895329204004,-0.0962019654730983
Otx2,0.0669004337541717,1.84182739421966,-0.134381142764581,-0.133028096466288,0.805981736045681,-0.127411880482134,-0.134381142764584,-0.132491797611546,-0.126276637637623,-0.134381142764581,-0.0944166010699085,-0.13438114276458,-0.130154715157129
P2ry10,-0.13284036328352,-0.133355697079437,1.7199133094998,-0.13335569707943,-0.133355697079435,-0.133355697079436,-0.0653473163369719,-0.13063171468866,-0.133355697079437,1.87371140418948,-0.133355697079432,-0.133355697079435,-0.132826689257333
P2ry12,-0.374935806251139,-0.421689975965746,-0.357169090856973,-0.408507839607665,-0.358191386973964,-0.409479845738556,0.0658979688843447,1.99841783376102,-0.391802517709993,-0.414971546503509,-0.409829565046493,-0.307756097567677,-0.421371981070437
P2ry13,-0.403113012271778,-0.404466214671554,-0.284015639162038,-0.405613777648798,-0.390564863605317,-0.404768376468905,0.179650162323728,1.86651750287209,-0.406721440228038,-0.400206265896309,-0.404004684601027,0.272623546668146,-0.406366957193966
Palmd,-0.265305444063048,0.440468436837342,-0.359981824474076,2.0941865851749,-0.00159552315779901,0.212769067972327,-0.357538485345723,-0.366579004724622,1.09098021024037,-0.362624078436987,-0.101024211164983,-0.371617456247819,-0.267608135431706
Pcdh9,0.437982166882116,-0.739176330060097,-0.747588212791032,-0.745293047559553,-0.632965296589091,-0.726777876173238,-0.748602865674055,-0.753648356928972,-0.74037479778593,-0.74060211071767,0.743441895778277,-0.749671104863553,1.60356029030606
Pcolce,-0.208846036254256,0.898074198776657,-0.254814293543728,-0.248446337437776,-0.228752463426655,2.13543286877487,-0.246246578970162,-0.263800366402041,1.06678514348566,-0.266471302214768,-0.266666007870992,-0.281425201145663,-0.241975245320186
Pcp4,-0.344140507320713,1.46406516663831,-0.461538148324314,-0.421888783783138,-0.144724232714788,-0.442045472487055,-0.434874990776463,-0.422832201231534,-0.424208379758476,-0.436951155865469,0.111143808168598,-0.403040336586533,-0.0473947362225547
Pcp4l1,-0.19545778384873,1.90230409295477,-0.222989384834513,1.81386596317892,2.07727427523963,-0.0969513714981197,-0.21566005698918,-0.218097270784913,1.44746046571821,-0.223649305267463,0.0523385505516826,-0.229842288010652,-0.201464746426488
Pdgfrb,0.374449380266294,-0.160890913968377,-0.16396966321535,-0.019145321905041,-0.161819400947163,1.6128174814253,-0.153563003233554,-0.153864705992844,2.26977824614774,-0.170619322660349,-0.146380700014376,-0.173494047442545,-0.161352797411689
Pecam1,-0.292015353694901,-0.310003277580475,0.137456482574624,2.45398199210373,-0.287002451315706,-0.274983160909724,0.0279407184667252,0.290962193113784,1.1082093908701,0.458746046362468,-0.277350203509844,0.0914339097883268,-0.294915484785995
Pglyrp1,-0.170142487464115,-0.157635882578644,0.108779143873414,1.67362532948669,-0.122742783584025,-0.131212455833768,-0.0655266429535257,-0.173508021348788,0.810255605658891,0.33272311246688,-0.16161649357117,1.17960889784355,-0.165036218109667
Pim1,-0.333840642051542,-0.412952661389109,2.19975577779205,-0.164528132736984,-0.215443385116187,-0.203508386162734,1.4129326956932,-0.0157115966613103,-0.205883250147284,1.57242322867004,0.0296387818513522,2.20646156550953,-0.402460836725689
Pirb,-0.232050374865728,-0.232585127336846,1.63737769115654,-0.227663878589411,-0.220652441191267,-0.226545368797231,0.998217409855273,0.184016976262265,-0.232585127336845,-0.144932634738121,-0.227535225628507,1.22330039132623,-0.231098339277499
Pla2g7,1.99924819508068,-0.415788570805463,-0.257060175013095,-0.417855141485737,1.08698541727437,-0.19390474829147,1.56708881569267,-0.373194195462018,-0.258238634028596,-0.414321864212729,-0.379129040862886,1.31454199911049,-0.299932326340148
Plac8,-0.201428489834764,-0.205671627481306,1.97772248790708,-0.197726690613459,-0.205671627481301,-0.0767813185630834,0.813030816382615,-0.108689957682418,-0.198621938206096,0.877405348285752,-0.196913673466198,0.66958147108475,-0.20183730069277
Plaur,-0.291707918886303,-0.307334314216481,0.732214547063133,0.022407985326162,-0.307334314216481,0.402515643324795,1.14919195548177,0.0901881340194971,-0.166480296905714,0.218380299857837,-0.291233315624855,1.9861650959959,-0.301473056629765
Plbd1,-0.188041255695129,-0.0601933432721896,2.01112566502519,-0.185601580066057,0.23925808494003,-0.0754957658899319,1.08793832601315,-0.185889775339842,-0.186439623931628,-0.121207786932733,-0.185984251401996,1.13526679987764,-0.186994365858679
Pld4,-0.494029886341127,-0.501083541571961,1.35094209403604,-0.49475940080797,-0.504958781559359,-0.489128424205027,1.61507085233679,1.75424390082182,-0.48661671563501,-0.336369838978796,-0.485121414674365,-0.375938272383912,-0.496494485694064
Plek,-0.497802601626667,-0.488594971532306,1.50824916188045,-0.496507352772605,-0.520232568957079,-0.468338635585919,1.55823048996293,1.78178177732256,-0.497865962532902,0.0835676016856592,-0.480909683833303,2.03065223318358,-0.500358151283608
Plin2,-0.363195400820173,-0.376911896394788,0.623143499256278,0.0884649904334568,-0.145740814691476,0.078106535870765,1.65567888711018,0.0611600101088981,0.111758591531272,-0.177454046521038,-0.180802087346238,1.5120267159233,-0.417379583610164
Pllp,-0.800488879058624,-0.810580761001694,-0.808741738410231,0.614372687844008,-0.793368785277563,-0.800966781843743,-0.80657755201066,-0.819313014688232,-0.143860212062335,-0.808380605445191,-0.791626651730553,-0.83733064195964,1.74848859778822
Plpp3,2.21547048657748,-0.546288083670005,-0.580841402880718,-0.456814331260417,0.435391284754067,0.609339378046088,-0.570539610591125,-0.563139160349836,0.135639226555025,-0.576525202418972,-0.405164734290406,-0.596865592955608,0.185988042412368
Plppr3,-0.298966376003501,-0.305642708064002,-0.293015441246397,-0.310895752342297,0.547521942450556,-0.170063752474077,-0.194532612778613,-0.3120592181949,-0.288013559489984,-0.298109558428068,1.81918972308793,-0.293144429795604,-0.25130033980761
Plxnb3,-0.463861563956556,-0.503285889834372,-0.50571920018463,-0.509460057833819,-0.266621433748836,-0.511081190093284,-0.469086987920636,-0.442317052057552,-0.48457526610132,-0.487168565842387,-0.490273983622093,-0.484696974899244,1.17039766523886
Pmaip1,-0.498160695999051,-0.510365469852506,1.86273048786179,1.40753598807126,-0.491182294743566,-0.359851926306656,0.692433269900305,0.0874011758760948,0.512104685861598,0.185765601543376,-0.50175905352353,0.73933576180074,-0.500397689548362
Podxl,-0.194036216155189,-0.219659647649964,-0.209209006617429,2.31038016077401,-0.00415596735238991,-0.0930770213206891,-0.214747246627844,-0.215477238848189,1.07624385571737,-0.216591461197477,-0.141942204395983,-0.222446184174193,-0.203312072363957
Ppp1r16b,-0.439594039288851,-0.549462963004476,-0.0123372027135712,0.399310581658297,-0.513166710880976,-0.551180510363767,-0.494358883935753,-0.509218415333912,-0.118128163322783,1.13776960824703,-0.258428841112546,-0.503311580864223,1.60100705201254
Ppp1r1b,0.206628130790633,2.17911296406573,-0.224474787426849,-0.213163091380044,1.11462537539291,-0.133946426188662,-0.2177202915235,-0.211154170828131,-0.195358792385382,-0.23267395254881,0.0963206279870771,-0.234543897024458,-0.181461908461181
Ppp1r32,-0.0568347484165835,-0.0810797243004231,-0.0768964508412652,-0.0757770438190663,2.17313837552527,-0.0605949645837531,-0.0721202343693831,-0.075964410358432,-0.0689809130927649,-0.069978306131389,-0.0524408369295446,-0.0810797243004231,-0.0637288115072037
Prelp,0.47983300421641,1.1791069692838,-0.188782298369382,-0.164612517890907,2.23829303346191,0.858808258404465,-0.1858870879704,-0.188479117349671,0.549545150894089,-0.191787926702488,-0.179147585609915,-0.191787926702486,-0.184163555384365
Prlr,-0.102413643485378,1.89671004985313,-0.108027793334052,-0.094632683969214,-0.0510839550516496,-0.0873291600536235,-0.106518954575971,-0.106395565654888,-0.0998777064798836,-0.10802779333405,-0.0845157535883193,-0.108027793334053,-0.0974022981483277
Prom1,-0.102456050616534,-0.230369093967139,-0.227525191662823,2.09638703056223,0.118409493095738,-0.204612758516931,-0.221580186605022,-0.212137914173477,1.02143169950999,-0.230369093967139,-0.10338289140406,-0.193606333182466,-0.159868815519526
Prr32,-0.107867782968317,1.98148559805383,-0.109910765955364,-0.101902037619864,-0.0988040400189451,-0.0961017142836439,-0.109175029698655,-0.108833261010556,-0.109910765955364,-0.109910765955363,-0.104527089276202,-0.109910765955366,-0.106189157611162
Psmb9,-0.538295531427964,-0.577761392831432,1.9298510336083,-0.100382218137328,-0.506071648697915,-0.248671315889965,1.20151974360997,0.351810993106164,-0.325673948395763,1.05740293367711,-0.556150054751886,0.116322881137374,-0.473508164886906
Ptafr,-0.365186068989057,-0.371158301405936,0.438800496647245,-0.360954349215731,-0.371158301405928,-0.361757828137584,0.571887178892219,1.30043705583273,-0.362185931714034,-0.342356382314076,-0.358182115534945,2.19629984054517,-0.362592938624734
Ptger4,-0.112885984924789,-0.22763818380881,1.68436785778513,-0.181492624236517,-0.189696576906732,-0.156507721082107,0.883021588525346,-0.0211443331238721,-0.185997244981467,1.12549755357634,-0.215281276011986,0.00246656190763005,-0.22421033417896
Ptgs1,-0.277073730138994,-0.442724113799272,-0.435331878483915,-0.45826206521645,-0.4769093209595,-0.28436978230034,0.83794617878971,1.94201399414223,-0.460848124010824,-0.419853417284829,-0.428691710184953,-0.210431529922819,-0.468210759675054
Ptgs2,-0.186062337051719,-0.200046371679813,0.234611564038076,-0.135399945365226,-0.190341027427405,0.322064704120498,0.574607554337822,-0.0278441893374175,-0.161981495248346,-0.17104904162941,-0.0969662214270865,1.36540154992382,-0.179792494829048
Ptpn22,-0.124786634727613,-0.153546220755413,0.591490739137742,-0.140683743912785,-0.11935993689717,-0.0801391232577857,0.180731338811512,-0.115974862240862,0.237095281631157,2.00932836257929,-0.136079825961095,0.346712492993557,-0.147094732891876
Ptprb,-0.182291367311476,-0.174274414739904,-0.192205131330585,2.41149983131621,-0.179641323262946,-0.152576667080333,-0.187989272469951,-0.191096218473257,1.19429921256855,-0.18460559380254,-0.171494833813915,-0.17783671974559,-0.179538389002374
Ptprcap,-0.108853090735737,-0.110385606747539,0.291537622816506,-0.109044884812899,-0.110385606747538,-0.103479824719105,-0.0990590854570468,-0.0994942513422947,-0.102228151726451,1.6691675918309,-0.108575353206106,-0.088989003413542,-0.10666332130299
Ptprd,-0.0889132043095645,-0.489524478946846,-0.573403956144048,-0.317596008924534,-0.156935238013861,-0.246598434647656,-0.571707236678173,-0.574240611185068,-0.376650418610022,-0.57472752895254,-0.111494226742103,-0.567875829413882,1.60109899379007
Rab32,-0.348729102062375,-0.381872111254955,0.656927336448453,-0.313798245787578,-0.362227580943734,-0.289262503749449,1.60929777340415,0.750595572819776,-0.36152387771817,-0.271534988521545,-0.37339712322545,1.46597441401959,-0.317428309459472
Rab3il1,-0.417872148147905,-0.422180969239819,-0.194739799048816,-0.458274187295292,-0.461808939435941,0.0503992291307955,1.32829534557691,1.68843640984231,-0.45271390354067,-0.453814139304101,-0.428356955156768,-0.424885294214037,-0.442811299982674
Rac2,-0.487131651926321,-0.492928714526549,1.54572928908243,-0.477579446406178,-0.487096337142608,-0.443179955048836,1.74221894600874,1.22377107178729,-0.486345922645857,2.41918335885273,-0.482712290785338,1.88646118543958,-0.48982901567099
Ramp2,-0.112723720522456,-0.401316223642945,-0.446213073118403,2.28807358097328,-0.429463870387756,0.579473090406996,-0.438769177647782,-0.434060178426897,0.948973651083661,-0.42345633525429,-0.356455415339378,-0.417964501476242,-0.178945703979737
Rarres2,0.48651949514613,-0.0165264197509941,-0.176257104074686,-0.111651463317271,2.31735903840695,0.646578221832128,-0.17339434834644,-0.172441799820885,1.79348946907661,-0.170839318793163,-0.14668629629521,-0.182376421682121,-0.161815198254883
Rasip1,-0.218280808997182,-0.228018676723055,-0.0942672104849283,2.29873739017868,-0.192518573646142,-0.198212196638253,-0.210718766139843,-0.215880219853789,1.0972675341635,-0.215237463464954,-0.182660411824104,0.106818540134686,-0.179711106153304
Rbp1,-0.343209269097888,1.9667670061473,-0.520516828270905,-0.489300137835648,0.626576298932155,1.21010861374553,-0.514411133556385,-0.571472342469047,-0.544007535984482,-0.532547282696348,-0.443938870663707,-0.565934744788151,-0.534944699908101
Rbpms,-0.262410374221274,-0.262373207138147,0.452370647559452,1.7346405719486,1.00039453081805,1.10645939915735,0.0766512996744718,0.135782427829893,2.13915903282243,0.0596245903044529,-0.2429085056215,-0.0968330174394821,-0.250500911982472
Rgs10,-0.581140473109843,-0.437677629464405,0.63746234585403,-0.562604653092771,-0.506755400330197,-0.526367810665622,1.11077434708243,1.87273026340648,-0.319539369792697,0.227495468787859,-0.450034539477108,-0.445004898864219,-0.577362335901641
Rgs22,-0.0724311472323642,-0.0702444444263836,-0.0968240146893247,-0.0941565015771632,2.09176565707941,-0.0968240146893245,-0.0960728362066293,-0.0946570602596326,-0.0968240146893248,-0.0940317308025603,-0.0734129798828307,-0.0968240146893238,-0.0862441653730149
Rgs4,-0.0679024707919114,-0.172883234657398,-0.185223277955903,0.0289682109262033,0.816379988233962,0.23869165855054,-0.169057691487653,-0.160768523783438,2.31104187770123,-0.171583409916683,0.171410598498831,-0.163213251087415,-0.154297310966567
Rgs5,-0.0438349042323167,-0.143434900363895,-0.173378494088057,1.05960044660351,-0.135961721143506,0.0793660321125289,-0.163552988838521,-0.145669606447229,2.43355307623885,-0.157858305378227,-0.112884602978096,-0.153494454651986,-0.136155333143417
Rnase4,-0.450621277343674,-0.453367750707896,-0.382345670569374,-0.40195474336407,0.383611420883625,0.127370320055256,0.959808831806502,1.90947695915098,-0.438830245340214,-0.271663823086686,-0.412866661247289,-0.367555513838638,-0.444439460884533
Rsph1,-0.104464585807202,1.71405508940007,-0.139639295114318,-0.138369921938193,2.44087714904121,-0.127516031617409,-0.14139641438302,-0.143178053694122,-0.132125526506313,-0.12891472610227,-0.102985236259713,-0.126032192665042,-0.134480306665806
Rsph4a,-0.0848477093273542,0.591018178441438,-0.0939850343014171,-0.0899881390251443,2.28477853427194,-0.0871226400307774,-0.0909836052770576,-0.0896558634921198,-0.0939850343014172,-0.0939850343014157,-0.0562085532193562,-0.0939850343014168,-0.0860588221371168
Runx3,-0.269002444725787,-0.272361117930054,2.06529822188838,-0.268831644015004,-0.272361117930059,-0.268317722216825,1.61864542533428,-0.168964835675428,-0.269972987336927,1.55884228340034,-0.270823495167182,-0.00986623369372005,-0.270933602530093
S100a11,-0.226717202793161,0.407632710333793,1.94349823949063,0.843845249701075,1.63589409379297,1.79947164362917,0.500087209593683,-0.430945202255426,1.15801331832748,1.68807520038326,-0.293647855979682,1.95602896594302,-0.445448284981398
S100a8,-0.0445397662993963,-0.0494189416141383,-0.0437586652821071,-0.0480987999509728,-0.0520310511854641,-0.031776836493516,-0.0357901824767353,-0.044311336938624,-0.0400684056330316,-0.0492869317755872,-0.0449519081863373,2.01887939198963,-0.0426734307085125
S100a9,-0.0454271373117962,-0.0506987606020636,-0.0352183946045446,-0.0546182097399505,-0.044769692606308,-0.055930963187915,-0.0381865769812311,-0.0465998289737039,-0.0519373210579338,-0.0476860245969855,-0.0382060605305776,2.10194517786418,-0.04499705603229
S1pr1,2.09088992581273,-0.434092644249492,-0.42922891781173,1.72806499902477,-0.0475278594268037,-0.305916804510669,-0.30481415351973,-0.202219720526486,0.561409271937833,0.171776241316722,-0.397700053771481,-0.441395423366809,-0.368832540808197
S1pr3,0.051942204409245,-0.186019445697838,-0.115613328681889,-0.124917929227959,0.532980864511496,0.882879660835618,-0.165746503092492,-0.182142595667697,1.83148325068224,-0.120773993218698,-0.139608462613384,-0.166732404024974,-0.156960152013276
Scg3,1.82509831932143,-0.693384731715559,-0.706533994440788,-0.690860562540845,0.604058348306248,-0.708518756596559,-0.706076212638014,-0.711938030412426,-0.658154525931358,-0.707059727224505,0.768534045252325,-0.668499960506791,-0.0101127898010605
Sell,-0.109648125900287,-0.110158920209518,0.556745353071036,-0.107477709197493,-0.0987608463221411,-0.110158920209519,0.10108323278992,-0.109354202345411,-0.10626124470509,0.835175455834678,-0.110158920209519,1.34373583369927,-0.109095502438
Selplg,-0.454635535068456,-0.464217327070861,0.792903898019195,-0.460480337096738,-0.46028186394017,-0.46515738619076,0.322138504289572,1.99698503222521,-0.45896035519057,1.18930715841026,-0.459447999394045,0.702071442408552,-0.462503112406272
Sema3c,-0.202919616779068,-0.0376062216708044,-0.215276027569367,2.11410197244968,-0.117064099981479,0.0140041911183461,-0.212805360955253,-0.21102814236195,1.01791372523425,-0.214742922798673,0.00154546830599065,-0.219206400746353,-0.190864896857843
Sept1,-0.157003529629748,-0.11725059907233,0.906295791762306,-0.0168590170927033,-0.116637231693336,-0.0319248007571926,-0.14813435234929,-0.141354223346164,-0.0852019919200929,2.15321892815245,-0.0404448636875221,0.143140980855315,-0.0237691169554107
Sept4,-0.0537224329514023,-0.271735434455546,-0.333343051499296,0.441374923454093,0.119947985647275,0.465633219020683,-0.345949772593386,-0.331106391920516,1.91749331314112,-0.311667350864349,-0.200457031691874,-0.339350170179705,1.41046894520504
Serping1,0.0902541630441952,-0.150487490750749,-0.148693318322134,-0.152166724237251,0.285351572239014,1.91437395700307,-0.132385430597171,-0.129857933079367,0.440733449571329,-0.141683382398184,-0.028229168463474,-0.161383636653118,-0.131634643897444
Serpinh1,0.702435274143736,0.209686353482148,-0.327455252799009,1.79124858126639,1.48456316828451,2.26786269169566,-0.408363063023012,-0.436180679485004,1.93718545632678,-0.405232311178179,-0.312360090681287,-0.409849723365226,-0.327381967773008
Sez6,-0.0759258040178296,-0.260983038793592,-0.264555858293364,-0.259051529540628,-0.211260215235715,-0.229521739660716,-0.267361574938646,-0.266096179279907,-0.232068061237582,-0.258213127789819,1.68555909828543,-0.273546283848792,0.116257333033701
Sfxn5,1.84424597306391,-0.263951648181629,-0.426130155939102,-0.327206210610163,1.1935084965178,-0.263398064293253,-0.176065600378122,-0.299756559142247,-0.30360453695905,-0.433551665495541,-0.086063005843429,0.413384158716433,-0.127715486369832
Sh2d2a,-0.109938372098337,-0.109938372098342,-0.0676379122588239,-0.109938372098347,-0.109938372098344,-0.109938372098343,-0.101633679563463,-0.106943762513156,-0.109938372098342,2.01730172042912,-0.109938372098344,-0.109938372098343,-0.109406708139874
Siglec1,-0.186330136396399,-0.18885726986185,-0.0927739429093889,-0.188857269861846,-0.188857269861852,-0.169622824628374,1.34325672726283,-0.093568853434625,-0.176667809488194,-0.180754111293358,-0.181499590037187,-0.122737828799676,-0.188309529533903
Siglech,-0.395973096215799,-0.396440564058141,0.0813124518560649,-0.397179018875417,-0.396062085338321,-0.413110607016603,-0.103328550771439,1.96582621351642,-0.380694970825641,-0.386152986250283,-0.388969164466907,-0.379821643355938,-0.398337383980525
Slain1,-0.538409261810625,-0.577614020240593,-0.546205232533383,-0.66426364138429,-0.234767915211205,-0.671497262457312,-0.660892582278226,-0.662057966477775,-0.667173320473644,0.0586700453224072,0.564648973604352,-0.66200646623534,1.41516914364106
Slc13a4,-0.105052926802702,1.43177576971547,-0.104908934200174,-0.102437277532978,0.665628092237262,0.505183094619507,-0.100080797254579,-0.106416145302482,-0.0969073495834015,-0.109137682469979,-0.105518906211354,-0.109137682469981,-0.10169667054197
Slc16a3,-0.398930816397643,-0.410009038960985,0.269822028063273,-0.362698978852369,-0.349410275447164,-0.127415295412743,0.595917552609091,0.270100612609558,-0.316782289791215,0.0215139103760832,-0.355028355895222,1.83819526766591,-0.321827850810286
Slc1a2,2.33326909642835,-0.66555220764962,-0.718571137298694,-0.614596380383831,-0.0239296993045447,-0.681405108288186,-0.715126810554626,-0.712236360250501,-0.554694348197523,-0.727272979368354,-0.302761879171858,-0.717567311227254,-0.0475966509803308
Slc22a8,-0.180636178621013,0.12846301571052,-0.195194734099712,2.13502659136016,-0.176626581453984,0.470307071412528,-0.190373231927661,-0.189836835680275,1.93798993015255,-0.190642873776362,-0.166489938574248,-0.195194734099711,-0.185652513364007
Slc27a1,1.95655959315187,-0.142073019996212,-0.176485725540307,-0.296412948560442,0.783790525324729,-0.152809043764986,-0.252860995546963,-0.37348418739111,-0.357125872438954,-0.444141952907825,0.138469566859087,-0.519690972560779,-0.0416531615425361
Slc2a5,-0.356485196365405,-0.36474321485645,-0.366909284262098,-0.359080999209543,-0.354697460514076,-0.372457821081551,-0.269344432100775,1.76477153471323,-0.356148374384058,-0.363618327970348,-0.351266578934278,-0.349569669413539,-0.3624961199864
Slc38a11,-0.0835940253156444,-0.0866311656275382,-0.0866311656275389,-0.0281762240314368,-0.0301545026225716,-0.0387305884862888,-0.0851347055953592,-0.0831236862123682,1.83717576380795,-0.0838498417935302,-0.0776622642210625,-0.0866311656275396,-0.0818889206712021
Slc38a3,1.65202830825801,0.305080579003405,-0.715639221136334,1.7462178079404,1.31366986498543,-0.291346510036516,-0.714044038004961,-0.726823309620039,0.393445476870763,-0.717063373923038,-0.68220280199867,-0.716552638424898,-0.144229945494052
Slc39a12,1.73070967660579,0.575963051435118,-0.264348108286131,-0.253722575828319,0.701689946231444,-0.247637747690927,-0.263782503230339,-0.214742600633194,-0.245620133276164,-0.260408471702636,-0.239872471129806,-0.266344523096801,-0.247509396633315
Slc4a4,1.71259799270049,-0.250059693508509,-0.262306889606741,-0.262415120842058,0.23401638316178,0.112761532638832,-0.282153659835997,-0.275770430139547,-0.244112572183637,-0.272828655955937,0.167008069729767,-0.254252312389381,-0.18249130682966
Slc4a5,-0.0904423987371877,1.49215139791045,-0.0980688238561459,-0.0940656361460484,-0.0640329877357608,-0.0774492300160183,-0.0943111310244182,-0.0961718298259875,-0.0980688238561459,-0.098068823856148,-0.0854568392743234,-0.0980688238561468,-0.0911886253003994
Slc6a1,2.00784895440905,-0.616268980527879,-0.620108131434874,-0.617865257499341,-0.00104837643260023,-0.489929448222831,-0.623900267120094,-0.625763545432072,-0.606344625797301,-0.619345947911633,0.224331750058668,-0.639184943722214,0.526223155686528
Slc6a11,2.12665820151298,-0.270728990394156,-0.3047371264435,-0.275871461684733,0.175480688992501,-0.281493139813385,-0.302007082409034,-0.293549241666192,-0.253264795939247,-0.295772781146162,-0.211802997967781,-0.299117993867352,-0.144347298106416
Slc6a20a,-0.0950831172363216,0.120585373068952,-0.0863574233660209,-0.0123148209588623,-0.0918663092204446,0.544130960660203,-0.0957038166207136,-0.0988895370149676,1.95494785111885,-0.100434967411178,-0.0779600260079663,-0.103234143910008,-0.0963402665682256
Slc9a3r2,-0.233556361827515,-0.276465831967084,-0.10795076258185,2.33894705519515,0.072695195180146,0.367655213058641,-0.312709937699452,-0.310647110752559,1.81634600438388,-0.311174330497435,-0.131301272943009,0.175199645017012,0.287390702664988
Slco1a4,-0.149925795333045,0.250385030781737,-0.193146369936642,2.30884814315783,-0.15367593630065,-0.173541839553459,-0.192782019776442,-0.186890067981172,1.10718092589125,-0.191131037565528,-0.172822086565244,-0.193146369936642,-0.184394067542178
Slfn1,-0.124834878426185,-0.125348645284365,0.372488942233093,-0.124000238173278,-0.125348645284369,-0.118403278497902,0.373596700377126,-0.11768099512604,-0.125348645284367,0.56909841572634,-0.123528015155873,1.63922995236578,-0.125348645284363
Slfn2,-0.289487468324585,-0.321193382157538,1.45963475712111,-0.0328746447718011,-0.315621568790325,-0.270871352706505,1.41280082092491,0.215331204934167,-0.189657903529045,1.78161822364733,-0.315558998929293,2.21482307897974,-0.311611697903512
Slfn4,-0.082103664478414,-0.0826090674270333,0.0262204880885307,-0.0719974225685739,-0.0826090674270328,-0.0826090674270327,0.236388349926555,-0.0809927479939887,-0.0785737407591793,-0.0826090674270335,-0.0826090674270319,2.01311468400966,-0.0820829706522433
Slpi,-0.188436407423716,-0.193062935934803,0.0881784985496625,-0.179206984615925,-0.160505773410211,-0.174426807271641,-0.0921067587590166,-0.18063765930426,-0.166336666179644,-0.163936152440538,-0.182735706090356,1.2183795995055,0.284692026388694
Sox17,-0.169227686412232,-0.163261479276232,-0.179441569719259,2.27312104423491,-0.147012094623514,-0.177807187842172,-0.17922792340167,-0.177630362857502,1.12819837570093,-0.173374793323591,-0.167263719691007,-0.182026491683861,-0.176029059598273
Sox18,-0.172428511136428,-0.168337541474395,-0.175217057327667,2.22691888974001,-0.165137302233352,-0.168669019120342,-0.177005746978613,-0.177729041218752,1.0710838920036,-0.182864067094386,-0.146606342842436,-0.140608272895662,-0.172692956434311
Sox8,-0.164246625460324,-0.681416934246071,-0.64594136261898,-0.67473023753831,-0.510535218643425,-0.593472833430921,-0.663298995871003,-0.666462616643838,-0.65255565858235,-0.645016390483572,-0.344874687167376,-0.662863688497559,1.23980302146496
Spag16,-0.0675010991351717,0.707192409963975,-0.0949229858743616,-0.093590205706985,2.13739067446297,-0.0880581102503549,-0.0949229858743533,-0.0935696308175924,-0.0908684187089329,-0.0921327461046044,-0.0607319063101364,-0.0949229858743603,-0.0885797233299453
Spag6l,-0.0849108806521933,0.635192941074698,-0.0837551612621917,-0.0866203704455529,2.17226839519321,-0.0879495689915143,-0.0872009576033222,-0.0860599635901261,-0.0879495689915133,-0.0879495689915143,-0.00898300794045554,-0.0879495689915135,-0.0847864609422311
Sparcl1,2.15403467924603,-0.626784149088702,-0.638930159413984,1.53498228417722,0.931430724366486,0.972327026016506,-0.634004501269743,-0.643179681435934,1.81699975386174,-0.627474191612879,-0.35692314641602,-0.670766387654189,-0.108006235962646
Spata18,-0.074605194909423,0.433586941611673,-0.0751091301599394,-0.0698187159223251,2.12891440482411,-0.0682966721436439,-0.0736193360435647,-0.0737661088132453,-0.0751091301599393,-0.0751091301599393,-0.0751091301599411,-0.0751091301599399,-0.0745845611784483
Spi1,-0.477464332138226,-0.487152221302502,1.60096931493345,-0.479888002051042,-0.485508840498472,-0.478967000855505,1.55022266919566,1.6838541250634,-0.480005407981041,-0.348211146166039,-0.483150384425546,1.51402038920086,-0.482542090277324
Spint2,-0.170959802347477,1.7831880455185,1.3449984385774,-0.132554688468247,1.5231209453783,0.0250134282835691,-0.158752080216667,-0.170229569961405,-0.0613928375908607,0.815543502218599,0.00920636117273568,0.0635300036551255,-0.165092779648722
Spn,-0.13093211097545,-0.132473600152934,0.459095847355984,-0.127086300618479,-0.0067359548534931,-0.104724731915937,0.0884754360344904,-0.122901348547416,-0.132473600152933,1.97319801604555,-0.128836612568473,0.104713272782875,-0.131409406835909
Spock2,-0.312028765037741,-0.573374657541432,-0.588797846122815,2.3950376070679,-0.468900812654885,-0.338854329792426,-0.591820975440857,-0.584391778540201,0.99617032945305,-0.408559913871097,0.253146792921094,-0.596710015958863,-0.025322212195712
Stat4,-0.125835180886754,-0.12892197772948,0.629502839184375,-0.127571735316674,-0.128921977729483,-0.12196715768258,-0.0551570278192215,-0.123163412846614,-0.120706596549077,1.47104559151232,-0.11069089605313,0.108111971082192,-0.12035348075583
Stmn2,-0.0909687167826583,-0.1514064660196,-0.166737374387425,0.187629896000483,-0.0358989933374648,-0.144681320081978,-0.15431355459375,-0.149443854522759,0.141238752476331,-0.16468489518707,1.81249932001703,-0.169624738147194,-0.148354551217132
Stmn4,-0.596211334275495,-0.632840766560457,-0.620254908774275,-0.626840924253649,-0.616195298098207,-0.604439783493052,-0.625688009091026,-0.630842640109156,-0.620313529953958,-0.61616350734117,0.951169618358288,-0.617031530428318,1.38303060025906
Strip2,-0.0966785455347889,1.49648849885472,0.428664425233981,-0.139253280526089,-0.156993866175955,-0.0937321074574803,-0.129324852816887,-0.150065228786344,-0.140387654512354,-0.148422918220547,0.154401392758675,-0.156993866175956,-0.123436396283342
Tbx2,-0.179490092658902,-0.196270420847089,-0.185909655918557,-0.0922915751973511,-0.175460652449379,0.386471518709312,-0.190444805865383,-0.183548814986103,1.84211070795635,-0.190326434957661,-0.152239771900437,-0.199032992999594,-0.163844948275224
Tek,-0.171393635893927,-0.179940436502651,-0.177914860340112,2.23879332641113,-0.124886668530868,-0.14814236928444,-0.17797043332483,-0.178528186224126,1.15151071288407,-0.182262124723783,-0.168238326594864,-0.182262124723781,-0.174316047332618
Tgfbi,-0.308492932218505,-0.308954559307416,0.137640897464508,-0.305588422527799,-0.32008438804201,0.844769340956233,2.07629343446934,0.0655598336270821,-0.0581809316690727,-0.24145541141734,-0.262870147634739,0.867523017743895,-0.214751381562348
Thbs2,0.0645679959817353,-0.0557198529672916,-0.142262747459308,-0.0594799906051641,-0.0961096863683134,1.52138416760766,-0.134619522849941,-0.109465285589313,0.121963527286625,-0.139421604720106,-0.08729195520981,-0.142262747459306,-0.116426811040887
Tie1,-0.177884317085922,-0.179253848230687,-0.168975676204706,2.09958848139492,-0.175770335341028,0.0712186561049018,-0.0499598631005524,-0.163757948186987,1.14445607127837,-0.184616378564354,-0.166085783226787,-0.187506170145155,-0.178071784350647
Tm4sf1,-0.0802507064281623,-0.0927554682899115,-0.241565803775009,1.95425202395435,2.37029689294287,1.34365865856647,-0.237329812362871,-0.242177225871804,2.18564730095506,-0.238795269421322,-0.225029291713796,-0.253347568834776,-0.235623516789623
Tmeff2,-0.475382741799392,-0.557536719866522,-0.55125862507511,-0.558017822297426,-0.546610627346612,-0.119363639309834,-0.553594020919527,-0.557368980371133,-0.547543314683441,-0.551445478669645,-0.0938812854966901,-0.56822070886389,1.64039888942569
Tmem119,-0.45060096128347,-0.451857629238367,-0.394632353621602,-0.45501857239042,-0.454566075887923,0.0280766484311066,0.393033970011921,2.0436416116335,-0.459102895908901,-0.424213923411621,-0.446528752603452,-0.417550574592972,-0.455205250317827
Tmem204,-0.160407098181844,-0.255439842796414,-0.255439842796411,2.23504551390318,-0.234241575124884,0.864367909418105,-0.248146444229723,0.176320177564099,1.86677246419352,-0.253576408829128,-0.250284351109439,-0.237879080127843,-0.247211957459717
Tmem212,-0.0582358394443212,-0.0601264079134804,-0.0585959234386794,-0.0574844661883365,2.41047163359827,-0.0424102065966831,-0.0612668446346199,-0.0557992966676731,-0.0587451921740669,-0.0627494882494573,-0.0609722694642621,-0.0627494882494569,-0.0580510271791291
Tmem72,-0.0925931609409473,1.50372023534774,-0.0956408801740313,-0.0916414335173727,-0.0729715275087569,-0.0819073305434813,-0.094890043934469,-0.0926626753464768,-0.0956408801740313,-0.0956408801740312,-0.0902407951251256,-0.0956408801740321,-0.0914108685542713
Tnfaip2,-0.226013797111922,-0.279478402761469,0.93395277218149,-0.254230863051716,-0.268213263162751,0.387581531053087,1.05647018654954,0.277062861518727,-0.265647025918242,-0.207128542399219,-0.268951822474836,1.92363920099495,-0.272593840485973
Tnfrsf18,-0.115669610510803,-0.117206130744109,0.497858519106611,-0.0701582547420323,-0.117206130744111,-0.061815524802437,-0.0922226762128572,-0.11529516350563,-0.0967592078476715,1.46156014812412,-0.117206130744109,-0.0957536214757162,-0.114007264012715
Tns2,-0.207052024555235,-0.177535331510733,-0.261545825301664,1.77145224890638,-0.0876192731343747,1.57345217909126,-0.261364035335555,-0.289813581111604,2.29719571344495,-0.265248536508705,-0.165646869060753,-0.279614040311624,0.0389580379644088
Trac,0.0645274097341556,-0.119732573606874,-0.0771884376884914,-0.121069824588002,-0.110965124411077,-0.116775096952766,-0.115452266866408,-0.120330612160285,-0.0781093774348376,1.63969906790471,-0.111844867757477,-0.122416725833933,-0.118540011598993
Traf1,-0.0874444724610243,-0.145426421423738,1.45383460805933,-0.0666207036823013,1.11375034685219,-0.103435525845585,0.0275172786751251,-0.126110697057442,-0.108225112372469,1.24840040276726,-0.139922760352814,0.136463279219774,-0.133570772356447
Trbc2,-0.114285097983803,-0.118784019553439,-0.0874773496595065,-0.121467199901338,-0.121467199901339,-0.0798566094267148,-0.116159051102008,-0.119006241854072,-0.12146719990134,1.78121060647866,-0.105105754132192,-0.12146719990134,-0.117729112633201
Trem1,-0.117619728158501,-0.117619728158499,0.226022407953071,-0.1176197281585,-0.117619728158498,-0.117619728158497,0.444218234900129,-0.0731144589721204,-0.117619728158497,-0.10354650381356,-0.1176197281585,1.7704994200214,-0.117086499450382
Tril,1.60376608614878,-0.717062180947541,-0.709121293301623,-0.11068325468018,-0.424770835930051,-0.186135168317124,-0.712126292605809,-0.728372214545095,-0.331195491112282,-0.710484547364054,-0.690369210194225,-0.718066063906325,-0.0617466153451697
Tspan2,-0.317694718277356,-0.308538172818276,-0.203994869824333,-0.196446677429574,0.368961454803684,-0.338082637386145,-0.355770935195869,-0.352727492323342,-0.174018538004689,-0.338338027286462,-0.277860105488958,-0.238291425540529,1.58789220473352
Tspo,-0.329093566036764,0.166189872490489,1.98268224198407,0.343801238964843,-0.0921518576003628,0.564734124505626,1.5511700172883,0.340178783077619,0.109673657821719,1.38679438042416,-0.362871412712343,0.497159423885827,-0.424512717506764
Ttc21a,-0.0636738346856255,0.351851417007982,-0.0741273221047629,-0.0756576091102968,2.21852553490993,-0.0783061002250624,-0.075322812865821,-0.075616722838785,-0.0742774969434612,-0.078306100225063,-0.0783061002250631,-0.0783061002250618,-0.0756799990840722
Ttr,0.0824929539079353,2.5,-0.198361201913682,0.0376875027050908,0.0805022361245964,-0.0599926419511731,-0.179184757174727,-0.0708720881591396,0.0232164395529966,-0.17110750945228,0.0489397522851666,-0.175746113365773,-0.0452049358433418
Ttyh1,2.19205664615743,-0.733281326668543,-0.781582360224778,-0.760628296518928,0.576713255167537,-0.767748592320604,-0.784601401201213,-0.777153415015336,-0.718149435098925,-0.784595277875436,-0.388656586256037,-0.783929245968996,0.217185473343341
Tubb3,-0.371878062900521,-0.448018549123305,-0.422337146537037,-0.442455034636507,-0.423611273825714,-0.344886264067056,-0.442369152459595,-0.442593249571538,-0.421645374846551,-0.421547517156647,1.75074889469825,-0.44132892799487,0.0992131046841945
Tubb4a,-0.51965106232071,-0.529426496369084,-0.617453048301243,-0.622079608441542,-0.620105338183717,-0.526433631521368,-0.628101800153535,-0.633286124050318,-0.346084292346167,-0.608219061550335,0.253857917668073,-0.628942442792282,1.47855035326462
Tyrobp,-0.517077171744613,-0.535105903885981,1.27811253080475,-0.523756461381359,-0.536895203300512,-0.522567166397355,1.93336305363876,1.74591508005096,-0.521038527234692,0.0184886100509118,-0.512573866867076,2.11208114445683,-0.530440290285619
Ugt8a,-0.658901255512239,-0.683725925305018,-0.670031024497887,-0.69175975758895,-0.675993738929112,-0.68293764896921,-0.677818447583964,-0.689611945058495,-0.672978365875713,-0.676933099654764,-0.656572813987388,-0.672540333799502,1.77892470360121
Vat1l,-0.468790656020055,2.11761974485356,-0.487378668434066,-0.497427761794403,-0.440957757887693,-0.481972112484599,-0.485209307388141,-0.497006236763847,-0.50414302609146,-0.501447552462227,-0.19429455531121,-0.467197404276307,-0.00397053834860605
Vtn,-0.0992992248295736,0.121857792891361,-0.138855994150689,0.236757297717524,-0.0535843083918264,0.948967876077121,-0.117148694101227,-0.115801702373834,2.33047348764313,-0.128737369558575,-0.0500798619527421,-0.121682983261435,-0.105782771281522
Vwa1,0.319066456359396,-0.366089649041824,-0.331152164103826,2.25539086747076,-0.356505222276864,0.337171223225465,-0.366630657714338,-0.376903000580547,0.874134990705274,-0.359395190414534,-0.2725663580309,-0.370077914841803,0.0578103575801163
Wdfy4,-0.252158919916794,-0.251316467588311,1.80377931030472,-0.25272088599451,-0.254135439378876,-0.248260415313386,0.615528637940199,0.496556190467565,-0.254135439378873,-0.10713069299447,-0.245455932295717,0.0983187765622199,-0.251675765857172
Wdr66,-0.0686278076934281,-0.0642749500603597,-0.0827800270195579,-0.0708411362937342,2.27442969196336,-0.0417835186541679,-0.0768030989848036,-0.0795471741642152,-0.0706732456429035,-0.0661169300710448,0.0282687674847506,-0.0827800270195577,-0.0722573950088898
Zap70,-0.107017027535611,-0.113153591743223,-0.0877420495220545,0.0546143584200571,0.457403961039139,-0.106240487003159,-0.0987914516671115,-0.10879243001713,-0.0355755944883435,1.57837163646046,-0.0877831685224157,-0.11315359174322,-0.108362721438545
Zbp1,-0.298357319810683,-0.324763414479282,0.820243321424657,-0.205395037478332,-0.25402233759335,0.266287892356952,1.27494655135947,0.00107508047551698,-0.266241348400171,1.05624722283759,-0.2960665582092,0.260753935935388,-0.274906499870578
Zic1,0.01206069847065,0.425238166498721,-0.187242085812364,-0.0669373570259649,0.453900501705874,1.88883109218266,-0.172369560917406,-0.18977792675347,1.93069343994135,-0.192276108095254,0.160790822355035,-0.195174144810103,-0.159418518494359
